Learning Rate,Decay,Iteration,Learning Rate at Iteration,Loss
0.0001,0.0,0,0.0001,8.700000000000001
0.0001,0.0,100,0.0001,4.568648558861182
0.0001,0.0,200,0.0001,3.302473813906585
0.0001,0.0,300,0.0001,2.5109492567268386
0.0001,0.0,400,0.0001,1.9692586984788787
0.0001,0.0,500,0.0001,1.540926468987835
0.0001,0.0,600,0.0001,1.2049712341156968
0.0001,0.0,700,0.0001,0.9745697476172097
0.0001,0.0,800,0.0001,0.8058600786687852
0.0001,0.0,900,0.0001,0.6970881233001966
0.0001,0.0,1000,0.0001,0.5939372892331259
0.0001,0.0,1100,0.0001,0.5001141512456977
0.0001,0.0,1200,0.0001,0.43392879305651655
0.0001,0.0,1300,0.0001,0.41228153553602526
0.0001,0.0,1400,0.0001,0.3545569699901835
0.0001,0.0,1500,0.0001,0.3508804700673601
0.0001,0.0,1600,0.0001,0.2898516705299391
0.0001,0.0,1700,0.0001,0.2919705768972914
0.0001,0.0,1800,0.0001,0.2664245858254287
0.0001,0.0,1900,0.0001,0.2643252228333059
0.0001,0.0,2000,0.0001,0.2603486186321934
0.0001,0.0,2100,0.0001,0.2581815231686035
0.0001,0.0,2200,0.0001,0.2531130913531876
0.0001,0.0,2300,0.0001,0.25350658944311766
0.0001,0.0,2400,0.0001,0.24870377663262572
0.0001,0.0,2500,0.0001,0.24530823110213
0.0001,0.0,2600,0.0001,0.241911801066224
0.0001,0.0,2700,0.0001,0.24734632150991806
0.0001,0.0,2800,0.0001,0.23683763075320294
0.0001,0.0,2900,0.0001,0.23375726146034218
0.0001,0.0,3000,0.0001,0.24554317809211018
0.0001,0.0,3100,0.0001,0.22941992128020575
0.0001,0.0,3200,0.0001,0.23028433996495498
0.0001,0.0,3300,0.0001,0.2237380095887328
0.0001,0.0,3400,0.0001,0.22745334709402454
0.0001,0.0,3500,0.0001,0.2224446962518986
0.0001,0.0,3600,0.0001,0.22155975462250155
0.0001,0.0,3700,0.0001,0.2218731617745262
0.0001,0.0,3800,0.0001,0.22222405044783491
0.0001,0.0,3900,0.0001,0.22155489065067538
0.0001,0.0,4000,0.0001,0.2207359330713724
0.0001,0.0,4100,0.0001,0.22158220780301222
0.0001,0.0,4200,0.0001,0.22104602610438284
0.0001,0.0,4300,0.0001,0.22058194152875188
0.0001,0.0,4400,0.0001,0.22120218453206186
0.0001,0.0,4500,0.0001,0.2203527017052403
0.0001,0.0,4600,0.0001,0.2507033659859968
0.0001,0.0,4700,0.0001,0.2202828779637333
0.0001,0.0,4800,0.0001,0.24751358169227275
0.0001,0.0,4900,0.0001,0.21912483216112125
0.0001,0.0,5000,0.0001,0.21879333778949817
0.0001,0.0,5100,0.0001,0.21969166975523852
0.0001,0.0,5200,0.0001,0.21990814363610772
0.0001,0.0,5300,0.0001,0.2183510085524853
0.0001,0.0,5400,0.0001,0.2195322565065392
0.0001,0.0,5500,0.0001,0.2187279114687639
0.0001,0.0,5600,0.0001,0.28790700231858507
0.0001,0.0,5700,0.0001,0.21923796592344913
0.0001,0.0,5800,0.0001,0.21932662510135204
0.0001,0.0,5900,0.0001,0.21947862626143758
0.0001,0.0,6000,0.0001,0.22205533797623242
0.0001,0.0,6100,0.0001,0.21857185908613158
0.0001,0.0,6200,0.0001,0.23730732377709196
0.0001,0.0,6300,0.0001,0.21834931835681898
0.0001,0.0,6400,0.0001,0.21812495875914767
0.0001,0.0,6500,0.0001,0.21895894557525378
0.0001,0.0,6600,0.0001,0.21849639546571153
0.0001,0.0,6700,0.0001,0.21881071863100798
0.0001,0.0,6800,0.0001,0.21802466155973882
0.0001,0.0,6900,0.0001,0.21809070277220544
0.0001,0.0,7000,0.0001,0.21812626597221046
0.0001,0.0,7100,0.0001,0.2189402581377698
0.0001,0.0,7200,0.0001,0.21812171990208715
0.0001,0.0,7300,0.0001,0.21752830285421335
0.0001,0.0,7400,0.0001,0.2182319712426517
0.0001,0.0,7500,0.0001,0.2191317227340385
0.0001,0.0,7600,0.0001,0.21736481005509156
0.0001,0.0,7700,0.0001,0.21732150608635264
0.0001,0.0,7800,0.0001,0.21792557623862474
0.0001,0.0,7900,0.0001,0.21802789148097
0.0001,0.0,8000,0.0001,0.21745039936680316
0.0001,0.0,8100,0.0001,0.21763274058953536
0.0001,0.0,8200,0.0001,0.21807916360004523
0.0001,0.0,8300,0.0001,0.2199503791999219
0.0001,0.0,8400,0.0001,0.3133286172385364
0.0001,0.0,8500,0.0001,0.2173728804182002
0.0001,0.0,8600,0.0001,0.21867192732880808
0.0001,0.0,8700,0.0001,0.21713488411921178
0.0001,0.0,8800,0.0001,0.21686912210319378
0.0001,0.0,8900,0.0001,0.21692705743247032
0.0001,0.0,9000,0.0001,0.21887355994049157
0.0001,0.0,9100,0.0001,0.21752651518841382
0.0001,0.0,9200,0.0001,0.217151880643022
0.0001,0.0,9300,0.0001,0.2165360719192592
0.0001,0.0,9400,0.0001,0.21685462353781318
0.0001,0.0,9500,0.0001,0.21741221430541155
0.0001,0.0,9600,0.0001,0.21784257424338396
0.0001,0.0,9700,0.0001,0.21702675372012004
0.0001,0.0,9800,0.0001,0.21890125752117265
0.0001,0.0,9900,0.0001,0.21682427164090057
0.0001,0.0,10000,0.0001,0.21749294908328484
0.0001,0.0,10100,0.0001,0.2204476542148552
0.0001,0.0,10200,0.0001,0.2168872896525372
0.0001,0.0,10300,0.0001,0.21747609230356627
0.0001,0.0,10400,0.0001,0.21849260050841288
0.0001,0.0,10500,0.0001,0.21714816857356417
0.0001,0.0,10600,0.0001,0.2173067616881306
0.0001,0.0,10700,0.0001,0.22435372807943854
0.0001,0.0,10800,0.0001,0.22019092144549862
0.0001,0.0,10900,0.0001,0.2167404449792554
0.0001,0.0,11000,0.0001,0.2168360159776707
0.0001,0.0,11100,0.0001,0.2182901809005509
0.0001,0.0,11200,0.0001,0.21730034000992784
0.0001,0.0,11300,0.0001,0.21821134625732766
0.0001,0.0,11400,0.0001,0.21726040047004108
0.0001,0.0,11500,0.0001,0.21637705313574387
0.0001,0.0,11600,0.0001,0.21893759675546604
0.0001,0.0,11700,0.0001,0.2712203283913283
0.0001,0.0,11800,0.0001,0.27485176182615756
0.0001,0.0,11900,0.0001,0.21630190891335388
0.0001,0.0,12000,0.0001,0.21901424962997343
0.0001,0.0,12100,0.0001,0.21648292752843387
0.0001,0.0,12200,0.0001,0.2595188069630822
0.0001,0.0,12300,0.0001,0.24634640084363052
0.0001,0.0,12400,0.0001,0.21726353763352646
0.0001,0.0,12500,0.0001,0.21695357467513543
0.0001,0.0,12600,0.0001,0.2175764819307343
0.0001,0.0,12700,0.0001,0.21740105109978947
0.0001,0.0,12800,0.0001,0.21940939190164022
0.0001,0.0,12900,0.0001,0.21645538495955427
0.0001,0.0,13000,0.0001,0.21606500602991463
0.0001,0.0,13100,0.0001,0.21944457381046972
0.0001,0.0,13200,0.0001,0.216459595061876
0.0001,0.0,13300,0.0001,0.21835328427975798
0.0001,0.0,13400,0.0001,0.21644377691274108
0.0001,0.0,13500,0.0001,0.2263980574979469
0.0001,0.0,13600,0.0001,0.2178460486341847
0.0001,0.0,13700,0.0001,0.25969457972322874
0.0001,0.0,13800,0.0001,0.21872622630586055
0.0001,0.0,13900,0.0001,0.2172504039807875
0.0001,0.0,14000,0.0001,0.2165141470471355
0.0001,0.0,14100,0.0001,0.2268649144516824
0.0001,0.0,14200,0.0001,0.21831726157630799
0.0001,0.0,14300,0.0001,0.22188146192092312
0.0001,0.0,14400,0.0001,0.24163829771052175
0.0001,0.0,14500,0.0001,0.21640193185693068
0.0001,0.0,14600,0.0001,0.21896137702086071
0.0001,0.0,14700,0.0001,0.2265493201199022
0.0001,0.0,14800,0.0001,0.21717602089527852
0.0001,0.0,14900,0.0001,0.21827281951130723
0.0001,0.0,15000,0.0001,0.21631370516512033
0.0001,0.0,15100,0.0001,0.22020206955821384
0.0001,0.0,15200,0.0001,0.21653421532276532
0.0001,0.0,15300,0.0001,0.21572906530025135
0.0001,0.0,15400,0.0001,0.23764489481429582
0.0001,0.0,15500,0.0001,0.21608264368000984
0.0001,0.0,15600,0.0001,0.2545851181510081
0.0001,0.0,15700,0.0001,0.21642809821319003
0.0001,0.0,15800,0.0001,0.21578320094411285
0.0001,0.0,15900,0.0001,0.2175733472539403
0.0001,0.0,16000,0.0001,0.2161396841362519
0.0001,0.0,16100,0.0001,0.2196344626487579
0.0001,0.0,16200,0.0001,0.22781413842568685
0.0001,0.0,16300,0.0001,0.21570065412204575
0.0001,0.0,16400,0.0001,0.2169330774036061
0.0001,0.0,16500,0.0001,0.21751059252851115
0.0001,0.0,16600,0.0001,0.2158194775287106
0.0001,0.0,16700,0.0001,0.21578803772740188
0.0001,0.0,16800,0.0001,0.216422288070657
0.0001,0.0,16900,0.0001,0.2293005638467582
0.0001,0.0,17000,0.0001,0.3320270241410713
0.0001,0.0,17100,0.0001,0.22802080062804647
0.0001,0.0,17200,0.0001,0.22101819594664487
0.0001,0.0,17300,0.0001,0.21707524000038128
0.0001,0.0,17400,0.0001,0.2177584776595148
0.0001,0.0,17500,0.0001,0.2168746192605065
0.0001,0.0,17600,0.0001,0.21708676012019706
0.0001,0.0,17700,0.0001,0.21615400796101442
0.0001,0.0,17800,0.0001,0.2170002368744595
0.0001,0.0,17900,0.0001,0.2317054057676227
0.0001,0.0,18000,0.0001,0.21691069162755822
0.0001,0.0,18100,0.0001,0.21679647803353116
0.0001,0.0,18200,0.0001,0.25033009304492027
0.0001,0.0,18300,0.0001,0.21641873061481004
0.0001,0.0,18400,0.0001,0.22184937793126003
0.0001,0.0,18500,0.0001,0.2172070233595209
0.0001,0.0,18600,0.0001,0.21633617121666038
0.0001,0.0,18700,0.0001,0.21768513433107958
0.0001,0.0,18800,0.0001,0.21556826332388768
0.0001,0.0,18900,0.0001,0.2166864431283071
0.0001,0.0,19000,0.0001,0.21564755358082047
0.0001,0.0,19100,0.0001,0.2160893826686573
0.0001,0.0,19200,0.0001,0.2159891682682497
0.0001,0.0,19300,0.0001,0.2157484431405255
0.0001,0.0,19400,0.0001,0.21609332883981772
0.0001,0.0,19500,0.0001,0.24658034471469653
0.0001,0.0,19600,0.0001,0.21643167920634476
0.0001,0.0,19700,0.0001,0.32119720256899775
0.0001,0.0,19800,0.0001,0.2163232740401408
0.0001,0.0,19900,0.0001,0.21721674788188605
0.0001,0.0,20000,0.0001,0.21702400357418222
0.0001,0.0,20100,0.0001,0.21638751780867183
0.0001,0.0,20200,0.0001,0.2212235222579838
0.0001,0.0,20300,0.0001,0.21675294566601122
0.0001,0.0,20400,0.0001,0.2176695344477661
0.0001,0.0,20500,0.0001,0.22213875729136534
0.0001,0.0,20600,0.0001,0.2162379652280064
0.0001,0.0,20700,0.0001,0.2163466574413031
0.0001,0.0,20800,0.0001,0.21780469198972857
0.0001,0.0,20900,0.0001,0.2163866317824647
0.0001,0.0,21000,0.0001,0.21607491739725637
0.0001,0.0,21100,0.0001,0.21715159166574097
0.0001,0.0,21200,0.0001,0.22207104999476582
0.0001,0.0,21300,0.0001,0.21655977162029313
0.0001,0.0,21400,0.0001,0.22563194240481524
0.0001,0.0,21500,0.0001,0.21621532139566008
0.0001,0.0,21600,0.0001,0.2162211578678604
0.0001,0.0,21700,0.0001,0.2160962188501846
0.0001,0.0,21800,0.0001,0.21538346848791
0.0001,0.0,21900,0.0001,0.2165410167868995
0.0001,0.0,22000,0.0001,0.2162810349330974
0.0001,0.0,22100,0.0001,0.21638632639814848
0.0001,0.0,22200,0.0001,0.21565343080070656
0.0001,0.0,22300,0.0001,0.21610840548551655
0.0001,0.0,22400,0.0001,0.2303515441012687
0.0001,0.0,22500,0.0001,0.2156159366892656
0.0001,0.0,22600,0.0001,0.323505529653652
0.0001,0.0,22700,0.0001,0.28557247860857343
0.0001,0.0,22800,0.0001,0.21648900208493552
0.0001,0.0,22900,0.0001,0.2158116181214748
0.0001,0.0,23000,0.0001,0.21644466855271227
0.0001,0.0,23100,0.0001,0.21550288282542185
0.0001,0.0,23200,0.0001,0.2155554758189332
0.0001,0.0,23300,0.0001,0.21809508269605904
0.0001,0.0,23400,0.0001,0.2153408450629083
0.0001,0.0,23500,0.0001,0.21680390240581765
0.0001,0.0,23600,0.0001,0.21621715503187178
0.0001,0.0,23700,0.0001,0.22043865468706766
0.0001,0.0,23800,0.0001,0.21596599027078722
0.0001,0.0,23900,0.0001,0.2357543400322691
0.0001,0.0,24000,0.0001,0.21597221011466267
0.0001,0.0,24100,0.0001,0.217192336345865
0.0001,0.0,24200,0.0001,0.2163913388666934
0.0001,0.0,24300,0.0001,0.21647196240108954
0.0001,0.0,24400,0.0001,0.21559934169687034
0.0001,0.0,24500,0.0001,0.21696005481246317
0.0001,0.0,24600,0.0001,0.2157261577921298
0.0001,0.0,24700,0.0001,0.21594556207358917
0.0001,0.0,24800,0.0001,0.2154642454785851
0.0001,0.0,24900,0.0001,0.2157841090426001
0.0001,0.0,25000,0.0001,0.2155425604215746
0.0001,0.0,25100,0.0001,0.21710109062717536
0.0001,0.0,25200,0.0001,0.21628170447245848
0.0001,0.0,25300,0.0001,0.2158563193269007
0.0001,0.0,25400,0.0001,0.21504586434280543
0.0001,0.0,25500,0.0001,0.21731893932954277
0.0001,0.0,25600,0.0001,0.21507052513603092
0.0001,0.0,25700,0.0001,0.21702157954343895
0.0001,0.0,25800,0.0001,0.21908819349379263
0.0001,0.0,25900,0.0001,0.21586976145527334
0.0001,0.0,26000,0.0001,0.21674850957928865
0.0001,0.0,26100,0.0001,0.21574231701009272
0.0001,0.0,26200,0.0001,0.21923125855060643
0.0001,0.0,26300,0.0001,0.21673556506071048
0.0001,0.0,26400,0.0001,0.21605101745813682
0.0001,0.0,26500,0.0001,0.2159718935256374
0.0001,0.0,26600,0.0001,0.21511513739813576
0.0001,0.0,26700,0.0001,0.21556227033308117
0.0001,0.0,26800,0.0001,0.21538824326088218
0.0001,0.0,26900,0.0001,0.21807520004695957
0.0001,0.0,27000,0.0001,0.22416455810933011
0.0001,0.0,27100,0.0001,0.3008673034779553
0.0001,0.0,27200,0.0001,0.21588454803604004
0.0001,0.0,27300,0.0001,0.21633745740055688
0.0001,0.0,27400,0.0001,0.2996705094727726
0.0001,0.0,27500,0.0001,0.22026067642256436
0.0001,0.0,27600,0.0001,0.2159799564640483
0.0001,0.0,27700,0.0001,0.21582789331209357
0.0001,0.0,27800,0.0001,0.21553256429571754
0.0001,0.0,27900,0.0001,0.21638529055420633
0.0001,0.0,28000,0.0001,0.21611265764452345
0.0001,0.0,28100,0.0001,0.21742499630921902
0.0001,0.0,28200,0.0001,0.21610961775171036
0.0001,0.0,28300,0.0001,0.21564991914355147
0.0001,0.0,28400,0.0001,0.2162336792167794
0.0001,0.0,28500,0.0001,0.23995290279309855
0.0001,0.0,28600,0.0001,0.2175059985262152
0.0001,0.0,28700,0.0001,0.21593569815672864
0.0001,0.0,28800,0.0001,0.21612882487403895
0.0001,0.0,28900,0.0001,0.21533830830583797
0.0001,0.0,29000,0.0001,0.21645210872512147
0.0001,0.0,29100,0.0001,0.21687120900649764
0.0001,0.0,29200,0.0001,0.26199232517774657
0.0001,0.0,29300,0.0001,0.21674571163812092
0.0001,0.0,29400,0.0001,0.2225854286404491
0.0001,0.0,29500,0.0001,0.21714552072189683
0.0001,0.0,29600,0.0001,0.2178553273469288
0.0001,0.0,29700,0.0001,0.2157739860502692
0.0001,0.0,29800,0.0001,0.21887488896629798
0.0001,0.0,29900,0.0001,0.22512874339002376
0.0001,0.0,30000,0.0001,0.2158498439984773
0.0001,0.0,30100,0.0001,0.21626040593631693
0.0001,0.0,30200,0.0001,0.21587001827472138
0.0001,0.0,30300,0.0001,0.21714682808902633
0.0001,0.0,30400,0.0001,0.21636807055541
0.0001,0.0,30500,0.0001,0.21597142325423602
0.0001,0.0,30600,0.0001,0.21502018950114124
0.0001,0.0,30700,0.0001,0.21590561479112313
0.0001,0.0,30800,0.0001,0.21654050483019047
0.0001,0.0,30900,0.0001,0.2178510492152982
0.0001,0.0,31000,0.0001,0.21619020722806914
0.0001,0.0,31100,0.0001,0.21588351238312214
0.0001,0.0,31200,0.0001,0.22030229133888996
0.0001,0.0,31300,0.0001,0.21592211560874114
0.0001,0.0,31400,0.0001,0.2162355878987194
0.0001,0.0,31500,0.0001,0.3064075920296895
0.0001,0.0,31600,0.0001,0.21576504423395623
0.0001,0.0,31700,0.0001,0.21564699100410767
0.0001,0.0,31800,0.0001,0.21561022037535224
0.0001,0.0,31900,0.0001,0.21564503361454557
0.0001,0.0,32000,0.0001,0.21650900383900357
0.0001,0.0,32100,0.0001,0.21559527881020302
0.0001,0.0,32200,0.0001,0.21600639754899217
0.0001,0.0,32300,0.0001,0.21775477712196836
0.0001,0.0,32400,0.0001,0.21877716062980201
0.0001,0.0,32500,0.0001,0.2196200015163777
0.0001,0.0,32600,0.0001,0.2148029384803426
0.0001,0.0,32609,0.0001,0.21442059697016294
0.0001,0.0,32700,0.0001,0.28001091334014777
0.0001,0.0,32800,0.0001,0.2631005862686644
0.0001,0.0,32900,0.0001,0.21605620435542142
0.0001,0.0,33000,0.0001,0.22724500774490933
0.0001,0.0,33100,0.0001,0.2156222443659646
0.0001,0.0,33200,0.0001,0.24666007315348293
0.0001,0.0,33300,0.0001,0.2178714925711513
0.0001,0.0,33400,0.0001,0.21769998920838685
0.0001,0.0,33500,0.0001,0.21605588591606542
0.0001,0.0,33600,0.0001,0.21677850013952527
0.0001,0.0,33700,0.0001,0.2178072530503052
0.0001,0.0,33800,0.0001,0.21647415142715834
0.0001,0.0,33900,0.0001,0.21636757464333162
0.0001,0.0,34000,0.0001,0.21660309738761202
0.0001,0.0,34100,0.0001,0.2166989318941283
0.0001,0.0,34200,0.0001,0.22911077784828188
0.0001,0.0,34300,0.0001,0.21559716748309135
0.0001,0.0,34400,0.0001,0.2161326226160562
0.0001,0.0,34500,0.0001,0.21561404653600744
0.0001,0.0,34600,0.0001,0.21572908425476736
0.0001,0.0,34700,0.0001,0.21596341912716951
0.0001,0.0,34800,0.0001,0.2217750744140315
0.0001,0.0,34900,0.0001,0.21572984777000245
0.0001,0.0,35000,0.0001,0.21618160242924261
0.0001,0.0,35100,0.0001,0.215413655305213
0.0001,0.0,35200,0.0001,0.21610406752297326
0.0001,0.0,35300,0.0001,0.21619591595165744
0.0001,0.0,35400,0.0001,0.21595950463787406
0.0001,0.0,35500,0.0001,0.22005134617748118
0.0001,0.0,35600,0.0001,0.21671028990637653
0.0001,0.0,35700,0.0001,0.21579174855433325
0.0001,0.0,35800,0.0001,0.21583373098641156
0.0001,0.0,35900,0.0001,0.2154633278539088
0.0001,0.0,36000,0.0001,0.21682209367793848
0.0001,0.0,36100,0.0001,0.21555603916041513
0.0001,0.0,36200,0.0001,0.21644907925942766
0.0001,0.0,36300,0.0001,0.21650978856757747
0.0001,0.0,36400,0.0001,0.2159926385591083
0.0001,0.0,36500,0.0001,0.22344171891539333
0.0001,0.0,36600,0.0001,0.21655533313784728
0.0001,0.0,36700,0.0001,0.21581501956678584
0.0001,0.0,36800,0.0001,0.21511322034225888
0.0001,0.0,36900,0.0001,0.2163408590781879
0.0001,0.0,37000,0.0001,0.21518795756005554
0.0001,0.0,37100,0.0001,0.21615814636937844
0.0001,0.0,37200,0.0001,0.21583761186817974
0.0001,0.0,37300,0.0001,0.2161066467355813
0.0001,0.0,37400,0.0001,0.21637789440882566
0.0001,0.0,37500,0.0001,0.21946369397373697
0.0001,0.0,37600,0.0001,0.2155698836741589
0.0001,0.0,37700,0.0001,0.253368480265713
0.0001,0.0,37800,0.0001,0.21588692373484564
0.0001,0.0,37900,0.0001,0.2150442362387958
0.0001,0.0,38000,0.0001,0.2171481890278246
0.0001,0.0,38100,0.0001,0.23181008450421203
0.0001,0.0,38200,0.0001,0.21812872442829015
0.0001,0.0,38300,0.0001,0.2150945561126727
0.0001,0.0,38400,0.0001,0.2239392634336037
0.0001,0.0,38500,0.0001,0.21563510175368789
0.0001,0.0,38600,0.0001,0.21606920340431057
0.0001,0.0,38700,0.0001,0.21659887692411653
0.0001,0.0,38800,0.0001,0.21661336284674684
0.0001,0.0,38900,0.0001,0.21531463227260642
0.0001,0.0,39000,0.0001,0.21589460292668972
0.0001,0.0,39100,0.0001,0.2164047743718794
0.0001,0.0,39200,0.0001,0.21803596417886842
0.0001,0.0,39300,0.0001,0.21608475233423047
0.0001,0.0,39400,0.0001,0.21588359265581092
0.0001,0.0,39500,0.0001,0.21615942294562018
0.0001,0.0,39600,0.0001,0.21603956240804706
0.0001,0.0,39700,0.0001,0.2459086257811538
0.0001,0.0,39800,0.0001,0.21639678598774337
0.0001,0.0,39900,0.0001,0.21564276105638677
0.0001,0.0,40000,0.0001,0.21574061958361157
0.0001,0.0,40100,0.0001,0.21665787019889352
0.0001,0.0,40200,0.0001,0.2163310923898366
0.0001,0.0,40300,0.0001,0.2157396186013381
0.0001,0.0,40400,0.0001,0.21684371564871477
0.0001,0.0,40500,0.0001,0.22045951336273395
0.0001,0.0,40600,0.0001,0.2154248509872727
0.0001,0.0,40700,0.0001,0.21654049835376715
0.0001,0.0,40800,0.0001,0.21628732424117533
0.0001,0.0,40900,0.0001,0.21610906019780707
0.0001,0.0,41000,0.0001,0.21623546322342255
0.0001,0.0,41100,0.0001,0.21783461762784204
0.0001,0.0,41200,0.0001,0.21651100111243787
0.0001,0.0,41300,0.0001,0.21743754417833125
0.0001,0.0,41400,0.0001,0.21540772097791905
0.0001,0.0,41500,0.0001,0.21609567649863448
0.0001,0.0,41600,0.0001,0.24099392592044197
0.0001,0.0,41700,0.0001,0.21727408713532906
0.0001,0.0,41800,0.0001,0.2237352486463356
0.0001,0.0,41900,0.0001,0.2524591875758206
0.0001,0.0,42000,0.0001,0.21724733004675512
0.0001,0.0,42100,0.0001,0.2160827459291968
0.0001,0.0,42200,0.0001,0.22623210643140218
0.0001,0.0,42300,0.0001,0.2178407950139163
0.0001,0.0,42400,0.0001,0.21597391072551392
0.0001,0.0,42500,0.0001,0.28026493038506606
0.0001,0.0,42600,0.0001,0.21571249445691257
0.0001,0.0,42700,0.0001,0.21949207746293647
0.0001,0.0,42800,0.0001,0.21756412325860183
0.0001,0.0,42900,0.0001,0.22695371897421363
0.0001,0.0,43000,0.0001,0.21617212010153586
0.0001,0.0,43100,0.0001,0.21607394101967325
0.0001,0.0,43200,0.0001,0.2155270952718572
0.0001,0.0,43300,0.0001,0.289807274873121
0.0001,0.0,43400,0.0001,0.21567407190621532
0.0001,0.0,43500,0.0001,0.21539935187848724
0.0001,0.0,43600,0.0001,0.2159796338283623
0.0001,0.0,43700,0.0001,0.2397356075596145
0.0001,0.0,43800,0.0001,0.28022698937565854
0.0001,0.0,43900,0.0001,0.2242604260663443
0.0001,0.0,44000,0.0001,0.22241876369908528
0.0001,0.0,44100,0.0001,0.21608952567494566
0.0001,0.0,44200,0.0001,0.215494762480725
0.0001,0.0,44300,0.0001,0.29007452133401146
0.0001,0.0,44400,0.0001,0.21634890089327374
0.0001,0.0,44500,0.0001,0.22899967164647633
0.0001,0.0,44600,0.0001,0.21674206840903226
0.0001,0.0,44700,0.0001,0.21911465355311283
0.0001,0.0,44800,0.0001,0.21523965090361205
0.0001,0.0,44900,0.0001,0.21610909580565812
0.0001,0.0,45000,0.0001,0.2165014340038047
0.0001,0.0,45100,0.0001,0.21567802169927872
0.0001,0.0,45200,0.0001,0.21795949877226553
0.0001,0.0,45300,0.0001,0.21553699537602705
0.0001,0.0,45400,0.0001,0.3334498026230355
0.0001,0.0,45500,0.0001,0.21535700963481613
0.0001,0.0,45600,0.0001,0.21626003760928642
0.0001,0.0,45700,0.0001,0.21703561587011533
0.0001,0.0,45800,0.0001,0.21602952474616316
0.0001,0.0,45900,0.0001,0.2330032028333897
0.0001,0.0,46000,0.0001,0.21641187090371544
0.0001,0.0,46100,0.0001,0.2155971867849616
0.0001,0.0,46200,0.0001,0.21552923318686695
0.0001,0.0,46300,0.0001,0.21574665072323965
0.0001,0.0,46400,0.0001,0.21925293126602033
0.0001,0.0,46500,0.0001,0.2198531866882181
0.0001,0.0,46600,0.0001,0.21663124431309086
0.0001,0.0,46700,0.0001,0.2244754063562499
0.0001,0.0,46800,0.0001,0.2182571202516883
0.0001,0.0,46900,0.0001,0.21674391410145158
0.0001,0.0,47000,0.0001,0.21639143058013394
0.0001,0.0,47100,0.0001,0.21623013684005538
0.0001,0.0,47200,0.0001,0.21680418935991647
0.0001,0.0,47300,0.0001,0.21640725568506364
0.0001,0.0,47400,0.0001,0.21650335037570562
0.0001,0.0,47500,0.0001,0.21543024761336038
0.0001,0.0,47600,0.0001,0.24902410318910848
0.0001,0.0,47700,0.0001,0.21601980783736474
0.0001,0.0,47800,0.0001,0.21635780095395912
0.0001,0.0,47900,0.0001,0.21560457479114412
0.0001,0.0,48000,0.0001,0.21581539690950774
0.0001,0.0,48100,0.0001,0.25222080417809795
0.0001,0.0,48200,0.0001,0.21664229137313287
0.0001,0.0,48300,0.0001,0.21640040780238246
0.0001,0.0,48400,0.0001,0.31319524663689874
0.0001,0.0,48500,0.0001,0.22911963133332386
0.0001,0.0,48600,0.0001,0.21615053312946841
0.0001,0.0,48700,0.0001,0.2185068861175838
0.0001,0.0,48800,0.0001,0.21658696790690787
0.0001,0.0,48900,0.0001,0.2160965588206217
0.0001,0.0,49000,0.0001,0.21539063971498973
0.0001,0.0,49100,0.0001,0.2187576689726381
0.0001,0.0,49200,0.0001,0.21582526461337972
0.0001,0.0,49300,0.0001,0.2222881451536452
0.0001,0.0,49400,0.0001,0.21524553684716208
0.0001,0.0,49500,0.0001,0.21635045391792515
0.0001,0.0,49600,0.0001,0.21651881312828475
0.0001,0.0,49700,0.0001,0.21569505797637364
0.0001,0.0,49800,0.0001,0.21591651258073902
0.0001,0.0,49900,0.0001,0.21660766944945126
0.0001,0.0,49999,0.0001,0.21790095512118143
0.0001,0.0001,0,0.0001,8.700000000000001
0.0001,0.0001,100,9.900990099009902e-05,4.579672883597294
0.0001,0.0001,200,9.803921568627452e-05,3.3173570088219377
0.0001,0.0001,300,9.70873786407767e-05,2.5442898603418955
0.0001,0.0001,400,9.615384615384615e-05,2.008414733485982
0.0001,0.0001,500,9.523809523809524e-05,1.6108244824880296
0.0001,0.0001,600,9.433962264150943e-05,1.2593375329655352
0.0001,0.0001,700,9.345794392523364e-05,1.019628944431578
0.0001,0.0001,800,9.259259259259259e-05,0.8815133390490886
0.0001,0.0001,900,9.174311926605505e-05,0.7439297255489394
0.0001,0.0001,1000,9.09090909090909e-05,0.6401407750933906
0.0001,0.0001,1100,9.009009009009009e-05,0.5444742638102417
0.0001,0.0001,1200,8.928571428571429e-05,0.4764128186787845
0.0001,0.0001,1300,8.849557522123895e-05,0.42210857839962773
0.0001,0.0001,1400,8.771929824561403e-05,0.3979405674770874
0.0001,0.0001,1500,8.695652173913044e-05,0.34935786370152766
0.0001,0.0001,1600,8.620689655172414e-05,0.32214990120143483
0.0001,0.0001,1700,8.547008547008548e-05,0.3015625512026916
0.0001,0.0001,1800,8.474576271186441e-05,0.27567858342743384
0.0001,0.0001,1900,8.403361344537815e-05,0.2937697098437554
0.0001,0.0001,2000,8.333333333333334e-05,0.26410412267211114
0.0001,0.0001,2100,8.264462809917356e-05,0.2631047137585541
0.0001,0.0001,2200,8.19672131147541e-05,0.2598992635476371
0.0001,0.0001,2300,8.130081300813008e-05,0.2564760244505696
0.0001,0.0001,2400,8.064516129032258e-05,0.25425645011943476
0.0001,0.0001,2500,8e-05,0.25359602563002126
0.0001,0.0001,2600,7.936507936507937e-05,0.24884606947094146
0.0001,0.0001,2700,7.874015748031496e-05,0.24710955054741637
0.0001,0.0001,2800,7.8125e-05,0.24466198509425954
0.0001,0.0001,2900,7.751937984496124e-05,0.24199425974776512
0.0001,0.0001,3000,7.692307692307693e-05,0.2416193247002596
0.0001,0.0001,3100,7.633587786259542e-05,0.23743855778074338
0.0001,0.0001,3200,7.575757575757576e-05,0.23771779545984317
0.0001,0.0001,3300,7.518796992481203e-05,0.23402736526292456
0.0001,0.0001,3400,7.462686567164179e-05,0.24963272547788065
0.0001,0.0001,3500,7.407407407407407e-05,0.2347923373997275
0.0001,0.0001,3600,7.352941176470588e-05,0.22871699632257733
0.0001,0.0001,3700,7.2992700729927e-05,0.2278981847058497
0.0001,0.0001,3800,7.246376811594204e-05,0.2256047731825364
0.0001,0.0001,3900,7.194244604316547e-05,0.22220964401897275
0.0001,0.0001,4000,7.142857142857143e-05,0.22141697422644532
0.0001,0.0001,4100,7.092198581560284e-05,0.22101211080538802
0.0001,0.0001,4200,7.042253521126761e-05,0.2325708248704198
0.0001,0.0001,4300,6.993006993006993e-05,0.2210955598039167
0.0001,0.0001,4400,6.944444444444444e-05,0.2206920323144293
0.0001,0.0001,4500,6.896551724137931e-05,0.22181136458124648
0.0001,0.0001,4600,6.849315068493152e-05,0.22284246238217442
0.0001,0.0001,4700,6.802721088435374e-05,0.22143519246732762
0.0001,0.0001,4800,6.756756756756757e-05,0.21940225453183648
0.0001,0.0001,4900,6.711409395973155e-05,0.2254653366229375
0.0001,0.0001,5000,6.666666666666667e-05,0.21919425980855486
0.0001,0.0001,5100,6.622516556291391e-05,0.21874741947027448
0.0001,0.0001,5200,6.578947368421052e-05,0.21827412059920542
0.0001,0.0001,5300,6.535947712418301e-05,0.21835373340775038
0.0001,0.0001,5400,6.493506493506494e-05,0.2743920124714918
0.0001,0.0001,5500,6.451612903225807e-05,0.2198059485851272
0.0001,0.0001,5600,6.41025641025641e-05,0.22144684585639732
0.0001,0.0001,5700,6.369426751592356e-05,0.21828261504031987
0.0001,0.0001,5800,6.329113924050633e-05,0.21929921266993269
0.0001,0.0001,5900,6.289308176100629e-05,0.21805553758525653
0.0001,0.0001,6000,6.25e-05,0.22014346189199205
0.0001,0.0001,6100,6.211180124223603e-05,0.21735638287659298
0.0001,0.0001,6200,6.17283950617284e-05,0.21794922154422114
0.0001,0.0001,6300,6.134969325153375e-05,0.21743324028520883
0.0001,0.0001,6400,6.097560975609756e-05,0.21709485191855393
0.0001,0.0001,6500,6.060606060606061e-05,0.21761480626573643
0.0001,0.0001,6600,6.0240963855421684e-05,0.2179818079716375
0.0001,0.0001,6700,5.988023952095809e-05,0.21689143716706294
0.0001,0.0001,6800,5.9523809523809524e-05,0.21719620191832034
0.0001,0.0001,6900,5.91715976331361e-05,0.21668031263457457
0.0001,0.0001,7000,5.88235294117647e-05,0.21703306135935208
0.0001,0.0001,7100,5.847953216374269e-05,0.2168524173725774
0.0001,0.0001,7200,5.813953488372093e-05,0.2167976300025234
0.0001,0.0001,7300,5.780346820809249e-05,0.21629536229190577
0.0001,0.0001,7400,5.7471264367816097e-05,0.21630124046207957
0.0001,0.0001,7500,5.714285714285715e-05,0.21625668287455782
0.0001,0.0001,7600,5.681818181818182e-05,0.2164282092043778
0.0001,0.0001,7700,5.649717514124294e-05,0.216157835308183
0.0001,0.0001,7800,5.617977528089888e-05,0.21671637530548263
0.0001,0.0001,7900,5.58659217877095e-05,0.21612826732103768
0.0001,0.0001,8000,5.555555555555556e-05,0.22019011411101538
0.0001,0.0001,8100,5.524861878453039e-05,0.2163518638049053
0.0001,0.0001,8200,5.4945054945054945e-05,0.21680609284106392
0.0001,0.0001,8300,5.46448087431694e-05,0.21601123460442684
0.0001,0.0001,8400,5.4347826086956524e-05,0.21948383813220818
0.0001,0.0001,8500,5.4054054054054054e-05,0.21560850915147395
0.0001,0.0001,8600,5.376344086021506e-05,0.21632019094938643
0.0001,0.0001,8700,5.3475935828877e-05,0.2157099945827371
0.0001,0.0001,8800,5.3191489361702134e-05,0.21561368399063413
0.0001,0.0001,8900,5.291005291005291e-05,0.24126080394552352
0.0001,0.0001,9000,5.2631578947368424e-05,0.21548701934074205
0.0001,0.0001,9100,5.2356020942408376e-05,0.21548270676873682
0.0001,0.0001,9200,5.208333333333334e-05,0.2149256162224014
0.0001,0.0001,9300,5.1813471502590674e-05,0.21564648278203716
0.0001,0.0001,9400,5.154639175257732e-05,0.2185614642442521
0.0001,0.0001,9500,5.128205128205128e-05,0.21529698143094805
0.0001,0.0001,9600,5.102040816326531e-05,0.21536246028980222
0.0001,0.0001,9700,5.076142131979695e-05,0.21500701598392735
0.0001,0.0001,9800,5.0505050505050505e-05,0.21514208942153407
0.0001,0.0001,9900,5.025125628140703e-05,0.21576991042603172
0.0001,0.0001,10000,5e-05,0.21548916118893913
0.0001,0.0001,10100,4.975124378109453e-05,0.21451443724146124
0.0001,0.0001,10200,4.950495049504951e-05,0.21519007816834698
0.0001,0.0001,10300,4.926108374384236e-05,0.21468018218524987
0.0001,0.0001,10400,4.901960784313726e-05,0.21460035204483324
0.0001,0.0001,10500,4.878048780487806e-05,0.21460327267301751
0.0001,0.0001,10600,4.854368932038835e-05,0.2148868045079148
0.0001,0.0001,10700,4.830917874396135e-05,0.2142297948850505
0.0001,0.0001,10800,4.807692307692308e-05,0.21453766374076935
0.0001,0.0001,10900,4.784688995215312e-05,0.21443239780230275
0.0001,0.0001,11000,4.761904761904762e-05,0.2147178026395151
0.0001,0.0001,11100,4.7393364928909945e-05,0.21420066949012
0.0001,0.0001,11200,4.7169811320754715e-05,0.21451725845024788
0.0001,0.0001,11300,4.6948356807511744e-05,0.21431513180265005
0.0001,0.0001,11400,4.672897196261682e-05,0.21427683386148172
0.0001,0.0001,11500,4.651162790697674e-05,0.21427460446902205
0.0001,0.0001,11600,4.6296296296296294e-05,0.22197759781884535
0.0001,0.0001,11700,4.608294930875577e-05,0.21511894743636445
0.0001,0.0001,11800,4.587155963302752e-05,0.21837271524634688
0.0001,0.0001,11900,4.5662100456621006e-05,0.2146303718345051
0.0001,0.0001,12000,4.545454545454545e-05,0.21439597908015412
0.0001,0.0001,12100,4.524886877828055e-05,0.21442299225310005
0.0001,0.0001,12200,4.504504504504505e-05,0.21461366064188026
0.0001,0.0001,12300,4.4843049327354265e-05,0.21410635451378146
0.0001,0.0001,12400,4.464285714285714e-05,0.21420527380480703
0.0001,0.0001,12500,4.4444444444444447e-05,0.2139119895065468
0.0001,0.0001,12600,4.4247787610619477e-05,0.21412957152092324
0.0001,0.0001,12700,4.405286343612335e-05,0.21402741758364935
0.0001,0.0001,12800,4.3859649122807014e-05,0.21367668241429882
0.0001,0.0001,12900,4.366812227074236e-05,0.21377582989937513
0.0001,0.0001,13000,4.347826086956522e-05,0.21405399733705407
0.0001,0.0001,13100,4.329004329004329e-05,0.21359084687224958
0.0001,0.0001,13200,4.3103448275862066e-05,0.21392405270678988
0.0001,0.0001,13300,4.291845493562232e-05,0.21364113961790604
0.0001,0.0001,13400,4.273504273504274e-05,0.21805893524216352
0.0001,0.0001,13500,4.2553191489361704e-05,0.2146732538924255
0.0001,0.0001,13600,4.23728813559322e-05,0.21400763569595754
0.0001,0.0001,13700,4.219409282700422e-05,0.21349850043718865
0.0001,0.0001,13800,4.201680672268908e-05,0.2138991541227802
0.0001,0.0001,13900,4.184100418410042e-05,0.2140852904900928
0.0001,0.0001,14000,4.1666666666666665e-05,0.2604789507124163
0.0001,0.0001,14100,4.149377593360996e-05,0.2218726949744029
0.0001,0.0001,14200,4.132231404958678e-05,0.21364325681850177
0.0001,0.0001,14300,4.115226337448559e-05,0.2132565241276122
0.0001,0.0001,14400,4.098360655737704e-05,0.21336037431018587
0.0001,0.0001,14500,4.0816326530612245e-05,0.2135074105680968
0.0001,0.0001,14600,4.065040650406504e-05,0.21795811803566248
0.0001,0.0001,14700,4.0485829959514176e-05,0.21340980415777328
0.0001,0.0001,14800,4.032258064516129e-05,0.2136368672956103
0.0001,0.0001,14900,4.0160642570281125e-05,0.2188839620936509
0.0001,0.0001,15000,4e-05,0.21352120086727716
0.0001,0.0001,15100,3.984063745019921e-05,0.21605041053490806
0.0001,0.0001,15200,3.968253968253968e-05,0.22147605049544147
0.0001,0.0001,15300,3.9525691699604744e-05,0.21531873305048993
0.0001,0.0001,15400,3.937007874015748e-05,0.2134551344664267
0.0001,0.0001,15500,3.921568627450981e-05,0.21315320676943406
0.0001,0.0001,15600,3.90625e-05,0.2138399095614843
0.0001,0.0001,15700,3.891050583657587e-05,0.21387364222666505
0.0001,0.0001,15800,3.875968992248062e-05,0.2156734609223531
0.0001,0.0001,15900,3.861003861003861e-05,0.21778559642610157
0.0001,0.0001,16000,3.846153846153846e-05,0.213366096992161
0.0001,0.0001,16100,3.8314176245210727e-05,0.2140612354305962
0.0001,0.0001,16200,3.816793893129771e-05,0.21390015877615226
0.0001,0.0001,16300,3.802281368821293e-05,0.21326314321158502
0.0001,0.0001,16400,3.787878787878788e-05,0.21329566718133813
0.0001,0.0001,16500,3.773584905660377e-05,0.21446429401696201
0.0001,0.0001,16600,3.759398496240601e-05,0.22000086638030047
0.0001,0.0001,16700,3.745318352059925e-05,0.21758441335622586
0.0001,0.0001,16800,3.7313432835820896e-05,0.21290412467494618
0.0001,0.0001,16900,3.717472118959107e-05,0.21322293126758363
0.0001,0.0001,17000,3.7037037037037037e-05,0.22645422646950797
0.0001,0.0001,17100,3.690036900369004e-05,0.21471785248496975
0.0001,0.0001,17200,3.6764705882352945e-05,0.21374809178488335
0.0001,0.0001,17300,3.663003663003663e-05,0.21472487494980866
0.0001,0.0001,17400,3.64963503649635e-05,0.21313715931730884
0.0001,0.0001,17500,3.6363636363636364e-05,0.21589267499570544
0.0001,0.0001,17600,3.623188405797102e-05,0.21277476262273054
0.0001,0.0001,17700,3.610108303249098e-05,0.21351241795910036
0.0001,0.0001,17800,3.597122302158273e-05,0.2251460997968012
0.0001,0.0001,17900,3.5842293906810036e-05,0.21279977885384327
0.0001,0.0001,18000,3.571428571428572e-05,0.2128244418667204
0.0001,0.0001,18100,3.558718861209964e-05,0.2141735146168694
0.0001,0.0001,18200,3.546099290780142e-05,0.21296770775703844
0.0001,0.0001,18300,3.53356890459364e-05,0.21309397671015062
0.0001,0.0001,18400,3.5211267605633805e-05,0.21380083975256756
0.0001,0.0001,18500,3.508771929824561e-05,0.21357016631789935
0.0001,0.0001,18600,3.4965034965034965e-05,0.2134197868536836
0.0001,0.0001,18700,3.484320557491289e-05,0.2126129970090204
0.0001,0.0001,18800,3.472222222222222e-05,0.21267526155389527
0.0001,0.0001,18900,3.460207612456748e-05,0.22207002180544705
0.0001,0.0001,19000,3.448275862068965e-05,0.2130483515495386
0.0001,0.0001,19100,3.436426116838488e-05,0.2124431047095326
0.0001,0.0001,19200,3.424657534246576e-05,0.2126415145134539
0.0001,0.0001,19300,3.4129692832764505e-05,0.21253173131927428
0.0001,0.0001,19400,3.401360544217687e-05,0.21902928237293393
0.0001,0.0001,19500,3.389830508474576e-05,0.21360495500062127
0.0001,0.0001,19600,3.3783783783783784e-05,0.21280225852613938
0.0001,0.0001,19700,3.367003367003367e-05,0.21292155613169608
0.0001,0.0001,19800,3.355704697986577e-05,0.21248429768334914
0.0001,0.0001,19900,3.3444816053511705e-05,0.2130195989613329
0.0001,0.0001,20000,3.3333333333333335e-05,0.21258066128400988
0.0001,0.0001,20100,3.322259136212625e-05,0.2125855234136588
0.0001,0.0001,20200,3.3112582781456954e-05,0.21257455695203067
0.0001,0.0001,20300,3.3003300330033e-05,0.24341670914475713
0.0001,0.0001,20400,3.289473684210526e-05,0.21264150886545324
0.0001,0.0001,20500,3.2786885245901635e-05,0.2298286235270044
0.0001,0.0001,20600,3.2679738562091506e-05,0.21245753081947383
0.0001,0.0001,20700,3.257328990228013e-05,0.21564921714074395
0.0001,0.0001,20800,3.246753246753247e-05,0.21250433628256768
0.0001,0.0001,20900,3.2362459546925564e-05,0.21232680957947436
0.0001,0.0001,21000,3.2258064516129034e-05,0.21243324872053085
0.0001,0.0001,21100,3.215434083601286e-05,0.2130836689107648
0.0001,0.0001,21200,3.205128205128205e-05,0.21368358268169205
0.0001,0.0001,21300,3.194888178913738e-05,0.2124069605106346
0.0001,0.0001,21400,3.184713375796178e-05,0.21243462981194086
0.0001,0.0001,21500,3.174603174603175e-05,0.24471772464109698
0.0001,0.0001,21600,3.1645569620253167e-05,0.21224425898497282
0.0001,0.0001,21700,3.154574132492114e-05,0.2122655058217056
0.0001,0.0001,21800,3.144654088050314e-05,0.2134998408478872
0.0001,0.0001,21900,3.134796238244514e-05,0.21544958976708048
0.0001,0.0001,22000,3.125e-05,0.21226702550004406
0.0001,0.0001,22100,3.115264797507788e-05,0.2125070773709053
0.0001,0.0001,22200,3.1055900621118014e-05,0.21239892537658517
0.0001,0.0001,22300,3.0959752321981425e-05,0.21247352738293096
0.0001,0.0001,22400,3.08641975308642e-05,0.213019346570761
0.0001,0.0001,22500,3.076923076923077e-05,0.2170483660954622
0.0001,0.0001,22600,3.067484662576687e-05,0.21248337606678466
0.0001,0.0001,22700,3.0581039755351684e-05,0.2123337523486335
0.0001,0.0001,22800,3.048780487804878e-05,0.21281396069590194
0.0001,0.0001,22900,3.0395136778115502e-05,0.21344424728954567
0.0001,0.0001,23000,3.0303030303030302e-05,0.21250310502820166
0.0001,0.0001,23100,3.0211480362537764e-05,0.21213045963358035
0.0001,0.0001,23200,3.0120481927710842e-05,0.21593241970533752
0.0001,0.0001,23300,3.003003003003003e-05,0.21218011370538428
0.0001,0.0001,23400,2.994011976047904e-05,0.21266131345014747
0.0001,0.0001,23500,2.9850746268656717e-05,0.23935528009699072
0.0001,0.0001,23600,2.9761904761904762e-05,0.2518981943709137
0.0001,0.0001,23700,2.967359050445104e-05,0.2273284976551888
0.0001,0.0001,23800,2.958579881656805e-05,0.21419379906653976
0.0001,0.0001,23900,2.9498525073746314e-05,0.21229779568778556
0.0001,0.0001,24000,2.9411764705882354e-05,0.21231932895751124
0.0001,0.0001,24100,2.932551319648094e-05,0.21195589399267212
0.0001,0.0001,24200,2.9239766081871346e-05,0.21587500630992776
0.0001,0.0001,24300,2.915451895043732e-05,0.21222292398150552
0.0001,0.0001,24400,2.9069767441860467e-05,0.21252117989059788
0.0001,0.0001,24500,2.898550724637681e-05,0.21239894322492672
0.0001,0.0001,24600,2.8901734104046245e-05,0.212287824000012
0.0001,0.0001,24700,2.8818443804034583e-05,0.2120262313275087
0.0001,0.0001,24800,2.8735632183908048e-05,0.21226248551498306
0.0001,0.0001,24900,2.8653295128939826e-05,0.2123449482266636
0.0001,0.0001,25000,2.8571428571428574e-05,0.212163302202309
0.0001,0.0001,25100,2.849002849002849e-05,0.21931840796416496
0.0001,0.0001,25200,2.840909090909091e-05,0.2124894130963335
0.0001,0.0001,25300,2.8328611898016997e-05,0.21195360473305297
0.0001,0.0001,25400,2.824858757062147e-05,0.21216714358516672
0.0001,0.0001,25500,2.8169014084507043e-05,0.21179940625117502
0.0001,0.0001,25600,2.808988764044944e-05,0.21200821996152236
0.0001,0.0001,25700,2.8011204481792718e-05,0.21191520561273325
0.0001,0.0001,25800,2.793296089385475e-05,0.21185323019818636
0.0001,0.0001,25900,2.7855153203342618e-05,0.21966591916023093
0.0001,0.0001,26000,2.777777777777778e-05,0.21192281578555283
0.0001,0.0001,26100,2.7700831024930747e-05,0.21189140229965647
0.0001,0.0001,26200,2.7624309392265193e-05,0.21220253184815785
0.0001,0.0001,26300,2.7548209366391182e-05,0.21241529111140123
0.0001,0.0001,26400,2.7472527472527473e-05,0.21799425621216234
0.0001,0.0001,26500,2.7397260273972603e-05,0.21241607432211096
0.0001,0.0001,26600,2.73224043715847e-05,0.21176409642743516
0.0001,0.0001,26700,2.7247956403269757e-05,0.21179228978803613
0.0001,0.0001,26800,2.7173913043478262e-05,0.21196219146915563
0.0001,0.0001,26900,2.710027100271003e-05,0.2120190139992814
0.0001,0.0001,27000,2.7027027027027027e-05,0.21179084528062053
0.0001,0.0001,27100,2.6954177897574127e-05,0.21197963994750113
0.0001,0.0001,27200,2.6881720430107527e-05,0.21197172380454465
0.0001,0.0001,27300,2.6809651474530833e-05,0.21357644386840477
0.0001,0.0001,27400,2.67379679144385e-05,0.21245789464413212
0.0001,0.0001,27500,2.6666666666666667e-05,0.21180175682733896
0.0001,0.0001,27600,2.6595744680851064e-05,0.2119887503236984
0.0001,0.0001,27700,2.6525198938992044e-05,0.24320381342654968
0.0001,0.0001,27800,2.6455026455026456e-05,0.21180985745196235
0.0001,0.0001,27900,2.6385224274406334e-05,0.21235824839431383
0.0001,0.0001,28000,2.631578947368421e-05,0.21148382436643434
0.0001,0.0001,28100,2.6246719160104988e-05,0.21196214593904084
0.0001,0.0001,28200,2.6178010471204188e-05,0.21276862669608912
0.0001,0.0001,28300,2.6109660574412533e-05,0.21178655246224443
0.0001,0.0001,28400,2.6041666666666665e-05,0.2146303338272213
0.0001,0.0001,28500,2.5974025974025975e-05,0.21248036238027154
0.0001,0.0001,28600,2.5906735751295337e-05,0.21168640193493699
0.0001,0.0001,28700,2.5839793281653746e-05,0.21186755418061576
0.0001,0.0001,28800,2.5773195876288658e-05,0.21178336599408978
0.0001,0.0001,28900,2.570694087403599e-05,0.21304623719001958
0.0001,0.0001,29000,2.564102564102564e-05,0.21177817510139602
0.0001,0.0001,29100,2.5575447570332482e-05,0.2122634408967727
0.0001,0.0001,29200,2.5510204081632654e-05,0.21606208556600917
0.0001,0.0001,29300,2.5445292620865142e-05,0.21181899159398193
0.0001,0.0001,29400,2.538071065989848e-05,0.21347945562915427
0.0001,0.0001,29500,2.5316455696202533e-05,0.21152780183812367
0.0001,0.0001,29600,2.5252525252525253e-05,0.2115707857976794
0.0001,0.0001,29700,2.5188916876574308e-05,0.21174565706719928
0.0001,0.0001,29800,2.5125628140703518e-05,0.21214473382484123
0.0001,0.0001,29900,2.506265664160401e-05,0.21188436622531276
0.0001,0.0001,30000,2.5e-05,0.21158458136079808
0.0001,0.0001,30100,2.493765586034913e-05,0.21171971551742233
0.0001,0.0001,30200,2.4875621890547266e-05,0.21162895535145804
0.0001,0.0001,30300,2.4813895781637717e-05,0.21148447684129024
0.0001,0.0001,30400,2.4752475247524754e-05,0.21167637554620417
0.0001,0.0001,30500,2.4691358024691353e-05,0.21255591786695865
0.0001,0.0001,30600,2.463054187192118e-05,0.22165010195362364
0.0001,0.0001,30700,2.457002457002457e-05,0.21176970784183904
0.0001,0.0001,30800,2.450980392156863e-05,0.21165878267952848
0.0001,0.0001,30900,2.4449877750611248e-05,0.2115844438638595
0.0001,0.0001,31000,2.439024390243903e-05,0.21166234829169267
0.0001,0.0001,31100,2.4330900243309002e-05,0.2118202553964531
0.0001,0.0001,31200,2.4271844660194176e-05,0.21383051160534888
0.0001,0.0001,31300,2.4213075060532683e-05,0.21247047983921427
0.0001,0.0001,31400,2.4154589371980676e-05,0.21151544161229432
0.0001,0.0001,31500,2.4096385542168674e-05,0.2119417855929122
0.0001,0.0001,31600,2.403846153846154e-05,0.2116280768117364
0.0001,0.0001,31700,2.3980815347721824e-05,0.2150234929433639
0.0001,0.0001,31800,2.392344497607656e-05,0.21150413052591455
0.0001,0.0001,31900,2.3866348448687355e-05,0.21135596454840935
0.0001,0.0001,32000,2.380952380952381e-05,0.21162426294520514
0.0001,0.0001,32100,2.3752969121140145e-05,0.21172314779616283
0.0001,0.0001,32200,2.3696682464454972e-05,0.21142675455204407
0.0001,0.0001,32300,2.3640661938534276e-05,0.21166247667545957
0.0001,0.0001,32400,2.3584905660377357e-05,0.2183741195464014
0.0001,0.0001,32500,2.3529411764705884e-05,0.21268743331308607
0.0001,0.0001,32600,2.3474178403755872e-05,0.21134527327045954
0.0001,0.0001,32700,2.3419203747072603e-05,0.21148101994869706
0.0001,0.0001,32800,2.336448598130841e-05,0.21153474546318307
0.0001,0.0001,32900,2.331002331002331e-05,0.21139956396763282
0.0001,0.0001,33000,2.325581395348837e-05,0.2113672698145363
0.0001,0.0001,33100,2.3201856148491877e-05,0.21164397320380937
0.0001,0.0001,33200,2.3148148148148147e-05,0.21162348921772423
0.0001,0.0001,33300,2.309468822170901e-05,0.2116585629396938
0.0001,0.0001,33400,2.3041474654377884e-05,0.2115196145712661
0.0001,0.0001,33500,2.298850574712644e-05,0.2127601533751276
0.0001,0.0001,33600,2.293577981651376e-05,0.2115079274288097
0.0001,0.0001,33700,2.288329519450801e-05,0.21138818651412453
0.0001,0.0001,33800,2.28310502283105e-05,0.21392509190879067
0.0001,0.0001,33900,2.277904328018223e-05,0.21152433663381393
0.0001,0.0001,34000,2.2727272727272726e-05,0.21130885345018788
0.0001,0.0001,34100,2.2675736961451248e-05,0.21143416681238092
0.0001,0.0001,34200,2.2624434389140274e-05,0.2115828150625067
0.0001,0.0001,34300,2.2573363431151244e-05,0.21446781225605743
0.0001,0.0001,34400,2.2522522522522526e-05,0.21153546518528585
0.0001,0.0001,34500,2.2471910112359552e-05,0.21135745411710502
0.0001,0.0001,34600,2.2421524663677132e-05,0.2117051411064812
0.0001,0.0001,34700,2.2371364653243846e-05,0.21175712927481316
0.0001,0.0001,34800,2.232142857142857e-05,0.2114698187326186
0.0001,0.0001,34900,2.2271714922048998e-05,0.21149342308289715
0.0001,0.0001,35000,2.2222222222222223e-05,0.2114512224682261
0.0001,0.0001,35100,2.2172949002217298e-05,0.21176814241136327
0.0001,0.0001,35200,2.2123893805309738e-05,0.21136110615550746
0.0001,0.0001,35300,2.207505518763797e-05,0.21254214268173421
0.0001,0.0001,35400,2.2026431718061676e-05,0.21119965097266327
0.0001,0.0001,35500,2.1978021978021977e-05,0.21171440520980228
0.0001,0.0001,35600,2.1929824561403507e-05,0.2113786073774389
0.0001,0.0001,35700,2.188183807439825e-05,0.22056444551983653
0.0001,0.0001,35800,2.183406113537118e-05,0.21137474197647788
0.0001,0.0001,35900,2.178649237472767e-05,0.2136142811292473
0.0001,0.0001,36000,2.173913043478261e-05,0.2113972845827556
0.0001,0.0001,36100,2.1691973969631237e-05,0.22917028179099938
0.0001,0.0001,36200,2.1645021645021645e-05,0.2134184602891299
0.0001,0.0001,36300,2.159827213822894e-05,0.21128657162511033
0.0001,0.0001,36400,2.1551724137931033e-05,0.2124509072767545
0.0001,0.0001,36500,2.150537634408602e-05,0.21131016714226603
0.0001,0.0001,36600,2.145922746781116e-05,0.21113739617058072
0.0001,0.0001,36700,2.1413276231263384e-05,0.2112973701853459
0.0001,0.0001,36800,2.136752136752137e-05,0.21127038440192245
0.0001,0.0001,36900,2.1321961620469083e-05,0.21530380571944066
0.0001,0.0001,37000,2.1276595744680852e-05,0.2112119245746764
0.0001,0.0001,37100,2.1231422505307857e-05,0.2112253959312651
0.0001,0.0001,37200,2.11864406779661e-05,0.2115251943810253
0.0001,0.0001,37300,2.114164904862579e-05,0.21123279518464283
0.0001,0.0001,37400,2.109704641350211e-05,0.21157677048099297
0.0001,0.0001,37500,2.105263157894737e-05,0.21677637434915345
0.0001,0.0001,37600,2.100840336134454e-05,0.21239846994689604
0.0001,0.0001,37700,2.09643605870021e-05,0.21119928669170906
0.0001,0.0001,37800,2.092050209205021e-05,0.21336557804981826
0.0001,0.0001,37900,2.0876826722338206e-05,0.21123790928183162
0.0001,0.0001,38000,2.0833333333333333e-05,0.21119185434078405
0.0001,0.0001,38100,2.079002079002079e-05,0.21216259970460577
0.0001,0.0001,38200,2.074688796680498e-05,0.21114632520426116
0.0001,0.0001,38300,2.070393374741201e-05,0.21124259133008894
0.0001,0.0001,38400,2.066115702479339e-05,0.21116047074986488
0.0001,0.0001,38500,2.061855670103093e-05,0.2112963396169911
0.0001,0.0001,38600,2.0576131687242797e-05,0.21096901347289695
0.0001,0.0001,38700,2.053388090349076e-05,0.21122685652796985
0.0001,0.0001,38800,2.049180327868852e-05,0.21140164453943738
0.0001,0.0001,38900,2.0449897750511246e-05,0.2111996674866283
0.0001,0.0001,39000,2.0408163265306123e-05,0.21146802049645833
0.0001,0.0001,39100,2.0366598778004072e-05,0.21142866157208845
0.0001,0.0001,39200,2.032520325203252e-05,0.21132233798051114
0.0001,0.0001,39300,2.028397565922921e-05,0.21129869103509055
0.0001,0.0001,39400,2.0242914979757085e-05,0.21144977164473497
0.0001,0.0001,39500,2.0202020202020203e-05,0.21125527420972612
0.0001,0.0001,39600,2.0161290322580642e-05,0.21126795089238942
0.0001,0.0001,39700,2.0120724346076457e-05,0.21145221687711624
0.0001,0.0001,39800,2.0080321285140562e-05,0.21285670611002494
0.0001,0.0001,39900,2.004008016032064e-05,0.2109444772492329
0.0001,0.0001,40000,2e-05,0.21117167021329103
0.0001,0.0001,40100,1.9960079840319362e-05,0.21770864057919395
0.0001,0.0001,40200,1.9920318725099602e-05,0.21219053719943592
0.0001,0.0001,40300,1.9880715705765408e-05,0.21367904364517376
0.0001,0.0001,40400,1.984126984126984e-05,0.22460844885287473
0.0001,0.0001,40500,1.9801980198019803e-05,0.21423158297936712
0.0001,0.0001,40600,1.9762845849802372e-05,0.21113863687382725
0.0001,0.0001,40700,1.972386587771203e-05,0.21094301877507746
0.0001,0.0001,40800,1.968503937007874e-05,0.2111031593854491
0.0001,0.0001,40900,1.964636542239686e-05,0.21102012541244622
0.0001,0.0001,41000,1.9607843137254903e-05,0.21207641242995098
0.0001,0.0001,41100,1.9569471624266145e-05,0.21138761222964056
0.0001,0.0001,41200,1.953125e-05,0.2111133525631277
0.0001,0.0001,41300,1.949317738791423e-05,0.21122833242661385
0.0001,0.0001,41400,1.9455252918287936e-05,0.21129021453042032
0.0001,0.0001,41500,1.941747572815534e-05,0.21116420402107178
0.0001,0.0001,41600,1.937984496124031e-05,0.2111796352625107
0.0001,0.0001,41700,1.9342359767891685e-05,0.21099993642701576
0.0001,0.0001,41800,1.9305019305019303e-05,0.21089703185498276
0.0001,0.0001,41900,1.9267822736030827e-05,0.21461430828722006
0.0001,0.0001,42000,1.923076923076923e-05,0.21448758936076173
0.0001,0.0001,42100,1.9193857965451055e-05,0.21163092507005823
0.0001,0.0001,42200,1.9157088122605363e-05,0.2111550082084796
0.0001,0.0001,42300,1.9120458891013384e-05,0.21106432605093786
0.0001,0.0001,42400,1.9083969465648855e-05,0.21099818005010434
0.0001,0.0001,42500,1.904761904761905e-05,0.21117766515675102
0.0001,0.0001,42600,1.9011406844106464e-05,0.21116031720711012
0.0001,0.0001,42700,1.8975332068311193e-05,0.21095663362164963
0.0001,0.0001,42800,1.893939393939394e-05,0.21107785836686457
0.0001,0.0001,42900,1.890359168241966e-05,0.21094801554070575
0.0001,0.0001,43000,1.8867924528301888e-05,0.21100024034892695
0.0001,0.0001,43100,1.8832391713747646e-05,0.2123071456172362
0.0001,0.0001,43200,1.8796992481203007e-05,0.21102762903511707
0.0001,0.0001,43300,1.876172607879925e-05,0.21112419058123
0.0001,0.0001,43400,1.8726591760299626e-05,0.21096826217999282
0.0001,0.0001,43500,1.8691588785046727e-05,0.21105716428203444
0.0001,0.0001,43600,1.8656716417910448e-05,0.21145881351878926
0.0001,0.0001,43700,1.86219739292365e-05,0.21161749810569977
0.0001,0.0001,43800,1.858736059479554e-05,0.21092418596162998
0.0001,0.0001,43900,1.8552875695732837e-05,0.21233766857273123
0.0001,0.0001,44000,1.8518518518518518e-05,0.21101386670751107
0.0001,0.0001,44100,1.8484288354898337e-05,0.21122212853689323
0.0001,0.0001,44200,1.845018450184502e-05,0.21354842608466076
0.0001,0.0001,44300,1.8416206261510128e-05,0.2113297122552047
0.0001,0.0001,44400,1.838235294117647e-05,0.2109328306110952
0.0001,0.0001,44500,1.834862385321101e-05,0.21427359236129617
0.0001,0.0001,44600,1.8315018315018315e-05,0.2110171298053934
0.0001,0.0001,44700,1.8281535648994513e-05,0.21090351346970898
0.0001,0.0001,44800,1.824817518248175e-05,0.21095467894887657
0.0001,0.0001,44900,1.8214936247723133e-05,0.21101643709550166
0.0001,0.0001,45000,1.8181818181818182e-05,0.2110000172994126
0.0001,0.0001,45100,1.8148820326678767e-05,0.2109806589993377
0.0001,0.0001,45200,1.8115942028985507e-05,0.21088153223546577
0.0001,0.0001,45300,1.8083182640144666e-05,0.21106051462223097
0.0001,0.0001,45400,1.805054151624549e-05,0.21097005195666335
0.0001,0.0001,45500,1.801801801801802e-05,0.21152985769853877
0.0001,0.0001,45600,1.7985611510791367e-05,0.21100268521531357
0.0001,0.0001,45700,1.7953321364452423e-05,0.21134605925295497
0.0001,0.0001,45800,1.7921146953405018e-05,0.21087037520091528
0.0001,0.0001,45900,1.7889087656529517e-05,0.21089536492321098
0.0001,0.0001,46000,1.7857142857142855e-05,0.21107587431207003
0.0001,0.0001,46100,1.7825311942959002e-05,0.21545292074670686
0.0001,0.0001,46200,1.779359430604982e-05,0.21098181088358073
0.0001,0.0001,46300,1.7761989342806394e-05,0.21092874148536334
0.0001,0.0001,46400,1.773049645390071e-05,0.21101109682982622
0.0001,0.0001,46500,1.7699115044247787e-05,0.21081546337617654
0.0001,0.0001,46600,1.76678445229682e-05,0.2107581118378422
0.0001,0.0001,46700,1.7636684303350972e-05,0.21104146183058983
0.0001,0.0001,46800,1.76056338028169e-05,0.2109281266719291
0.0001,0.0001,46900,1.757469244288225e-05,0.21086433324966625
0.0001,0.0001,47000,1.7543859649122806e-05,0.21101452095675655
0.0001,0.0001,47100,1.7513134851138353e-05,0.21233075056902437
0.0001,0.0001,47200,1.7482517482517483e-05,0.2115676485640414
0.0001,0.0001,47300,1.7452006980802792e-05,0.21101921853007038
0.0001,0.0001,47400,1.7421602787456446e-05,0.21850404397828518
0.0001,0.0001,47500,1.739130434782609e-05,0.21095381604979216
0.0001,0.0001,47600,1.736111111111111e-05,0.210846889492583
0.0001,0.0001,47700,1.7331022530329287e-05,0.2109084587625007
0.0001,0.0001,47800,1.730103806228374e-05,0.2113538363440762
0.0001,0.0001,47900,1.7271157167530226e-05,0.2185956918710465
0.0001,0.0001,48000,1.7241379310344828e-05,0.2109642903846073
0.0001,0.0001,48100,1.7211703958691908e-05,0.21248835542501754
0.0001,0.0001,48200,1.718213058419244e-05,0.21079630108017702
0.0001,0.0001,48300,1.7152658662092625e-05,0.2108591097798889
0.0001,0.0001,48400,1.712328767123288e-05,0.21090884024506515
0.0001,0.0001,48500,1.7094017094017092e-05,0.21087969129266093
0.0001,0.0001,48600,1.7064846416382253e-05,0.21068230344908262
0.0001,0.0001,48700,1.7035775127768315e-05,0.21412419548400402
0.0001,0.0001,48800,1.7006802721088435e-05,0.2115079546931221
0.0001,0.0001,48900,1.697792869269949e-05,0.2109865648483828
0.0001,0.0001,49000,1.694915254237288e-05,0.21138244119836946
0.0001,0.0001,49100,1.6920473773265652e-05,0.2109062950923065
0.0001,0.0001,49200,1.6891891891891892e-05,0.2108024518500846
0.0001,0.0001,49300,1.6863406408094435e-05,0.21091223714929144
0.0001,0.0001,49358,1.684692880487887e-05,0.21062051346509175
0.0001,0.0001,49400,1.6835016835016834e-05,0.2107873604862095
0.0001,0.0001,49500,1.680672268907563e-05,0.2109196817949841
0.0001,0.0001,49600,1.6778523489932888e-05,0.21502802627369397
0.0001,0.0001,49700,1.675041876046901e-05,0.2125504934827214
0.0001,0.0001,49800,1.6722408026755853e-05,0.21121790381207267
0.0001,0.0001,49900,1.669449081803005e-05,0.21090076985422893
0.0001,0.0001,49999,1.6666944449074153e-05,0.210954848581666
0.0001,0.001,0,0.0001,8.700000000000001
0.0001,0.001,100,9.09090909090909e-05,4.655238052458358
0.0001,0.001,200,8.333333333333334e-05,3.4742242702391484
0.0001,0.001,300,7.692307692307693e-05,2.7458111403158987
0.0001,0.001,400,7.142857142857143e-05,2.310415634673493
0.0001,0.001,500,6.666666666666667e-05,1.943034637266096
0.0001,0.001,600,6.25e-05,1.6609586804779608
0.0001,0.001,700,5.88235294117647e-05,1.4311425190812423
0.0001,0.001,800,5.555555555555556e-05,1.2399052677221496
0.0001,0.001,900,5.2631578947368424e-05,1.091479562452948
0.0001,0.001,1000,5e-05,0.9836911579139527
0.0001,0.001,1100,4.761904761904762e-05,0.8927238260723721
0.0001,0.001,1200,4.545454545454545e-05,0.8134283657882234
0.0001,0.001,1300,4.347826086956522e-05,0.7623362295080238
0.0001,0.001,1400,4.1666666666666665e-05,0.7090150874164427
0.0001,0.001,1500,4e-05,0.6666782771596572
0.0001,0.001,1600,3.846153846153846e-05,0.6257614914831842
0.0001,0.001,1700,3.7037037037037037e-05,0.5912258246085126
0.0001,0.001,1800,3.571428571428572e-05,0.5551026902139065
0.0001,0.001,1900,3.448275862068965e-05,0.5288954395678536
0.0001,0.001,2000,3.3333333333333335e-05,0.49159188505337786
0.0001,0.001,2100,3.2258064516129034e-05,0.4682303279819151
0.0001,0.001,2200,3.125e-05,0.44992088260150026
0.0001,0.001,2300,3.0303030303030302e-05,0.4372813835564583
0.0001,0.001,2400,2.9411764705882354e-05,0.41703788436960276
0.0001,0.001,2500,2.8571428571428574e-05,0.4070546478083963
0.0001,0.001,2600,2.777777777777778e-05,0.3879379204877023
0.0001,0.001,2700,2.7027027027027027e-05,0.37583002996889675
0.0001,0.001,2800,2.631578947368421e-05,0.36350436627790556
0.0001,0.001,2900,2.5641025641025643e-05,0.36355323716464566
0.0001,0.001,3000,2.5e-05,0.3479117592340961
0.0001,0.001,3100,2.439024390243903e-05,0.3413000448439037
0.0001,0.001,3200,2.380952380952381e-05,0.3373336209633847
0.0001,0.001,3300,2.325581395348837e-05,0.3260568112976837
0.0001,0.001,3400,2.2727272727272726e-05,0.32089259365421785
0.0001,0.001,3500,2.2222222222222223e-05,0.3131353476402719
0.0001,0.001,3600,2.173913043478261e-05,0.3058499810976739
0.0001,0.001,3700,2.1276595744680852e-05,0.30492262914434715
0.0001,0.001,3800,2.0833333333333333e-05,0.2936367739676751
0.0001,0.001,3900,2.0408163265306123e-05,0.2873021262933639
0.0001,0.001,4000,2e-05,0.282347098615044
0.0001,0.001,4100,1.9607843137254906e-05,0.2765102248703929
0.0001,0.001,4200,1.923076923076923e-05,0.2709884900378035
0.0001,0.001,4300,1.8867924528301888e-05,0.2660726100126443
0.0001,0.001,4400,1.8518518518518518e-05,0.26508686640235796
0.0001,0.001,4500,1.8181818181818182e-05,0.2650365731386207
0.0001,0.001,4600,1.7857142857142855e-05,0.2637278021022273
0.0001,0.001,4700,1.7543859649122806e-05,0.2642254156671209
0.0001,0.001,4800,1.7241379310344828e-05,0.26219783835334515
0.0001,0.001,4900,1.694915254237288e-05,0.2617858118906267
0.0001,0.001,5000,1.6666666666666667e-05,0.261536881860101
0.0001,0.001,5100,1.6393442622950818e-05,0.26171861588100565
0.0001,0.001,5200,1.6129032258064517e-05,0.2605887459996393
0.0001,0.001,5300,1.5873015873015876e-05,0.2601688500106219
0.0001,0.001,5400,1.5625e-05,0.2588042739476961
0.0001,0.001,5500,1.5384615384615384e-05,0.2582819895172108
0.0001,0.001,5600,1.5151515151515151e-05,0.26154492823326037
0.0001,0.001,5700,1.4925373134328359e-05,0.25864809799166905
0.0001,0.001,5800,1.4705882352941177e-05,0.25680789095076145
0.0001,0.001,5900,1.4492753623188405e-05,0.2564109769325912
0.0001,0.001,6000,1.4285714285714287e-05,0.2558979068322615
0.0001,0.001,6100,1.4084507042253522e-05,0.25538999445667765
0.0001,0.001,6200,1.388888888888889e-05,0.25570795334907753
0.0001,0.001,6300,1.3698630136986302e-05,0.2549711729713718
0.0001,0.001,6400,1.3513513513513513e-05,0.25377171465598936
0.0001,0.001,6500,1.3333333333333333e-05,0.2536458214926038
0.0001,0.001,6600,1.3157894736842104e-05,0.25297851762625856
0.0001,0.001,6700,1.2987012987012988e-05,0.25272756774193783
0.0001,0.001,6800,1.2820512820512822e-05,0.2524052082124365
0.0001,0.001,6900,1.2658227848101267e-05,0.25237416958278247
0.0001,0.001,7000,1.25e-05,0.25169015132295713
0.0001,0.001,7100,1.2345679012345677e-05,0.25130415766392455
0.0001,0.001,7200,1.2195121951219515e-05,0.25048139905538147
0.0001,0.001,7300,1.2048192771084337e-05,0.25030662802896786
0.0001,0.001,7400,1.1904761904761905e-05,0.2499263135786995
0.0001,0.001,7500,1.1764705882352942e-05,0.2493600902558054
0.0001,0.001,7600,1.1627906976744185e-05,0.24925644993708437
0.0001,0.001,7700,1.149425287356322e-05,0.24933330420011118
0.0001,0.001,7800,1.1363636363636363e-05,0.24846434571362006
0.0001,0.001,7900,1.1235955056179776e-05,0.25121476953109545
0.0001,0.001,8000,1.1111111111111112e-05,0.2477192660410787
0.0001,0.001,8100,1.098901098901099e-05,0.24729015142807223
0.0001,0.001,8200,1.0869565217391305e-05,0.24754749874556092
0.0001,0.001,8300,1.075268817204301e-05,0.2466956919207541
0.0001,0.001,8400,1.0638297872340426e-05,0.24630018983824112
0.0001,0.001,8500,1.0526315789473684e-05,0.24661888995875092
0.0001,0.001,8600,1.0416666666666668e-05,0.24565332186366962
0.0001,0.001,8700,1.0309278350515464e-05,0.2456261976247188
0.0001,0.001,8800,1.0204081632653061e-05,0.2485070064602208
0.0001,0.001,8900,1.0101010101010101e-05,0.24491456475386286
0.0001,0.001,9000,1e-05,0.24450215562421476
0.0001,0.001,9100,9.900990099009901e-06,0.24432363139190566
0.0001,0.001,9200,9.803921568627451e-06,0.24524219712825954
0.0001,0.001,9300,9.70873786407767e-06,0.24360995588398246
0.0001,0.001,9400,9.615384615384616e-06,0.24332258028898324
0.0001,0.001,9500,9.523809523809525e-06,0.243113630823454
0.0001,0.001,9600,9.433962264150944e-06,0.2429233060972093
0.0001,0.001,9700,9.345794392523363e-06,0.24242670201899244
0.0001,0.001,9800,9.259259259259259e-06,0.24274987231547177
0.0001,0.001,9900,9.174311926605506e-06,0.24223836582636088
0.0001,0.001,10000,9.090909090909091e-06,0.24213322711544732
0.0001,0.001,10100,9.00900900900901e-06,0.24200787404243845
0.0001,0.001,10200,8.928571428571428e-06,0.24109883761230122
0.0001,0.001,10300,8.849557522123894e-06,0.2438064147517693
0.0001,0.001,10400,8.771929824561403e-06,0.24054359035753586
0.0001,0.001,10500,8.695652173913044e-06,0.24187895720831068
0.0001,0.001,10600,8.620689655172414e-06,0.24036995215656815
0.0001,0.001,10700,8.547008547008546e-06,0.23990166788582443
0.0001,0.001,10800,8.47457627118644e-06,0.2395908327836693
0.0001,0.001,10900,8.403361344537815e-06,0.23941276973855866
0.0001,0.001,11000,8.333333333333334e-06,0.239089535581212
0.0001,0.001,11100,8.264462809917356e-06,0.24083672173540616
0.0001,0.001,11200,8.196721311475409e-06,0.23854907214618695
0.0001,0.001,11300,8.130081300813007e-06,0.2400392883892566
0.0001,0.001,11400,8.064516129032258e-06,0.23817302430589074
0.0001,0.001,11500,8e-06,0.23814651611075913
0.0001,0.001,11600,7.936507936507938e-06,0.23777770884878888
0.0001,0.001,11700,7.874015748031496e-06,0.2376146149866244
0.0001,0.001,11800,7.8125e-06,0.23770277523760017
0.0001,0.001,11900,7.751937984496124e-06,0.23698927496841876
0.0001,0.001,12000,7.692307692307692e-06,0.23695723455727444
0.0001,0.001,12100,7.633587786259543e-06,0.23657469747138676
0.0001,0.001,12200,7.575757575757576e-06,0.2363283016240517
0.0001,0.001,12300,7.518796992481203e-06,0.23614792616855276
0.0001,0.001,12400,7.462686567164179e-06,0.23596390705735315
0.0001,0.001,12500,7.4074074074074075e-06,0.23580878276860928
0.0001,0.001,12600,7.3529411764705884e-06,0.23552335029574573
0.0001,0.001,12700,7.2992700729927e-06,0.2353839009297272
0.0001,0.001,12800,7.2463768115942025e-06,0.23530430411176867
0.0001,0.001,12900,7.194244604316547e-06,0.23515824923628087
0.0001,0.001,13000,7.1428571428571436e-06,0.2346175061798857
0.0001,0.001,13100,7.092198581560284e-06,0.2350822208308562
0.0001,0.001,13200,7.042253521126761e-06,0.23452532643370755
0.0001,0.001,13300,6.993006993006993e-06,0.23435399393376716
0.0001,0.001,13400,6.944444444444445e-06,0.23390674808896564
0.0001,0.001,13500,6.896551724137932e-06,0.2337608296009492
0.0001,0.001,13600,6.849315068493151e-06,0.23348433589313414
0.0001,0.001,13700,6.802721088435374e-06,0.23440401237042258
0.0001,0.001,13800,6.756756756756757e-06,0.23322965116838576
0.0001,0.001,13900,6.7114093959731546e-06,0.23310674058520187
0.0001,0.001,14000,6.666666666666667e-06,0.23292321863667098
0.0001,0.001,14100,6.622516556291391e-06,0.23272344862206948
0.0001,0.001,14200,6.578947368421052e-06,0.23281833300749563
0.0001,0.001,14300,6.5359477124183e-06,0.2326284536091504
0.0001,0.001,14400,6.493506493506494e-06,0.2321315568533427
0.0001,0.001,14500,6.451612903225806e-06,0.23191184633073653
0.0001,0.001,14600,6.410256410256411e-06,0.23194961166502745
0.0001,0.001,14700,6.369426751592357e-06,0.2316638069385875
0.0001,0.001,14800,6.329113924050633e-06,0.23146704963281484
0.0001,0.001,14900,6.289308176100629e-06,0.23171693185947118
0.0001,0.001,15000,6.25e-06,0.2312239704269935
0.0001,0.001,15100,6.2111801242236025e-06,0.23083827650351174
0.0001,0.001,15200,6.172839506172838e-06,0.23166692645294124
0.0001,0.001,15300,6.134969325153374e-06,0.23080188154573716
0.0001,0.001,15400,6.097560975609757e-06,0.23029767554911115
0.0001,0.001,15500,6.060606060606061e-06,0.2302030116705715
0.0001,0.001,15600,6.024096385542168e-06,0.2302991999978994
0.0001,0.001,15700,5.988023952095808e-06,0.229903655132658
0.0001,0.001,15800,5.9523809523809525e-06,0.22975730906530492
0.0001,0.001,15900,5.91715976331361e-06,0.22983797566354902
0.0001,0.001,16000,5.882352941176471e-06,0.22937077786894447
0.0001,0.001,16100,5.8479532163742686e-06,0.22935233215699022
0.0001,0.001,16200,5.8139534883720935e-06,0.2295028855927901
0.0001,0.001,16300,5.780346820809249e-06,0.22976274855804651
0.0001,0.001,16400,5.74712643678161e-06,0.2296276374205722
0.0001,0.001,16500,5.7142857142857145e-06,0.22909998223725903
0.0001,0.001,16600,5.6818181818181815e-06,0.22873020400554045
0.0001,0.001,16700,5.6497175141242946e-06,0.2283501776494384
0.0001,0.001,16800,5.617977528089888e-06,0.22834991685205078
0.0001,0.001,16900,5.58659217877095e-06,0.22807667564678993
0.0001,0.001,17000,5.555555555555556e-06,0.2281977444933229
0.0001,0.001,17100,5.524861878453038e-06,0.227740782280977
0.0001,0.001,17200,5.494505494505495e-06,0.22773976958255962
0.0001,0.001,17300,5.46448087431694e-06,0.22744432717128443
0.0001,0.001,17400,5.434782608695652e-06,0.22941698552828516
0.0001,0.001,17500,5.405405405405406e-06,0.22739739328852826
0.0001,0.001,17600,5.376344086021505e-06,0.22722886988730073
0.0001,0.001,17700,5.347593582887701e-06,0.22696111139927483
0.0001,0.001,17800,5.319148936170213e-06,0.2268425828509678
0.0001,0.001,17900,5.291005291005291e-06,0.2268950643705815
0.0001,0.001,18000,5.263157894736842e-06,0.22793021856911908
0.0001,0.001,18100,5.235602094240837e-06,0.22668765038909722
0.0001,0.001,18200,5.208333333333334e-06,0.2264070312703444
0.0001,0.001,18300,5.1813471502590676e-06,0.22619827455038405
0.0001,0.001,18400,5.154639175257732e-06,0.22601763948731904
0.0001,0.001,18500,5.128205128205129e-06,0.22601437827898974
0.0001,0.001,18600,5.102040816326531e-06,0.22565770957625447
0.0001,0.001,18700,5.076142131979696e-06,0.22653611073326682
0.0001,0.001,18800,5.050505050505051e-06,0.2254718511495534
0.0001,0.001,18900,5.025125628140703e-06,0.22530968945473415
0.0001,0.001,19000,5e-06,0.22519116048211424
0.0001,0.001,19100,4.975124378109453e-06,0.2266749539794511
0.0001,0.001,19200,4.950495049504951e-06,0.22526344863375194
0.0001,0.001,19300,4.926108374384236e-06,0.22474237140405956
0.0001,0.001,19400,4.901960784313726e-06,0.22477143025641025
0.0001,0.001,19500,4.8780487804878055e-06,0.22465706993973442
0.0001,0.001,19600,4.854368932038835e-06,0.22451139014149163
0.0001,0.001,19700,4.830917874396135e-06,0.224389302543226
0.0001,0.001,19800,4.807692307692308e-06,0.22429329711905038
0.0001,0.001,19900,4.784688995215311e-06,0.22415488765112704
0.0001,0.001,20000,4.761904761904762e-06,0.22392973623694207
0.0001,0.001,20100,4.739336492890995e-06,0.2238128085157826
0.0001,0.001,20200,4.716981132075472e-06,0.22378693586097254
0.0001,0.001,20300,4.6948356807511736e-06,0.2236591729324771
0.0001,0.001,20400,4.672897196261682e-06,0.22353777078487616
0.0001,0.001,20500,4.651162790697674e-06,0.2233084787556869
0.0001,0.001,20600,4.6296296296296296e-06,0.22325665987556784
0.0001,0.001,20700,4.608294930875577e-06,0.22310732738814198
0.0001,0.001,20800,4.587155963302753e-06,0.22303889263030985
0.0001,0.001,20900,4.566210045662101e-06,0.22286379588476085
0.0001,0.001,21000,4.5454545454545455e-06,0.2228441827589688
0.0001,0.001,21100,4.5248868778280546e-06,0.222720660347139
0.0001,0.001,21200,4.504504504504505e-06,0.2225373312765304
0.0001,0.001,21300,4.484304932735426e-06,0.22250393956455664
0.0001,0.001,21400,4.464285714285714e-06,0.2223018889181081
0.0001,0.001,21500,4.444444444444445e-06,0.2221891811377159
0.0001,0.001,21600,4.424778761061947e-06,0.22222703314983916
0.0001,0.001,21700,4.4052863436123355e-06,0.22294930377358568
0.0001,0.001,21800,4.3859649122807014e-06,0.22304627428430285
0.0001,0.001,21900,4.3668122270742355e-06,0.2218632656111638
0.0001,0.001,22000,4.347826086956522e-06,0.22167564606072737
0.0001,0.001,22100,4.329004329004329e-06,0.22159957038413075
0.0001,0.001,22200,4.310344827586207e-06,0.221463676305956
0.0001,0.001,22300,4.2918454935622316e-06,0.2214564252790609
0.0001,0.001,22400,4.273504273504273e-06,0.22207911993519944
0.0001,0.001,22500,4.255319148936171e-06,0.22129077680249853
0.0001,0.001,22600,4.23728813559322e-06,0.22118794392390853
0.0001,0.001,22700,4.219409282700422e-06,0.22105622666407077
0.0001,0.001,22800,4.201680672268908e-06,0.2208826006122392
0.0001,0.001,22900,4.184100418410042e-06,0.22079331312515055
0.0001,0.001,23000,4.166666666666667e-06,0.22066696780164824
0.0001,0.001,23100,4.149377593360996e-06,0.22059006689009666
0.0001,0.001,23200,4.132231404958678e-06,0.22059566122559524
0.0001,0.001,23300,4.11522633744856e-06,0.22031246366730278
0.0001,0.001,23400,4.098360655737704e-06,0.22022630713019806
0.0001,0.001,23500,4.081632653061225e-06,0.2201355393000359
0.0001,0.001,23600,4.065040650406504e-06,0.2204314564233149
0.0001,0.001,23700,4.048582995951417e-06,0.21993746088380384
0.0001,0.001,23800,4.032258064516129e-06,0.21997056969531356
0.0001,0.001,23900,4.016064257028112e-06,0.21985522517176292
0.0001,0.001,24000,4e-06,0.21964743096481212
0.0001,0.001,24100,3.98406374501992e-06,0.2197541322811693
0.0001,0.001,24200,3.968253968253969e-06,0.21981580395565586
0.0001,0.001,24300,3.952569169960475e-06,0.21993070993317237
0.0001,0.001,24400,3.937007874015748e-06,0.219318806723478
0.0001,0.001,24500,3.92156862745098e-06,0.2192058625675752
0.0001,0.001,24600,3.90625e-06,0.21922050705296134
0.0001,0.001,24700,3.891050583657588e-06,0.2190069219211891
0.0001,0.001,24800,3.875968992248062e-06,0.21891077533533873
0.0001,0.001,24900,3.861003861003861e-06,0.21878930337597333
0.0001,0.001,25000,3.846153846153846e-06,0.21874379206496125
0.0001,0.001,25100,3.8314176245210725e-06,0.2185863925635362
0.0001,0.001,25200,3.816793893129772e-06,0.21850348697998742
0.0001,0.001,25300,3.802281368821293e-06,0.2184613893345909
0.0001,0.001,25400,3.787878787878788e-06,0.21947027358930227
0.0001,0.001,25500,3.7735849056603777e-06,0.21835904130264358
0.0001,0.001,25600,3.7593984962406014e-06,0.21820396203252712
0.0001,0.001,25700,3.7453183520599255e-06,0.2180600413356413
0.0001,0.001,25800,3.7313432835820897e-06,0.21794353907116937
0.0001,0.001,25900,3.7174721189591075e-06,0.2182088447286623
0.0001,0.001,26000,3.7037037037037037e-06,0.21791544478762964
0.0001,0.001,26100,3.690036900369004e-06,0.21771373415369705
0.0001,0.001,26200,3.6764705882352942e-06,0.2176865114074002
0.0001,0.001,26300,3.663003663003663e-06,0.21754350125259025
0.0001,0.001,26400,3.64963503649635e-06,0.21762993649882006
0.0001,0.001,26500,3.6363636363636366e-06,0.2174806966826269
0.0001,0.001,26600,3.6231884057971013e-06,0.21728411141812903
0.0001,0.001,26700,3.6101083032490977e-06,0.21730933708490133
0.0001,0.001,26800,3.5971223021582737e-06,0.21713610427809055
0.0001,0.001,26900,3.5842293906810035e-06,0.21706202119703508
0.0001,0.001,27000,3.5714285714285718e-06,0.21707359347019725
0.0001,0.001,27100,3.5587188612099643e-06,0.21714706178682977
0.0001,0.001,27200,3.546099290780142e-06,0.21703942040051544
0.0001,0.001,27300,3.53356890459364e-06,0.21704209351616802
0.0001,0.001,27400,3.5211267605633804e-06,0.2169950334239623
0.0001,0.001,27500,3.5087719298245615e-06,0.21699268542318018
0.0001,0.001,27600,3.4965034965034966e-06,0.21755272377166304
0.0001,0.001,27700,3.4843205574912894e-06,0.2170113415617454
0.0001,0.001,27800,3.4722222222222224e-06,0.21698622632973558
0.0001,0.001,27900,3.4602076124567473e-06,0.21694617135521876
0.0001,0.001,28000,3.448275862068966e-06,0.216994645382634
0.0001,0.001,28100,3.4364261168384878e-06,0.21692383144000624
0.0001,0.001,28200,3.4246575342465754e-06,0.21699756432391146
0.0001,0.001,28300,3.4129692832764506e-06,0.2169049464854711
0.0001,0.001,28400,3.401360544217687e-06,0.2169043519381648
0.0001,0.001,28500,3.3898305084745763e-06,0.218815846104219
0.0001,0.001,28600,3.3783783783783783e-06,0.21692568217695068
0.0001,0.001,28700,3.367003367003367e-06,0.21688263687122394
0.0001,0.001,28800,3.3557046979865773e-06,0.21686246983602095
0.0001,0.001,28900,3.3444816053511705e-06,0.2187604760659277
0.0001,0.001,29000,3.3333333333333333e-06,0.21733239765796042
0.0001,0.001,29100,3.3222591362126247e-06,0.21684319871350544
0.0001,0.001,29200,3.3112582781456956e-06,0.2175807034042472
0.0001,0.001,29300,3.3003300330033004e-06,0.21682778836611902
0.0001,0.001,29400,3.289473684210526e-06,0.21685466051777563
0.0001,0.001,29500,3.278688524590164e-06,0.2167720633620608
0.0001,0.001,29600,3.26797385620915e-06,0.21677941841577453
0.0001,0.001,29700,3.2573289902280133e-06,0.21769845799927495
0.0001,0.001,29800,3.246753246753247e-06,0.21674730554756672
0.0001,0.001,29900,3.2362459546925567e-06,0.2167633340636752
0.0001,0.001,30000,3.225806451612903e-06,0.21675448695576371
0.0001,0.001,30100,3.215434083601286e-06,0.21690769432475843
0.0001,0.001,30200,3.2051282051282054e-06,0.21674632788698633
0.0001,0.001,30300,3.1948881789137383e-06,0.21856227556178634
0.0001,0.001,30400,3.1847133757961785e-06,0.2166982057414304
0.0001,0.001,30500,3.1746031746031746e-06,0.21694485390212764
0.0001,0.001,30600,3.1645569620253167e-06,0.21672336803025302
0.0001,0.001,30700,3.154574132492114e-06,0.21667602181593187
0.0001,0.001,30800,3.1446540880503146e-06,0.2167272706154666
0.0001,0.001,30900,3.134796238244514e-06,0.2166535189392025
0.0001,0.001,31000,3.125e-06,0.2166533540094679
0.0001,0.001,31100,3.1152647975077884e-06,0.21671149725787087
0.0001,0.001,31200,3.1055900621118013e-06,0.21662398493576196
0.0001,0.001,31300,3.0959752321981426e-06,0.21965311144628283
0.0001,0.001,31400,3.086419753086419e-06,0.21658082421141622
0.0001,0.001,31500,3.076923076923077e-06,0.21659441418155032
0.0001,0.001,31600,3.067484662576687e-06,0.21660082235413347
0.0001,0.001,31700,3.0581039755351682e-06,0.21661798734278237
0.0001,0.001,31800,3.0487804878048786e-06,0.21660790723274473
0.0001,0.001,31900,3.0395136778115497e-06,0.21657689840145206
0.0001,0.001,32000,3.0303030303030305e-06,0.21658862866840337
0.0001,0.001,32100,3.0211480362537765e-06,0.2177586852072331
0.0001,0.001,32200,3.012048192771084e-06,0.2178014747131502
0.0001,0.001,32300,3.0030030030030034e-06,0.21740859739580912
0.0001,0.001,32400,2.9940119760479047e-06,0.21654154823322944
0.0001,0.001,32500,2.985074626865672e-06,0.2165353255995905
0.0001,0.001,32600,2.9761904761904763e-06,0.21653707354587115
0.0001,0.001,32700,2.9673590504451036e-06,0.2168679230030506
0.0001,0.001,32800,2.958579881656805e-06,0.21651495877441432
0.0001,0.001,32900,2.9498525073746313e-06,0.21649168950000325
0.0001,0.001,33000,2.9411764705882355e-06,0.21648434857833948
0.0001,0.001,33100,2.932551319648094e-06,0.21647202652138794
0.0001,0.001,33200,2.9239766081871343e-06,0.2169774510923641
0.0001,0.001,33300,2.9154518950437323e-06,0.21674236481851883
0.0001,0.001,33400,2.9069767441860468e-06,0.21643687281844123
0.0001,0.001,33500,2.898550724637681e-06,0.21644355179557676
0.0001,0.001,33600,2.8901734104046244e-06,0.21647222134564453
0.0001,0.001,33700,2.881844380403458e-06,0.2164247419542606
0.0001,0.001,33800,2.873563218390805e-06,0.2163808494734228
0.0001,0.001,33900,2.865329512893983e-06,0.21639587549597983
0.0001,0.001,34000,2.8571428571428573e-06,0.21639069743831044
0.0001,0.001,34100,2.8490028490028492e-06,0.21638724193012693
0.0001,0.001,34200,2.8409090909090907e-06,0.21639098117297628
0.0001,0.001,34300,2.8328611898016995e-06,0.2163653166806935
0.0001,0.001,34400,2.8248587570621473e-06,0.21645975399442074
0.0001,0.001,34500,2.8169014084507042e-06,0.21635740292846078
0.0001,0.001,34600,2.808988764044944e-06,0.2163731128238192
0.0001,0.001,34700,2.8011204481792718e-06,0.21634206217470625
0.0001,0.001,34800,2.7932960893854746e-06,0.21723713948736142
0.0001,0.001,34900,2.785515320334262e-06,0.21633655894869805
0.0001,0.001,35000,2.777777777777778e-06,0.21630990371431197
0.0001,0.001,35100,2.7700831024930747e-06,0.21631774088768296
0.0001,0.001,35200,2.762430939226519e-06,0.21628941734661922
0.0001,0.001,35300,2.754820936639118e-06,0.2162964810416621
0.0001,0.001,35400,2.7472527472527476e-06,0.2162687204468992
0.0001,0.001,35500,2.7397260273972604e-06,0.21659218813093326
0.0001,0.001,35600,2.73224043715847e-06,0.21627279735703583
0.0001,0.001,35700,2.7247956403269755e-06,0.21654251225981863
0.0001,0.001,35800,2.717391304347826e-06,0.2162360560684184
0.0001,0.001,35900,2.710027100271003e-06,0.2162570497241663
0.0001,0.001,36000,2.702702702702703e-06,0.21627701237421815
0.0001,0.001,36100,2.6954177897574123e-06,0.21621079703326165
0.0001,0.001,36200,2.6881720430107525e-06,0.2189416798752923
0.0001,0.001,36300,2.680965147453083e-06,0.2162066558271155
0.0001,0.001,36400,2.6737967914438504e-06,0.21620528328941838
0.0001,0.001,36500,2.666666666666667e-06,0.2162058313169321
0.0001,0.001,36600,2.6595744680851065e-06,0.21622476232929091
0.0001,0.001,36700,2.6525198938992043e-06,0.21621746008509074
0.0001,0.001,36800,2.6455026455026455e-06,0.2161906246205918
0.0001,0.001,36900,2.6385224274406333e-06,0.21660113406206813
0.0001,0.001,37000,2.631578947368421e-06,0.21621329886128401
0.0001,0.001,37100,2.6246719160104988e-06,0.21618653685401618
0.0001,0.001,37200,2.6178010471204187e-06,0.21703892564102492
0.0001,0.001,37300,2.610966057441253e-06,0.21622134689947817
0.0001,0.001,37400,2.604166666666667e-06,0.21612305238926488
0.0001,0.001,37500,2.5974025974025976e-06,0.21764075129729074
0.0001,0.001,37600,2.5906735751295338e-06,0.21679313322292057
0.0001,0.001,37700,2.5839793281653744e-06,0.21614727294174327
0.0001,0.001,37800,2.577319587628866e-06,0.21610819800488562
0.0001,0.001,37900,2.5706940874035994e-06,0.21609887834924746
0.0001,0.001,38000,2.5641025641025644e-06,0.21611104655053165
0.0001,0.001,38100,2.5575447570332483e-06,0.21611322957836632
0.0001,0.001,38200,2.5510204081632653e-06,0.21607936159807728
0.0001,0.001,38300,2.544529262086514e-06,0.21726961541241444
0.0001,0.001,38400,2.538071065989848e-06,0.21605771862539613
0.0001,0.001,38500,2.5316455696202535e-06,0.21605710362404984
0.0001,0.001,38600,2.5252525252525253e-06,0.21606904949801115
0.0001,0.001,38700,2.5188916876574307e-06,0.21602635378543744
0.0001,0.001,38800,2.5125628140703515e-06,0.21604990274170213
0.0001,0.001,38900,2.5062656641604014e-06,0.21600943675132378
0.0001,0.001,39000,2.5e-06,0.21602122160730475
0.0001,0.001,39100,2.4937655860349126e-06,0.21604414308496128
0.0001,0.001,39200,2.4875621890547264e-06,0.21608462337959541
0.0001,0.001,39300,2.4813895781637715e-06,0.21605063185357662
0.0001,0.001,39400,2.4752475247524753e-06,0.2159991276304652
0.0001,0.001,39500,2.469135802469136e-06,0.2171616138911283
0.0001,0.001,39600,2.463054187192118e-06,0.21599873737680853
0.0001,0.001,39700,2.457002457002457e-06,0.21599275688720876
0.0001,0.001,39800,2.450980392156863e-06,0.21623275054056726
0.0001,0.001,39900,2.444987775061125e-06,0.21596492213248936
0.0001,0.001,40000,2.4390243902439027e-06,0.21596734652531907
0.0001,0.001,40100,2.4330900243309005e-06,0.2159576306294787
0.0001,0.001,40200,2.4271844660194174e-06,0.2160076813591711
0.0001,0.001,40300,2.4213075060532686e-06,0.21596149359894137
0.0001,0.001,40400,2.4154589371980677e-06,0.2159607841262603
0.0001,0.001,40500,2.4096385542168676e-06,0.21594899734897371
0.0001,0.001,40600,2.403846153846154e-06,0.21595068436830983
0.0001,0.001,40700,2.398081534772182e-06,0.2159253167081993
0.0001,0.001,40800,2.3923444976076554e-06,0.21606419101564195
0.0001,0.001,40900,2.386634844868735e-06,0.21594923351272072
0.0001,0.001,41000,2.380952380952381e-06,0.2159236876772542
0.0001,0.001,41100,2.375296912114014e-06,0.2159152335874547
0.0001,0.001,41200,2.3696682464454976e-06,0.21590640399963335
0.0001,0.001,41300,2.3640661938534276e-06,0.2158904568550409
0.0001,0.001,41400,2.358490566037736e-06,0.2159095562587561
0.0001,0.001,41500,2.3529411764705885e-06,0.21589442554392502
0.0001,0.001,41600,2.3474178403755868e-06,0.21589915556873496
0.0001,0.001,41700,2.3419203747072598e-06,0.21698964076363264
0.0001,0.001,41800,2.336448598130841e-06,0.21586469054649982
0.0001,0.001,41900,2.3310023310023313e-06,0.21585760616078684
0.0001,0.001,42000,2.325581395348837e-06,0.21656846037584504
0.0001,0.001,42100,2.320185614849188e-06,0.21586376331725096
0.0001,0.001,42200,2.3148148148148148e-06,0.21586577570013973
0.0001,0.001,42300,2.3094688221709006e-06,0.21583010420690527
0.0001,0.001,42400,2.3041474654377884e-06,0.215853337052189
0.0001,0.001,42500,2.2988505747126437e-06,0.21583473665345881
0.0001,0.001,42600,2.2935779816513764e-06,0.21582799759999766
0.0001,0.001,42700,2.288329519450801e-06,0.21600950808991304
0.0001,0.001,42800,2.2831050228310503e-06,0.21582274230474321
0.0001,0.001,42900,2.2779043280182233e-06,0.2158417606714372
0.0001,0.001,43000,2.2727272727272728e-06,0.2163455616021091
0.0001,0.001,43100,2.2675736961451247e-06,0.21590308294313168
0.0001,0.001,43200,2.2624434389140273e-06,0.21580557194867694
0.0001,0.001,43300,2.2573363431151243e-06,0.21581598830892385
0.0001,0.001,43400,2.2522522522522524e-06,0.2157818520582872
0.0001,0.001,43500,2.247191011235955e-06,0.21604111907188084
0.0001,0.001,43600,2.242152466367713e-06,0.21602667167526707
0.0001,0.001,43700,2.2371364653243846e-06,0.21700309108181093
0.0001,0.001,43800,2.232142857142857e-06,0.21578253300871514
0.0001,0.001,43900,2.2271714922048998e-06,0.21610136641291292
0.0001,0.001,44000,2.2222222222222225e-06,0.21579524177451148
0.0001,0.001,44100,2.2172949002217296e-06,0.21575485958952104
0.0001,0.001,44200,2.2123893805309734e-06,0.21577149074926957
0.0001,0.001,44300,2.2075055187637967e-06,0.2157694088514161
0.0001,0.001,44400,2.2026431718061677e-06,0.2157597183785957
0.0001,0.001,44500,2.197802197802198e-06,0.21574664443049058
0.0001,0.001,44600,2.1929824561403507e-06,0.2164933918726351
0.0001,0.001,44700,2.1881838074398247e-06,0.2157537290843253
0.0001,0.001,44800,2.1834061135371177e-06,0.2157326811673845
0.0001,0.001,44900,2.178649237472767e-06,0.21572421680858023
0.0001,0.001,45000,2.173913043478261e-06,0.21572857714175536
0.0001,0.001,45100,2.1691973969631237e-06,0.21573320206731916
0.0001,0.001,45200,2.1645021645021643e-06,0.21571361120464583
0.0001,0.001,45300,2.159827213822894e-06,0.2157124398610959
0.0001,0.001,45400,2.1551724137931035e-06,0.2157082497365329
0.0001,0.001,45500,2.1505376344086023e-06,0.21571709473557785
0.0001,0.001,45600,2.1459227467811158e-06,0.21570997569098535
0.0001,0.001,45700,2.1413276231263384e-06,0.21572522993091636
0.0001,0.001,45800,2.1367521367521365e-06,0.21570696542424775
0.0001,0.001,45900,2.1321961620469086e-06,0.21567797987171136
0.0001,0.001,46000,2.1276595744680853e-06,0.21569058969876526
0.0001,0.001,46100,2.1231422505307858e-06,0.2161012179525652
0.0001,0.001,46200,2.11864406779661e-06,0.21567382360251192
0.0001,0.001,46300,2.114164904862579e-06,0.21566976386900638
0.0001,0.001,46400,2.109704641350211e-06,0.21566487834205922
0.0001,0.001,46500,2.105263157894737e-06,0.21566502134885127
0.0001,0.001,46600,2.100840336134454e-06,0.215672878692524
0.0001,0.001,46700,2.0964360587002096e-06,0.21573000450115343
0.0001,0.001,46800,2.092050209205021e-06,0.2157244720959721
0.0001,0.001,46900,2.0876826722338207e-06,0.21565897604672182
0.0001,0.001,47000,2.0833333333333334e-06,0.2156521113485007
0.0001,0.001,47100,2.079002079002079e-06,0.21564275221735923
0.0001,0.001,47200,2.074688796680498e-06,0.21664877279705236
0.0001,0.001,47300,2.070393374741201e-06,0.21565801944794027
0.0001,0.001,47400,2.066115702479339e-06,0.21563125648922257
0.0001,0.001,47500,2.061855670103093e-06,0.21612406308053705
0.0001,0.001,47600,2.05761316872428e-06,0.21632245129328992
0.0001,0.001,47700,2.053388090349076e-06,0.21562038294364655
0.0001,0.001,47800,2.049180327868852e-06,0.2156102090944577
0.0001,0.001,47900,2.044989775051125e-06,0.21563053599807125
0.0001,0.001,48000,2.0408163265306125e-06,0.2156091241500736
0.0001,0.001,48100,2.0366598778004075e-06,0.21558765895682858
0.0001,0.001,48200,2.032520325203252e-06,0.21559965412795618
0.0001,0.001,48300,2.0283975659229206e-06,0.2175380728123764
0.0001,0.001,48400,2.0242914979757085e-06,0.215823939778462
0.0001,0.001,48500,2.02020202020202e-06,0.21559053432801062
0.0001,0.001,48600,2.0161290322580646e-06,0.21559202666566368
0.0001,0.001,48700,2.0120724346076457e-06,0.21568522482795824
0.0001,0.001,48800,2.008032128514056e-06,0.21557931741653602
0.0001,0.001,48900,2.004008016032064e-06,0.2155989990438259
0.0001,0.001,49000,2e-06,0.2155764941064231
0.0001,0.001,49100,1.9960079840319363e-06,0.21556503582646888
0.0001,0.001,49200,1.99203187250996e-06,0.21557009770120436
0.0001,0.001,49300,1.9880715705765407e-06,0.2155687881832425
0.0001,0.001,49400,1.9841269841269845e-06,0.21575235000875542
0.0001,0.001,49500,1.9801980198019803e-06,0.21556116752434004
0.0001,0.001,49600,1.9762845849802374e-06,0.21554898044166407
0.0001,0.001,49700,1.9723865877712033e-06,0.21585543480093541
0.0001,0.001,49800,1.968503937007874e-06,0.21553532093130562
0.0001,0.001,49900,1.9646365422396858e-06,0.21553652141885468
0.0001,0.001,49921,1.96382631920033e-06,0.21552637504602729
0.0001,0.001,49999,1.9608227612306126e-06,0.2155345632974528
0.0001,0.01,0,0.0001,8.700000000000001
0.0001,0.01,100,5e-05,5.166732478880277
0.0001,0.01,200,3.3333333333333335e-05,4.3980941644956335
0.0001,0.01,300,2.5e-05,3.9740174937918975
0.0001,0.01,400,2e-05,3.696994389643056
0.0001,0.01,500,1.6666666666666667e-05,3.5032357149155193
0.0001,0.01,600,1.4285714285714287e-05,3.343137354273773
0.0001,0.01,700,1.25e-05,3.2085797962877365
0.0001,0.01,800,1.1111111111111112e-05,3.0988412628366473
0.0001,0.01,900,1e-05,3.004367527387414
0.0001,0.01,1000,9.090909090909091e-06,2.9196022187936204
0.0001,0.01,1100,8.333333333333334e-06,2.8435075125448743
0.0001,0.01,1200,7.692307692307692e-06,2.780824076667925
0.0001,0.01,1300,7.1428571428571436e-06,2.7267767698650753
0.0001,0.01,1400,6.666666666666667e-06,2.680582700868842
0.0001,0.01,1500,6.25e-06,2.6375282293253997
0.0001,0.01,1600,5.882352941176471e-06,2.5981837858243453
0.0001,0.01,1700,5.555555555555556e-06,2.5621656013857317
0.0001,0.01,1800,5.263157894736842e-06,2.529065485879991
0.0001,0.01,1900,5e-06,2.499311977417227
0.0001,0.01,2000,4.761904761904762e-06,2.4714137840983983
0.0001,0.01,2100,4.5454545454545455e-06,2.444973803241783
0.0001,0.01,2200,4.347826086956522e-06,2.420152654863754
0.0001,0.01,2300,4.166666666666667e-06,2.3967227834683738
0.0001,0.01,2400,4e-06,2.3747627218038296
0.0001,0.01,2500,3.846153846153846e-06,2.352813638947551
0.0001,0.01,2600,3.7037037037037037e-06,2.3321561375545414
0.0001,0.01,2700,3.5714285714285718e-06,2.3119735667223735
0.0001,0.01,2800,3.448275862068966e-06,2.2930073299170557
0.0001,0.01,2900,3.3333333333333333e-06,2.274658584727324
0.0001,0.01,3000,3.225806451612903e-06,2.257073330826008
0.0001,0.01,3100,3.125e-06,2.2400198620716942
0.0001,0.01,3200,3.0303030303030305e-06,2.2238652863700814
0.0001,0.01,3300,2.9411764705882355e-06,2.208248116304771
0.0001,0.01,3400,2.8571428571428573e-06,2.1922194316123194
0.0001,0.01,3500,2.777777777777778e-06,2.1770567998358885
0.0001,0.01,3600,2.702702702702703e-06,2.1624305540409856
0.0001,0.01,3700,2.631578947368421e-06,2.14827766491463
0.0001,0.01,3800,2.5641025641025644e-06,2.1346309836853874
0.0001,0.01,3900,2.5e-06,2.1208891474537217
0.0001,0.01,4000,2.4390243902439027e-06,2.1082751822275405
0.0001,0.01,4100,2.380952380952381e-06,2.094961065444547
0.0001,0.01,4200,2.325581395348837e-06,2.0824270609732496
0.0001,0.01,4300,2.2727272727272728e-06,2.0705392993996488
0.0001,0.01,4400,2.2222222222222225e-06,2.058242760703611
0.0001,0.01,4500,2.173913043478261e-06,2.0465752626662903
0.0001,0.01,4600,2.1276595744680853e-06,2.0351023265852213
0.0001,0.01,4700,2.0833333333333334e-06,2.02420181664747
0.0001,0.01,4800,2.0408163265306125e-06,2.0130818626477627
0.0001,0.01,4900,2e-06,2.00266804765177
0.0001,0.01,5000,1.96078431372549e-06,1.991816792690548
0.0001,0.01,5100,1.923076923076923e-06,1.9814739018457581
0.0001,0.01,5200,1.8867924528301889e-06,1.9715051594811002
0.0001,0.01,5300,1.8518518518518519e-06,1.9615537724035255
0.0001,0.01,5400,1.8181818181818183e-06,1.9517501218499638
0.0001,0.01,5500,1.7857142857142859e-06,1.9424620755230189
0.0001,0.01,5600,1.7543859649122807e-06,1.9328849332585523
0.0001,0.01,5700,1.724137931034483e-06,1.9236363738166202
0.0001,0.01,5800,1.6949152542372882e-06,1.914886300556712
0.0001,0.01,5900,1.6666666666666667e-06,1.9057490222121771
0.0001,0.01,6000,1.639344262295082e-06,1.8969929511158508
0.0001,0.01,6100,1.6129032258064516e-06,1.8883865518265845
0.0001,0.01,6200,1.5873015873015873e-06,1.8801466719142934
0.0001,0.01,6300,1.5625e-06,1.8720797773212057
0.0001,0.01,6400,1.5384615384615385e-06,1.8641989189053374
0.0001,0.01,6500,1.5151515151515152e-06,1.8564038211339737
0.0001,0.01,6600,1.492537313432836e-06,1.849188504460414
0.0001,0.01,6700,1.4705882352941177e-06,1.842394150205943
0.0001,0.01,6800,1.4492753623188406e-06,1.8349598288662743
0.0001,0.01,6900,1.4285714285714286e-06,1.8280420549797074
0.0001,0.01,7000,1.4084507042253521e-06,1.8211813359850386
0.0001,0.01,7100,1.388888888888889e-06,1.81492276752524
0.0001,0.01,7200,1.3698630136986302e-06,1.808528143849741
0.0001,0.01,7300,1.3513513513513515e-06,1.802918840249427
0.0001,0.01,7400,1.3333333333333334e-06,1.7966639174634276
0.0001,0.01,7500,1.3157894736842106e-06,1.7908803185904185
0.0001,0.01,7600,1.2987012987012988e-06,1.7851277982945557
0.0001,0.01,7700,1.2820512820512822e-06,1.7798161164685424
0.0001,0.01,7800,1.2658227848101267e-06,1.7738584424700006
0.0001,0.01,7900,1.25e-06,1.7683181951930786
0.0001,0.01,8000,1.234567901234568e-06,1.7628830790871448
0.0001,0.01,8100,1.2195121951219514e-06,1.7574989511650763
0.0001,0.01,8200,1.2048192771084338e-06,1.752759196532247
0.0001,0.01,8300,1.1904761904761906e-06,1.7475239201191846
0.0001,0.01,8400,1.1764705882352942e-06,1.7426160848624423
0.0001,0.01,8500,1.1627906976744186e-06,1.7378219960926746
0.0001,0.01,8600,1.1494252873563219e-06,1.7330506757705066
0.0001,0.01,8700,1.1363636363636364e-06,1.7283577440736222
0.0001,0.01,8800,1.1235955056179775e-06,1.7239281319463986
0.0001,0.01,8900,1.1111111111111112e-06,1.71918070263609
0.0001,0.01,9000,1.098901098901099e-06,1.7145451079180334
0.0001,0.01,9100,1.0869565217391306e-06,1.7100062801737643
0.0001,0.01,9200,1.0752688172043011e-06,1.7055790414975913
0.0001,0.01,9300,1.0638297872340427e-06,1.7013352673866762
0.0001,0.01,9400,1.0526315789473685e-06,1.6970629819887204
0.0001,0.01,9500,1.0416666666666667e-06,1.692503413630787
0.0001,0.01,9600,1.0309278350515464e-06,1.6885259759507922
0.0001,0.01,9700,1.0204081632653063e-06,1.6846020912168156
0.0001,0.01,9800,1.01010101010101e-06,1.680744138722866
0.0001,0.01,9900,1e-06,1.6771956310348297
0.0001,0.01,10000,9.900990099009902e-07,1.6732202779964735
0.0001,0.01,10100,9.80392156862745e-07,1.6695898912443987
0.0001,0.01,10200,9.70873786407767e-07,1.6658425784914088
0.0001,0.01,10300,9.615384615384615e-07,1.662189109125438
0.0001,0.01,10400,9.523809523809525e-07,1.6588523636112882
0.0001,0.01,10500,9.433962264150944e-07,1.6550318302765854
0.0001,0.01,10600,9.345794392523365e-07,1.6516217203076748
0.0001,0.01,10700,9.259259259259259e-07,1.6481076964194363
0.0001,0.01,10800,9.174311926605505e-07,1.644702984542941
0.0001,0.01,10900,9.090909090909091e-07,1.6411142856260896
0.0001,0.01,11000,9.00900900900901e-07,1.6377927656657383
0.0001,0.01,11100,8.928571428571429e-07,1.6343671624605018
0.0001,0.01,11200,8.849557522123894e-07,1.6310294926067466
0.0001,0.01,11300,8.771929824561404e-07,1.6278176798243713
0.0001,0.01,11400,8.695652173913044e-07,1.6246314180011747
0.0001,0.01,11500,8.620689655172415e-07,1.6212862862808086
0.0001,0.01,11600,8.547008547008547e-07,1.618143878710961
0.0001,0.01,11700,8.474576271186441e-07,1.6149007713397998
0.0001,0.01,11800,8.403361344537815e-07,1.611776375607593
0.0001,0.01,11900,8.333333333333333e-07,1.6087291497684761
0.0001,0.01,12000,8.264462809917356e-07,1.6059321712597225
0.0001,0.01,12100,8.19672131147541e-07,1.6028046954474642
0.0001,0.01,12200,8.130081300813008e-07,1.599860301687462
0.0001,0.01,12300,8.064516129032258e-07,1.5969646300072198
0.0001,0.01,12400,8.000000000000001e-07,1.5941231777165341
0.0001,0.01,12500,7.936507936507937e-07,1.5912738559039847
0.0001,0.01,12600,7.874015748031496e-07,1.5885846768963519
0.0001,0.01,12700,7.8125e-07,1.5856497608667772
0.0001,0.01,12800,7.751937984496125e-07,1.5829759490181075
0.0001,0.01,12900,7.692307692307693e-07,1.580084016085936
0.0001,0.01,13000,7.633587786259542e-07,1.5773760970981747
0.0001,0.01,13100,7.575757575757576e-07,1.574579739733977
0.0001,0.01,13200,7.518796992481203e-07,1.5720331373903182
0.0001,0.01,13300,7.46268656716418e-07,1.5691907103987106
0.0001,0.01,13400,7.407407407407407e-07,1.5665294451205627
0.0001,0.01,13500,7.352941176470589e-07,1.5640259693533165
0.0001,0.01,13600,7.299270072992701e-07,1.5614545775904358
0.0001,0.01,13700,7.246376811594203e-07,1.5588681905653325
0.0001,0.01,13800,7.194244604316547e-07,1.5562306959091414
0.0001,0.01,13900,7.142857142857143e-07,1.5535578204054696
0.0001,0.01,14000,7.092198581560284e-07,1.5509848488108287
0.0001,0.01,14100,7.042253521126761e-07,1.5484604538361126
0.0001,0.01,14200,6.993006993006994e-07,1.5459635261922553
0.0001,0.01,14300,6.944444444444445e-07,1.5435745899439606
0.0001,0.01,14400,6.896551724137931e-07,1.541008634607963
0.0001,0.01,14500,6.849315068493151e-07,1.5385246082657902
0.0001,0.01,14600,6.802721088435375e-07,1.536135851773281
0.0001,0.01,14700,6.756756756756758e-07,1.5338062604225604
0.0001,0.01,14800,6.711409395973154e-07,1.5312532308264224
0.0001,0.01,14900,6.666666666666667e-07,1.528888973664696
0.0001,0.01,15000,6.622516556291391e-07,1.52666635158391
0.0001,0.01,15100,6.578947368421053e-07,1.5242618894389484
0.0001,0.01,15200,6.535947712418301e-07,1.5218504639792962
0.0001,0.01,15300,6.493506493506494e-07,1.5195760359794142
0.0001,0.01,15400,6.451612903225807e-07,1.5171543450988763
0.0001,0.01,15500,6.410256410256411e-07,1.5148661426273358
0.0001,0.01,15600,6.369426751592357e-07,1.512757587264852
0.0001,0.01,15700,6.329113924050634e-07,1.5103122589513638
0.0001,0.01,15800,6.289308176100629e-07,1.5080961888483717
0.0001,0.01,15900,6.25e-07,1.5059097980610947
0.0001,0.01,16000,6.211180124223603e-07,1.5037879890887587
0.0001,0.01,16100,6.17283950617284e-07,1.5017191801431955
0.0001,0.01,16200,6.134969325153374e-07,1.4996441047772773
0.0001,0.01,16300,6.097560975609757e-07,1.4974984041305783
0.0001,0.01,16400,6.060606060606061e-07,1.4954323966236431
0.0001,0.01,16500,6.024096385542169e-07,1.4935238748524557
0.0001,0.01,16600,5.988023952095808e-07,1.4913774467531609
0.0001,0.01,16700,5.952380952380953e-07,1.489373064844868
0.0001,0.01,16800,5.91715976331361e-07,1.487287105036258
0.0001,0.01,16900,5.882352941176471e-07,1.485283461817015
0.0001,0.01,17000,5.847953216374269e-07,1.483374081247524
0.0001,0.01,17100,5.813953488372093e-07,1.4814379714720471
0.0001,0.01,17200,5.780346820809249e-07,1.4793339924421622
0.0001,0.01,17300,5.747126436781609e-07,1.4774021243846
0.0001,0.01,17400,5.714285714285715e-07,1.4754787967903154
0.0001,0.01,17500,5.681818181818182e-07,1.473527861564649
0.0001,0.01,17600,5.649717514124295e-07,1.4716554021944341
0.0001,0.01,17700,5.617977528089887e-07,1.4698023012553663
0.0001,0.01,17800,5.58659217877095e-07,1.4678778090820457
0.0001,0.01,17900,5.555555555555556e-07,1.465871111621928
0.0001,0.01,18000,5.524861878453039e-07,1.4640834924209318
0.0001,0.01,18100,5.494505494505495e-07,1.4622465021622717
0.0001,0.01,18200,5.46448087431694e-07,1.4603209086332485
0.0001,0.01,18300,5.434782608695653e-07,1.4584991674434982
0.0001,0.01,18400,5.405405405405406e-07,1.4565635358872604
0.0001,0.01,18500,5.376344086021506e-07,1.4548330087567827
0.0001,0.01,18600,5.347593582887701e-07,1.4529665622456351
0.0001,0.01,18700,5.319148936170213e-07,1.4511223347799864
0.0001,0.01,18800,5.291005291005291e-07,1.4493254917606413
0.0001,0.01,18900,5.263157894736843e-07,1.4475848269161748
0.0001,0.01,19000,5.235602094240838e-07,1.4457435829685936
0.0001,0.01,19100,5.208333333333334e-07,1.444000080233751
0.0001,0.01,19200,5.181347150259067e-07,1.442309922396254
0.0001,0.01,19300,5.154639175257732e-07,1.4405173662501702
0.0001,0.01,19400,5.128205128205128e-07,1.438717511564698
0.0001,0.01,19500,5.102040816326531e-07,1.436990135791676
0.0001,0.01,19600,5.076142131979696e-07,1.4354067074943504
0.0001,0.01,19700,5.05050505050505e-07,1.4336084037680792
0.0001,0.01,19800,5.025125628140703e-07,1.4318678717132913
0.0001,0.01,19900,5e-07,1.4301462120357624
0.0001,0.01,20000,4.975124378109453e-07,1.428524131861127
0.0001,0.01,20100,4.950495049504951e-07,1.4267938750002895
0.0001,0.01,20200,4.926108374384237e-07,1.425128180658498
0.0001,0.01,20300,4.901960784313725e-07,1.4235715580854764
0.0001,0.01,20400,4.878048780487805e-07,1.4217746313795527
0.0001,0.01,20500,4.854368932038835e-07,1.420218203171574
0.0001,0.01,20600,4.830917874396135e-07,1.4184960442841092
0.0001,0.01,20700,4.807692307692307e-07,1.416959084413333
0.0001,0.01,20800,4.784688995215311e-07,1.4152492036565514
0.0001,0.01,20900,4.7619047619047623e-07,1.4136430923982044
0.0001,0.01,21000,4.7393364928909956e-07,1.4120414810299475
0.0001,0.01,21100,4.716981132075472e-07,1.4104368855722351
0.0001,0.01,21200,4.694835680751174e-07,1.4089588485322406
0.0001,0.01,21300,4.6728971962616824e-07,1.407261038005917
0.0001,0.01,21400,4.651162790697675e-07,1.4056811986001552
0.0001,0.01,21500,4.6296296296296297e-07,1.4042309730740545
0.0001,0.01,21600,4.6082949308755763e-07,1.402558800528276
0.0001,0.01,21700,4.587155963302752e-07,1.4010099923070287
0.0001,0.01,21800,4.566210045662101e-07,1.3994536193243114
0.0001,0.01,21900,4.5454545454545457e-07,1.3980111448260952
0.0001,0.01,22000,4.5248868778280546e-07,1.3964555686090194
0.0001,0.01,22100,4.504504504504505e-07,1.3949343103370904
0.0001,0.01,22200,4.484304932735426e-07,1.3933915375720376
0.0001,0.01,22300,4.4642857142857147e-07,1.3919460764306033
0.0001,0.01,22400,4.444444444444445e-07,1.3903319893199886
0.0001,0.01,22500,4.424778761061947e-07,1.38885858451414
0.0001,0.01,22600,4.405286343612335e-07,1.3873503147585995
0.0001,0.01,22700,4.385964912280702e-07,1.3858743945750989
0.0001,0.01,22800,4.366812227074236e-07,1.384409718682508
0.0001,0.01,22900,4.347826086956522e-07,1.3829242800873975
0.0001,0.01,23000,4.329004329004329e-07,1.38148400904144
0.0001,0.01,23100,4.3103448275862073e-07,1.3799972469084274
0.0001,0.01,23200,4.291845493562232e-07,1.3785912425424343
0.0001,0.01,23300,4.2735042735042736e-07,1.377194470501543
0.0001,0.01,23400,4.2553191489361704e-07,1.3756744528566682
0.0001,0.01,23500,4.2372881355932204e-07,1.3743344117524985
0.0001,0.01,23600,4.219409282700422e-07,1.3728627183940707
0.0001,0.01,23700,4.2016806722689076e-07,1.3713926431132528
0.0001,0.01,23800,4.184100418410042e-07,1.3700393874253454
0.0001,0.01,23900,4.1666666666666667e-07,1.3685760160823341
0.0001,0.01,24000,4.149377593360996e-07,1.367170345056267
0.0001,0.01,24100,4.132231404958678e-07,1.3657759911198393
0.0001,0.01,24200,4.11522633744856e-07,1.3643960470173837
0.0001,0.01,24300,4.098360655737705e-07,1.3630069735782133
0.0001,0.01,24400,4.081632653061225e-07,1.3616162942564967
0.0001,0.01,24500,4.065040650406504e-07,1.360267974233303
0.0001,0.01,24600,4.048582995951417e-07,1.3588846508744359
0.0001,0.01,24700,4.032258064516129e-07,1.357523452423488
0.0001,0.01,24800,4.0160642570281125e-07,1.3561973175238335
0.0001,0.01,24900,4.0000000000000003e-07,1.3548298843242503
0.0001,0.01,25000,3.9840637450199207e-07,1.3534851207555219
0.0001,0.01,25100,3.9682539682539683e-07,1.3521527167833916
0.0001,0.01,25200,3.9525691699604747e-07,1.3508113735743397
0.0001,0.01,25300,3.937007874015748e-07,1.3495329597948242
0.0001,0.01,25400,3.921568627450981e-07,1.3482033743831472
0.0001,0.01,25500,3.90625e-07,1.346859869401161
0.0001,0.01,25600,3.8910505836575877e-07,1.3455266664775685
0.0001,0.01,25700,3.8759689922480623e-07,1.344210013053632
0.0001,0.01,25800,3.8610038610038613e-07,1.342963459083268
0.0001,0.01,25900,3.8461538461538463e-07,1.341657762940408
0.0001,0.01,26000,3.831417624521073e-07,1.3403783133827125
0.0001,0.01,26100,3.816793893129771e-07,1.3390487696530597
0.0001,0.01,26200,3.802281368821293e-07,1.3377580971752656
0.0001,0.01,26300,3.787878787878788e-07,1.336568191729134
0.0001,0.01,26400,3.773584905660378e-07,1.3352946001834713
0.0001,0.01,26500,3.7593984962406015e-07,1.334020045967443
0.0001,0.01,26600,3.7453183520599253e-07,1.3326841933306546
0.0001,0.01,26700,3.73134328358209e-07,1.3314130039521936
0.0001,0.01,26800,3.717472118959108e-07,1.3302549142969808
0.0001,0.01,26900,3.7037037037037036e-07,1.32893443779483
0.0001,0.01,27000,3.690036900369004e-07,1.3277054392622147
0.0001,0.01,27100,3.6764705882352943e-07,1.326437525669891
0.0001,0.01,27200,3.663003663003663e-07,1.3252125459237603
0.0001,0.01,27300,3.6496350364963505e-07,1.3240381047977863
0.0001,0.01,27400,3.6363636363636366e-07,1.3227458883165655
0.0001,0.01,27500,3.6231884057971015e-07,1.3216223060213212
0.0001,0.01,27600,3.610108303249098e-07,1.3203281288295272
0.0001,0.01,27700,3.5971223021582736e-07,1.3191469284222415
0.0001,0.01,27800,3.5842293906810036e-07,1.317895589071031
0.0001,0.01,27900,3.5714285714285716e-07,1.3166929298929513
0.0001,0.01,28000,3.5587188612099647e-07,1.3155156206977268
0.0001,0.01,28100,3.546099290780142e-07,1.3143072350954714
0.0001,0.01,28200,3.53356890459364e-07,1.3131069563089333
0.0001,0.01,28300,3.5211267605633803e-07,1.311928002456122
0.0001,0.01,28400,3.5087719298245616e-07,1.3107400392537836
0.0001,0.01,28500,3.496503496503497e-07,1.3095717160630178
0.0001,0.01,28600,3.4843205574912896e-07,1.3083975915120107
0.0001,0.01,28700,3.4722222222222224e-07,1.3072339771414343
0.0001,0.01,28800,3.4602076124567474e-07,1.306083140524732
0.0001,0.01,28900,3.4482758620689656e-07,1.3048945254746613
0.0001,0.01,29000,3.436426116838488e-07,1.3037611951238892
0.0001,0.01,29100,3.4246575342465755e-07,1.302591310102568
0.0001,0.01,29200,3.4129692832764504e-07,1.301449207199736
0.0001,0.01,29300,3.4013605442176873e-07,1.300309953042023
0.0001,0.01,29400,3.3898305084745766e-07,1.2992355052503148
0.0001,0.01,29500,3.378378378378379e-07,1.2980240844758952
0.0001,0.01,29600,3.3670033670033673e-07,1.2968931647982596
0.0001,0.01,29700,3.355704697986577e-07,1.2957887691466061
0.0001,0.01,29800,3.3444816053511706e-07,1.294666297939751
0.0001,0.01,29900,3.3333333333333335e-07,1.293518062240466
0.0001,0.01,30000,3.3222591362126246e-07,1.292401345190188
0.0001,0.01,30100,3.3112582781456954e-07,1.291286748457749
0.0001,0.01,30200,3.3003300330033e-07,1.2901900462971083
0.0001,0.01,30300,3.2894736842105264e-07,1.2891016492550578
0.0001,0.01,30400,3.278688524590164e-07,1.2880459884427244
0.0001,0.01,30500,3.2679738562091505e-07,1.286875809934741
0.0001,0.01,30600,3.257328990228013e-07,1.285780746000312
0.0001,0.01,30700,3.246753246753247e-07,1.2846886298290012
0.0001,0.01,30800,3.236245954692557e-07,1.2836809911899367
0.0001,0.01,30900,3.2258064516129035e-07,1.282513522893215
0.0001,0.01,31000,3.2154340836012864e-07,1.281484651274307
0.0001,0.01,31100,3.2051282051282055e-07,1.2803982316741926
0.0001,0.01,31200,3.194888178913738e-07,1.279277822533592
0.0001,0.01,31300,3.1847133757961787e-07,1.2782150949300997
0.0001,0.01,31400,3.174603174603175e-07,1.2771513040910858
0.0001,0.01,31500,3.164556962025317e-07,1.2760975991263168
0.0001,0.01,31600,3.1545741324921137e-07,1.2750254852230174
0.0001,0.01,31700,3.1446540880503144e-07,1.273982777448657
0.0001,0.01,31800,3.134796238244514e-07,1.2729185837721928
0.0001,0.01,31900,3.125e-07,1.2719484969516237
0.0001,0.01,32000,3.1152647975077885e-07,1.2708726022933121
0.0001,0.01,32100,3.1055900621118013e-07,1.2697879122386702
0.0001,0.01,32200,3.0959752321981424e-07,1.268746381012031
0.0001,0.01,32300,3.08641975308642e-07,1.2677114057604786
0.0001,0.01,32400,3.076923076923077e-07,1.2666725830894672
0.0001,0.01,32500,3.067484662576687e-07,1.2656427707272644
0.0001,0.01,32600,3.0581039755351683e-07,1.2646165681858565
0.0001,0.01,32700,3.0487804878048784e-07,1.263602738611446
0.0001,0.01,32800,3.03951367781155e-07,1.2625707675339446
0.0001,0.01,32900,3.0303030303030305e-07,1.2615837043981735
0.0001,0.01,33000,3.0211480362537766e-07,1.2605741569313622
0.0001,0.01,33100,3.0120481927710845e-07,1.2595304585913567
0.0001,0.01,33200,3.003003003003003e-07,1.2585343512612843
0.0001,0.01,33300,2.994011976047904e-07,1.2575362748752272
0.0001,0.01,33400,2.9850746268656716e-07,1.2565165761643147
0.0001,0.01,33500,2.9761904761904765e-07,1.255521061289239
0.0001,0.01,33600,2.967359050445104e-07,1.2545230080018452
0.0001,0.01,33700,2.958579881656805e-07,1.2535438553048956
0.0001,0.01,33800,2.9498525073746315e-07,1.2526101717081624
0.0001,0.01,33900,2.9411764705882356e-07,1.2515524494000747
0.0001,0.01,34000,2.932551319648094e-07,1.2505690954274462
0.0001,0.01,34100,2.9239766081871344e-07,1.2495952005644204
0.0001,0.01,34200,2.915451895043732e-07,1.2486182630901643
0.0001,0.01,34300,2.9069767441860464e-07,1.2476702781602638
0.0001,0.01,34400,2.898550724637681e-07,1.2466829936705026
0.0001,0.01,34500,2.8901734104046247e-07,1.2457187644406447
0.0001,0.01,34600,2.8818443804034586e-07,1.2447593625534432
0.0001,0.01,34700,2.8735632183908047e-07,1.2437981686306243
0.0001,0.01,34800,2.865329512893983e-07,1.2428808069869626
0.0001,0.01,34900,2.8571428571428575e-07,1.2418841874280875
0.0001,0.01,35000,2.849002849002849e-07,1.2410281844281597
0.0001,0.01,35100,2.840909090909091e-07,1.2400007100942845
0.0001,0.01,35200,2.8328611898017e-07,1.2390467242725087
0.0001,0.01,35300,2.8248587570621473e-07,1.2381066527390108
0.0001,0.01,35400,2.8169014084507043e-07,1.2371695380828307
0.0001,0.01,35500,2.8089887640449437e-07,1.236236756467143
0.0001,0.01,35600,2.801120448179272e-07,1.235357824782158
0.0001,0.01,35700,2.793296089385475e-07,1.2343733676294024
0.0001,0.01,35800,2.785515320334262e-07,1.2334407387701418
0.0001,0.01,35900,2.777777777777778e-07,1.2325605149366015
0.0001,0.01,36000,2.770083102493075e-07,1.2315936547435267
0.0001,0.01,36100,2.7624309392265196e-07,1.230674785474314
0.0001,0.01,36200,2.7548209366391183e-07,1.2297736437254199
0.0001,0.01,36300,2.7472527472527475e-07,1.228897413663396
0.0001,0.01,36400,2.73972602739726e-07,1.227937107810125
0.0001,0.01,36500,2.73224043715847e-07,1.2270889992435017
0.0001,0.01,36600,2.7247956403269756e-07,1.226122728982302
0.0001,0.01,36700,2.7173913043478264e-07,1.2252260992672854
0.0001,0.01,36800,2.710027100271003e-07,1.224317293043688
0.0001,0.01,36900,2.702702702702703e-07,1.2234580757850466
0.0001,0.01,37000,2.6954177897574125e-07,1.222556521397573
0.0001,0.01,37100,2.688172043010753e-07,1.2216264884995551
0.0001,0.01,37200,2.6809651474530835e-07,1.2207496909149667
0.0001,0.01,37300,2.6737967914438503e-07,1.2198581394678616
0.0001,0.01,37400,2.6666666666666667e-07,1.2190289412960373
0.0001,0.01,37500,2.6595744680851066e-07,1.2180871900681574
0.0001,0.01,37600,2.6525198938992043e-07,1.2172332678951978
0.0001,0.01,37700,2.6455026455026455e-07,1.2163696308404897
0.0001,0.01,37800,2.6385224274406334e-07,1.215438741715949
0.0001,0.01,37900,2.6315789473684213e-07,1.2145816328471055
0.0001,0.01,38000,2.624671916010499e-07,1.2137045131146165
0.0001,0.01,38100,2.617801047120419e-07,1.2128772668626273
0.0001,0.01,38200,2.610966057441253e-07,1.2119606068962416
0.0001,0.01,38300,2.604166666666667e-07,1.2110931088982173
0.0001,0.01,38400,2.5974025974025974e-07,1.2102948314465007
0.0001,0.01,38500,2.5906735751295336e-07,1.2093761537242709
0.0001,0.01,38600,2.583979328165375e-07,1.2085120858021055
0.0001,0.01,38700,2.577319587628866e-07,1.2077207429303418
0.0001,0.01,38800,2.5706940874035993e-07,1.2068333025471651
0.0001,0.01,38900,2.564102564102564e-07,1.205972984680818
0.0001,0.01,39000,2.5575447570332484e-07,1.2051103809980575
0.0001,0.01,39100,2.5510204081632656e-07,1.2042565941427237
0.0001,0.01,39200,2.544529262086514e-07,1.2033992730049692
0.0001,0.01,39300,2.538071065989848e-07,1.2025630244967882
0.0001,0.01,39400,2.5316455696202533e-07,1.2017198546128194
0.0001,0.01,39500,2.525252525252525e-07,1.200880249320333
0.0001,0.01,39600,2.518891687657431e-07,1.2001196426328
0.0001,0.01,39700,2.5125628140703517e-07,1.199290390724361
0.0001,0.01,39800,2.5062656641604014e-07,1.1984264560433064
0.0001,0.01,39900,2.5e-07,1.1975506934620208
0.0001,0.01,40000,2.4937655860349126e-07,1.1967194061089859
0.0001,0.01,40100,2.4875621890547267e-07,1.1958935678747744
0.0001,0.01,40200,2.481389578163772e-07,1.1950711031716883
0.0001,0.01,40300,2.4752475247524754e-07,1.1942492312215298
0.0001,0.01,40400,2.469135802469136e-07,1.1934907057919433
0.0001,0.01,40500,2.4630541871921185e-07,1.1926126134123116
0.0001,0.01,40600,2.457002457002457e-07,1.1918146450955793
0.0001,0.01,40700,2.4509803921568627e-07,1.1909828559111806
0.0001,0.01,40800,2.4449877750611247e-07,1.1902386511511485
0.0001,0.01,40900,2.439024390243903e-07,1.1894007720268447
0.0001,0.01,41000,2.4330900243309e-07,1.1886030725785415
0.0001,0.01,41100,2.4271844660194176e-07,1.1877524551554597
0.0001,0.01,41200,2.421307506053269e-07,1.1869752677906107
0.0001,0.01,41300,2.4154589371980677e-07,1.1861453514084304
0.0001,0.01,41400,2.4096385542168674e-07,1.1853778766853698
0.0001,0.01,41500,2.4038461538461537e-07,1.1845691174635131
0.0001,0.01,41600,2.3980815347721825e-07,1.1838146278247166
0.0001,0.01,41700,2.3923444976076555e-07,1.1829654539253178
0.0001,0.01,41800,2.386634844868735e-07,1.1822011348752395
0.0001,0.01,41900,2.3809523809523811e-07,1.1813981372609663
0.0001,0.01,42000,2.3752969121140143e-07,1.1806037443563075
0.0001,0.01,42100,2.3696682464454978e-07,1.1798182701999342
0.0001,0.01,42200,2.364066193853428e-07,1.1790240896591184
0.0001,0.01,42300,2.358490566037736e-07,1.1782423972366136
0.0001,0.01,42400,2.3529411764705883e-07,1.1774663661745834
0.0001,0.01,42500,2.347417840375587e-07,1.1766927701202199
0.0001,0.01,42600,2.34192037470726e-07,1.1759055635444013
0.0001,0.01,42700,2.3364485981308412e-07,1.1751697165715924
0.0001,0.01,42800,2.331002331002331e-07,1.174362747895043
0.0001,0.01,42900,2.3255813953488374e-07,1.1735852728059801
0.0001,0.01,43000,2.320185614849188e-07,1.1728155793742454
0.0001,0.01,43100,2.3148148148148148e-07,1.1720561932624736
0.0001,0.01,43200,2.3094688221709008e-07,1.1712817224205727
0.0001,0.01,43300,2.3041474654377881e-07,1.170519286842388
0.0001,0.01,43400,2.2988505747126437e-07,1.169772016867806
0.0001,0.01,43500,2.293577981651376e-07,1.1690507368118421
0.0001,0.01,43600,2.288329519450801e-07,1.1682438547037874
0.0001,0.01,43700,2.2831050228310505e-07,1.1675655901086146
0.0001,0.01,43800,2.2779043280182233e-07,1.166834450704409
0.0001,0.01,43900,2.2727272727272729e-07,1.1661574118088274
0.0001,0.01,44000,2.267573696145125e-07,1.1654943460954992
0.0001,0.01,44100,2.2624434389140273e-07,1.1648229074932919
0.0001,0.01,44200,2.2573363431151243e-07,1.1641522155343291
0.0001,0.01,44300,2.2522522522522524e-07,1.1635231077377846
0.0001,0.01,44400,2.247191011235955e-07,1.162843084007455
0.0001,0.01,44500,2.242152466367713e-07,1.1621739298607783
0.0001,0.01,44600,2.2371364653243848e-07,1.1615064607950416
0.0001,0.01,44700,2.2321428571428574e-07,1.1608433705230932
0.0001,0.01,44800,2.2271714922049e-07,1.1601822190023898
0.0001,0.01,44900,2.2222222222222224e-07,1.159534532453684
0.0001,0.01,45000,2.2172949002217296e-07,1.1588701949165656
0.0001,0.01,45100,2.2123893805309735e-07,1.158216008907381
0.0001,0.01,45200,2.207505518763797e-07,1.1575816310900156
0.0001,0.01,45300,2.2026431718061676e-07,1.1569165878964238
0.0001,0.01,45400,2.1978021978021978e-07,1.1562900929902264
0.0001,0.01,45500,2.192982456140351e-07,1.1556486759471214
0.0001,0.01,45600,2.188183807439825e-07,1.1550012391786417
0.0001,0.01,45700,2.183406113537118e-07,1.1543250046931934
0.0001,0.01,45800,2.178649237472767e-07,1.1537276645820063
0.0001,0.01,45900,2.173913043478261e-07,1.1530701775680954
0.0001,0.01,46000,2.1691973969631237e-07,1.1524052780946883
0.0001,0.01,46100,2.1645021645021646e-07,1.1517627852054941
0.0001,0.01,46200,2.1598272138228942e-07,1.1511533399523244
0.0001,0.01,46300,2.1551724137931036e-07,1.1504960720883144
0.0001,0.01,46400,2.1505376344086022e-07,1.1498520891115338
0.0001,0.01,46500,2.145922746781116e-07,1.1492273443458725
0.0001,0.01,46600,2.1413276231263384e-07,1.1485887332818316
0.0001,0.01,46700,2.1367521367521368e-07,1.147965011401734
0.0001,0.01,46800,2.1321961620469084e-07,1.1473310331142388
0.0001,0.01,46900,2.1276595744680852e-07,1.146749825759041
0.0001,0.01,47000,2.1231422505307858e-07,1.1460721447197662
0.0001,0.01,47100,2.1186440677966102e-07,1.1454907495029483
0.0001,0.01,47200,2.1141649048625795e-07,1.144986510622953
0.0001,0.01,47300,2.109704641350211e-07,1.144417828723713
0.0001,0.01,47400,2.105263157894737e-07,1.1438953684841595
0.0001,0.01,47500,2.1008403361344538e-07,1.1433735385122274
0.0001,0.01,47600,2.0964360587002096e-07,1.1428559726821008
0.0001,0.01,47700,2.092050209205021e-07,1.1423284086289016
0.0001,0.01,47800,2.0876826722338207e-07,1.141812644279614
0.0001,0.01,47900,2.0833333333333333e-07,1.1412885014345535
0.0001,0.01,48000,2.0790020790020791e-07,1.1407811734237274
0.0001,0.01,48100,2.074688796680498e-07,1.1402844695862429
0.0001,0.01,48200,2.0703933747412008e-07,1.139755356194938
0.0001,0.01,48300,2.066115702479339e-07,1.1392258079828514
0.0001,0.01,48400,2.061855670103093e-07,1.1387357579576363
0.0001,0.01,48500,2.05761316872428e-07,1.1382231540821286
0.0001,0.01,48600,2.053388090349076e-07,1.137700431385538
0.0001,0.01,48700,2.0491803278688526e-07,1.1371958856810813
0.0001,0.01,48800,2.044989775051125e-07,1.1366898107571004
0.0001,0.01,48900,2.0408163265306124e-07,1.1362306338960733
0.0001,0.01,49000,2.0366598778004074e-07,1.135721642459488
0.0001,0.01,49100,2.032520325203252e-07,1.135229824182183
0.0001,0.01,49200,2.028397565922921e-07,1.1347456599063697
0.0001,0.01,49300,2.0242914979757086e-07,1.1342647701360749
0.0001,0.01,49400,2.0202020202020202e-07,1.133802112544356
0.0001,0.01,49500,2.0161290322580645e-07,1.133321341598605
0.0001,0.01,49600,2.012072434607646e-07,1.1328292924334606
0.0001,0.01,49700,2.0080321285140563e-07,1.132361055071414
0.0001,0.01,49800,2.0040080160320643e-07,1.1318899307522092
0.0001,0.01,49900,2.0000000000000002e-07,1.1313938870121834
0.0001,0.01,49999,1.9960478253058943e-07,1.1309260603476166
0.0005,0.0,0,0.0005,8.700000000000001
0.0005,0.0,100,0.0005,1.646600198274868
0.0005,0.0,200,0.0005,0.6213987383332221
0.0005,0.0,300,0.0005,0.35567643467958754
0.0005,0.0,400,0.0005,0.33042407039915156
0.0005,0.0,500,0.0005,0.27386901140814746
0.0005,0.0,600,0.0005,0.26307156255471087
0.0005,0.0,700,0.0005,0.25138349827948614
0.0005,0.0,800,0.0005,0.25060778618132035
0.0005,0.0,900,0.0005,0.2507125784601044
0.0005,0.0,1000,0.0005,0.24301759309247137
0.0005,0.0,1100,0.0005,0.24783428731787174
0.0005,0.0,1200,0.0005,0.24411715355753894
0.0005,0.0,1300,0.0005,0.2678223575669814
0.0005,0.0,1400,0.0005,0.2882312033044348
0.0005,0.0,1500,0.0005,0.24696232850369448
0.0005,0.0,1600,0.0005,0.24450348918581738
0.0005,0.0,1700,0.0005,0.24521672071972592
0.0005,0.0,1800,0.0005,0.7583224302482937
0.0005,0.0,1900,0.0005,0.24456156107535876
0.0005,0.0,2000,0.0005,0.2384463256803559
0.0005,0.0,2100,0.0005,0.47386634930434357
0.0005,0.0,2200,0.0005,0.24380643781876515
0.0005,0.0,2300,0.0005,0.24232690955813205
0.0005,0.0,2400,0.0005,0.24855983922295338
0.0005,0.0,2500,0.0005,0.763507021360778
0.0005,0.0,2600,0.0005,0.2433543058596246
0.0005,0.0,2700,0.0005,0.24492140250333067
0.0005,0.0,2800,0.0005,0.24116808206980417
0.0005,0.0,2900,0.0005,0.24536310790631038
0.0005,0.0,3000,0.0005,0.24376044862208898
0.0005,0.0,3100,0.0005,0.3188739004064646
0.0005,0.0,3200,0.0005,0.2509166689415168
0.0005,0.0,3300,0.0005,0.2425110952945412
0.0005,0.0,3400,0.0005,0.2487044345538051
0.0005,0.0,3500,0.0005,0.40063063866363535
0.0005,0.0,3600,0.0005,0.2471000074795908
0.0005,0.0,3700,0.0005,0.24070102018847883
0.0005,0.0,3800,0.0005,0.24130633964427828
0.0005,0.0,3900,0.0005,0.25170851180147474
0.0005,0.0,4000,0.0005,0.2926184564324742
0.0005,0.0,4100,0.0005,0.2429959186796673
0.0005,0.0,4200,0.0005,0.24551093671103244
0.0005,0.0,4300,0.0005,0.24608914118188913
0.0005,0.0,4400,0.0005,0.31368023342713847
0.0005,0.0,4500,0.0005,0.25805283324478745
0.0005,0.0,4600,0.0005,0.24329196209673792
0.0005,0.0,4700,0.0005,0.25031041885984284
0.0005,0.0,4800,0.0005,0.24745522727967448
0.0005,0.0,4900,0.0005,0.23937331917321925
0.0005,0.0,5000,0.0005,0.24253535160954423
0.0005,0.0,5100,0.0005,0.2387344868270139
0.0005,0.0,5200,0.0005,0.28167482910747466
0.0005,0.0,5300,0.0005,0.5605550139947139
0.0005,0.0,5400,0.0005,0.24777452185196452
0.0005,0.0,5500,0.0005,0.24296946693609492
0.0005,0.0,5600,0.0005,0.24849889832121164
0.0005,0.0,5700,0.0005,0.24038007251952878
0.0005,0.0,5800,0.0005,0.24767516795013894
0.0005,0.0,5900,0.0005,0.44970206744195707
0.0005,0.0,6000,0.0005,0.24025868757731536
0.0005,0.0,6100,0.0005,0.24378783534776477
0.0005,0.0,6200,0.0005,0.24866106376402491
0.0005,0.0,6300,0.0005,0.24367423338011585
0.0005,0.0,6400,0.0005,0.2412715258001914
0.0005,0.0,6500,0.0005,0.2450317371387863
0.0005,0.0,6600,0.0005,0.24063968644596728
0.0005,0.0,6700,0.0005,0.24559746615842953
0.0005,0.0,6800,0.0005,0.24972833738789232
0.0005,0.0,6900,0.0005,0.24088944072097923
0.0005,0.0,7000,0.0005,0.24689225783826382
0.0005,0.0,7100,0.0005,0.24200674629781135
0.0005,0.0,7200,0.0005,0.24546398603929429
0.0005,0.0,7300,0.0005,0.24946946682805934
0.0005,0.0,7400,0.0005,0.24478626154398644
0.0005,0.0,7500,0.0005,0.24137721296228146
0.0005,0.0,7600,0.0005,0.2428270319468043
0.0005,0.0,7700,0.0005,0.24735218178281
0.0005,0.0,7800,0.0005,0.3110306940870956
0.0005,0.0,7900,0.0005,0.5417873433336313
0.0005,0.0,8000,0.0005,0.24889135196381562
0.0005,0.0,8100,0.0005,0.2442825779269125
0.0005,0.0,8200,0.0005,0.24535252887930548
0.0005,0.0,8300,0.0005,0.24435839771278925
0.0005,0.0,8400,0.0005,0.674487899465106
0.0005,0.0,8500,0.0005,0.3046666616591597
0.0005,0.0,8600,0.0005,0.24601561727973476
0.0005,0.0,8700,0.0005,0.5921130088634309
0.0005,0.0,8800,0.0005,0.25155307458019305
0.0005,0.0,8900,0.0005,0.24268384420288563
0.0005,0.0,9000,0.0005,0.24122621974259148
0.0005,0.0,9100,0.0005,0.31387455311478923
0.0005,0.0,9200,0.0005,0.24021153350132168
0.0005,0.0,9300,0.0005,0.23439142846641758
0.0005,0.0,9302,0.0005,0.23396438654572285
0.0005,0.0,9400,0.0005,0.3162649111631907
0.0005,0.0,9500,0.0005,0.24138106712997573
0.0005,0.0,9600,0.0005,0.24697886647661765
0.0005,0.0,9700,0.0005,0.24130817643894245
0.0005,0.0,9800,0.0005,0.3190022768075274
0.0005,0.0,9900,0.0005,0.24448028389740237
0.0005,0.0,10000,0.0005,0.39228309949328943
0.0005,0.0,10100,0.0005,0.48408314040863853
0.0005,0.0,10200,0.0005,0.27021159654253324
0.0005,0.0,10300,0.0005,0.5289034645996138
0.0005,0.0,10400,0.0005,0.2541374312515298
0.0005,0.0,10500,0.0005,0.2406423890468951
0.0005,0.0,10600,0.0005,0.23822387212068272
0.0005,0.0,10700,0.0005,0.3325963657075526
0.0005,0.0,10800,0.0005,0.24118641400908797
0.0005,0.0,10900,0.0005,0.24920695917673802
0.0005,0.0,11000,0.0005,0.2423630751987867
0.0005,0.0,11100,0.0005,0.2850921439556502
0.0005,0.0,11200,0.0005,0.24169903615067892
0.0005,0.0,11300,0.0005,0.2777341528840168
0.0005,0.0,11400,0.0005,0.32826300128035835
0.0005,0.0,11500,0.0005,0.2513217009846338
0.0005,0.0,11600,0.0005,0.2473745384802159
0.0005,0.0,11700,0.0005,0.24387698946709338
0.0005,0.0,11800,0.0005,0.24621563102588995
0.0005,0.0,11900,0.0005,0.34226666228259184
0.0005,0.0,12000,0.0005,0.24275131382416565
0.0005,0.0,12100,0.0005,0.24612794350390915
0.0005,0.0,12200,0.0005,0.24589156598785014
0.0005,0.0,12300,0.0005,0.2502004641937936
0.0005,0.0,12400,0.0005,0.2451855997586817
0.0005,0.0,12500,0.0005,0.24292005141383605
0.0005,0.0,12600,0.0005,0.24905450251768563
0.0005,0.0,12700,0.0005,0.24081669184157106
0.0005,0.0,12800,0.0005,0.24526765865487057
0.0005,0.0,12900,0.0005,0.24055110974689445
0.0005,0.0,13000,0.0005,0.2488496112868384
0.0005,0.0,13100,0.0005,0.2397665773884079
0.0005,0.0,13200,0.0005,0.24562654863384265
0.0005,0.0,13300,0.0005,0.4672692025441676
0.0005,0.0,13400,0.0005,0.2418660743256193
0.0005,0.0,13500,0.0005,0.24747541475255896
0.0005,0.0,13600,0.0005,0.24852553872181393
0.0005,0.0,13700,0.0005,0.2455822064495596
0.0005,0.0,13800,0.0005,0.2764663067887088
0.0005,0.0,13900,0.0005,0.24376601494854078
0.0005,0.0,14000,0.0005,0.25207214778086956
0.0005,0.0,14100,0.0005,0.24639977414816155
0.0005,0.0,14200,0.0005,0.24217706143167056
0.0005,0.0,14300,0.0005,0.2427990464869138
0.0005,0.0,14400,0.0005,0.8494873762221641
0.0005,0.0,14500,0.0005,0.24152562585969278
0.0005,0.0,14600,0.0005,0.2475058217670653
0.0005,0.0,14700,0.0005,0.3839218482662636
0.0005,0.0,14800,0.0005,0.24571832744353436
0.0005,0.0,14900,0.0005,0.24704229047744036
0.0005,0.0,15000,0.0005,0.2464718877645804
0.0005,0.0,15100,0.0005,0.24053951391505093
0.0005,0.0,15200,0.0005,0.24256848625211547
0.0005,0.0,15300,0.0005,0.24355224885383853
0.0005,0.0,15400,0.0005,0.24366863883039058
0.0005,0.0,15500,0.0005,0.2488050643370172
0.0005,0.0,15600,0.0005,0.24158904568991255
0.0005,0.0,15700,0.0005,0.244748071059741
0.0005,0.0,15800,0.0005,0.2563778809718612
0.0005,0.0,15900,0.0005,0.24673992147308957
0.0005,0.0,16000,0.0005,0.24171415569573812
0.0005,0.0,16100,0.0005,0.24548652089274117
0.0005,0.0,16200,0.0005,0.2680926847442465
0.0005,0.0,16300,0.0005,0.24312847972071247
0.0005,0.0,16400,0.0005,0.27961228371405084
0.0005,0.0,16500,0.0005,0.30381662958980443
0.0005,0.0,16600,0.0005,0.27719441266162614
0.0005,0.0,16700,0.0005,0.24166055749735685
0.0005,0.0,16800,0.0005,0.24313750775575446
0.0005,0.0,16900,0.0005,0.24414560235051577
0.0005,0.0,17000,0.0005,0.24280907987055936
0.0005,0.0,17100,0.0005,0.24649165579407178
0.0005,0.0,17200,0.0005,0.24176745271517247
0.0005,0.0,17300,0.0005,0.24469925290488428
0.0005,0.0,17400,0.0005,0.43198627656227173
0.0005,0.0,17500,0.0005,0.2421204647685341
0.0005,0.0,17600,0.0005,0.24188689688659504
0.0005,0.0,17700,0.0005,0.25012220822786085
0.0005,0.0,17800,0.0005,0.4321941618027695
0.0005,0.0,17900,0.0005,0.24442812451173088
0.0005,0.0,18000,0.0005,0.2459010476801613
0.0005,0.0,18100,0.0005,0.26524993205319847
0.0005,0.0,18200,0.0005,0.24985430335281847
0.0005,0.0,18300,0.0005,0.5050990437674208
0.0005,0.0,18400,0.0005,0.24266676441575424
0.0005,0.0,18500,0.0005,0.24590521358179063
0.0005,0.0,18600,0.0005,0.2488416419266116
0.0005,0.0,18700,0.0005,0.24426982695020172
0.0005,0.0,18800,0.0005,0.24447559402930558
0.0005,0.0,18900,0.0005,0.24137983691591505
0.0005,0.0,19000,0.0005,0.24359487092741183
0.0005,0.0,19100,0.0005,0.2612367425830665
0.0005,0.0,19200,0.0005,0.2524458610488269
0.0005,0.0,19300,0.0005,0.24365011079898524
0.0005,0.0,19400,0.0005,0.24976213453144194
0.0005,0.0,19500,0.0005,0.2459936203056946
0.0005,0.0,19600,0.0005,0.2504800995640853
0.0005,0.0,19700,0.0005,0.25074144133932696
0.0005,0.0,19800,0.0005,0.24861412979391304
0.0005,0.0,19900,0.0005,0.3383583656838093
0.0005,0.0,20000,0.0005,0.24205283580890447
0.0005,0.0,20100,0.0005,0.2526779174828219
0.0005,0.0,20200,0.0005,0.24397209165017533
0.0005,0.0,20300,0.0005,0.25617583693235707
0.0005,0.0,20400,0.0005,0.25270528839605927
0.0005,0.0,20500,0.0005,0.25305721533596204
0.0005,0.0,20600,0.0005,0.24425527241381223
0.0005,0.0,20700,0.0005,0.536131894358705
0.0005,0.0,20800,0.0005,0.24499302644786294
0.0005,0.0,20900,0.0005,0.24476548997890368
0.0005,0.0,21000,0.0005,0.23986943208718964
0.0005,0.0,21100,0.0005,0.24446212235473017
0.0005,0.0,21200,0.0005,0.24098472159504114
0.0005,0.0,21300,0.0005,0.2438125027843984
0.0005,0.0,21400,0.0005,0.2434688333948105
0.0005,0.0,21500,0.0005,0.5208903061929595
0.0005,0.0,21600,0.0005,0.24527920585009236
0.0005,0.0,21700,0.0005,0.2458089805878032
0.0005,0.0,21800,0.0005,0.25553224909393674
0.0005,0.0,21900,0.0005,0.25490274632695115
0.0005,0.0,22000,0.0005,0.30172161204547865
0.0005,0.0,22100,0.0005,0.2426860131494619
0.0005,0.0,22200,0.0005,0.2598452461078461
0.0005,0.0,22300,0.0005,0.2457459285863179
0.0005,0.0,22400,0.0005,0.23848623912863232
0.0005,0.0,22500,0.0005,0.24460733079604385
0.0005,0.0,22600,0.0005,0.29169878598025256
0.0005,0.0,22700,0.0005,0.29475892119388686
0.0005,0.0,22800,0.0005,0.24251711320318964
0.0005,0.0,22900,0.0005,0.2476870364920952
0.0005,0.0,23000,0.0005,0.2475361882779976
0.0005,0.0,23100,0.0005,0.24944123804784996
0.0005,0.0,23200,0.0005,0.2437726391565634
0.0005,0.0,23300,0.0005,0.23948387103890661
0.0005,0.0,23400,0.0005,0.24966832271408929
0.0005,0.0,23500,0.0005,0.24548816463396736
0.0005,0.0,23600,0.0005,0.24552582941234063
0.0005,0.0,23700,0.0005,0.24245061241245913
0.0005,0.0,23800,0.0005,0.24441549002944532
0.0005,0.0,23900,0.0005,0.24473343469279335
0.0005,0.0,24000,0.0005,0.24259054805895083
0.0005,0.0,24100,0.0005,0.247445969002566
0.0005,0.0,24200,0.0005,0.24145897668195343
0.0005,0.0,24300,0.0005,0.24547618304489346
0.0005,0.0,24400,0.0005,0.24715128946034126
0.0005,0.0,24500,0.0005,0.2693423923448886
0.0005,0.0,24600,0.0005,0.24535840041488494
0.0005,0.0,24700,0.0005,0.2556594576076134
0.0005,0.0,24800,0.0005,0.24711366649227434
0.0005,0.0,24900,0.0005,0.24534392201499491
0.0005,0.0,25000,0.0005,0.2576180182382674
0.0005,0.0,25100,0.0005,0.25526735364935393
0.0005,0.0,25200,0.0005,0.23572180922936478
0.0005,0.0,25300,0.0005,0.2399488786678779
0.0005,0.0,25400,0.0005,0.8746749956428954
0.0005,0.0,25500,0.0005,0.24184953891639704
0.0005,0.0,25600,0.0005,0.2434134543269403
0.0005,0.0,25700,0.0005,0.2454638033721066
0.0005,0.0,25800,0.0005,0.2496024349742693
0.0005,0.0,25900,0.0005,0.24410263605236476
0.0005,0.0,26000,0.0005,0.240967943471032
0.0005,0.0,26100,0.0005,0.24795993491176105
0.0005,0.0,26200,0.0005,0.2501300040374799
0.0005,0.0,26300,0.0005,0.2606001884261883
0.0005,0.0,26400,0.0005,0.24825078652112453
0.0005,0.0,26500,0.0005,0.24694101745651997
0.0005,0.0,26600,0.0005,0.2472679445554783
0.0005,0.0,26700,0.0005,0.2477854094694017
0.0005,0.0,26800,0.0005,0.2474009021472796
0.0005,0.0,26900,0.0005,0.2401721981391501
0.0005,0.0,27000,0.0005,0.24320553617961854
0.0005,0.0,27100,0.0005,0.24433692518878988
0.0005,0.0,27200,0.0005,0.7447237890754974
0.0005,0.0,27300,0.0005,0.25021779262179944
0.0005,0.0,27400,0.0005,0.2795977594051402
0.0005,0.0,27500,0.0005,0.24452652604063244
0.0005,0.0,27600,0.0005,0.2444868171606563
0.0005,0.0,27700,0.0005,0.5686913841039324
0.0005,0.0,27800,0.0005,0.2802748640566482
0.0005,0.0,27900,0.0005,0.5915801784219689
0.0005,0.0,28000,0.0005,0.24110134269270803
0.0005,0.0,28100,0.0005,0.2424717566205086
0.0005,0.0,28200,0.0005,0.33169120131057117
0.0005,0.0,28300,0.0005,0.24746644601254697
0.0005,0.0,28400,0.0005,0.242866556227649
0.0005,0.0,28500,0.0005,0.24813671974714452
0.0005,0.0,28600,0.0005,0.2533406797057917
0.0005,0.0,28700,0.0005,0.27798483040082006
0.0005,0.0,28800,0.0005,0.2541365515734234
0.0005,0.0,28900,0.0005,0.25012469497750145
0.0005,0.0,29000,0.0005,0.24208004119045212
0.0005,0.0,29100,0.0005,0.24278616309931284
0.0005,0.0,29200,0.0005,0.24887027909323284
0.0005,0.0,29300,0.0005,0.254333890392576
0.0005,0.0,29400,0.0005,0.24672919996411402
0.0005,0.0,29500,0.0005,0.573238781115309
0.0005,0.0,29600,0.0005,0.24601242980677043
0.0005,0.0,29700,0.0005,0.6489597868105881
0.0005,0.0,29800,0.0005,0.24466147989852008
0.0005,0.0,29900,0.0005,0.2415770797239937
0.0005,0.0,30000,0.0005,0.24710277726530616
0.0005,0.0,30100,0.0005,0.2408307117924675
0.0005,0.0,30200,0.0005,0.3369966386791833
0.0005,0.0,30300,0.0005,0.24194323709679588
0.0005,0.0,30400,0.0005,0.25001423584914223
0.0005,0.0,30500,0.0005,0.25146580689423775
0.0005,0.0,30600,0.0005,0.25790353742922917
0.0005,0.0,30700,0.0005,0.319349365033616
0.0005,0.0,30800,0.0005,0.2453144923520895
0.0005,0.0,30900,0.0005,0.30009707593996215
0.0005,0.0,31000,0.0005,0.2639052026223306
0.0005,0.0,31100,0.0005,0.24473847650034483
0.0005,0.0,31200,0.0005,0.24115834614807413
0.0005,0.0,31300,0.0005,0.2936216485254104
0.0005,0.0,31400,0.0005,0.24656841534913554
0.0005,0.0,31500,0.0005,0.24648387880619804
0.0005,0.0,31600,0.0005,0.2550864547936742
0.0005,0.0,31700,0.0005,0.2514995416297444
0.0005,0.0,31800,0.0005,0.32339265656339944
0.0005,0.0,31900,0.0005,0.3145575448906043
0.0005,0.0,32000,0.0005,0.28755707325960866
0.0005,0.0,32100,0.0005,0.24838141480888068
0.0005,0.0,32200,0.0005,0.23907541882380712
0.0005,0.0,32300,0.0005,0.2409509289525302
0.0005,0.0,32400,0.0005,0.2452573198765403
0.0005,0.0,32500,0.0005,0.24995382906520597
0.0005,0.0,32600,0.0005,0.24402063712884323
0.0005,0.0,32700,0.0005,0.25248998936833605
0.0005,0.0,32800,0.0005,0.3042791283915661
0.0005,0.0,32900,0.0005,0.2409623971427204
0.0005,0.0,33000,0.0005,0.36732314258570936
0.0005,0.0,33100,0.0005,0.23806702089522758
0.0005,0.0,33200,0.0005,0.24265803698972685
0.0005,0.0,33300,0.0005,0.33920370505539943
0.0005,0.0,33400,0.0005,0.24056374796179608
0.0005,0.0,33500,0.0005,0.2436077222464016
0.0005,0.0,33600,0.0005,0.47953959499808807
0.0005,0.0,33700,0.0005,0.2498834803954566
0.0005,0.0,33800,0.0005,0.24640345376879746
0.0005,0.0,33900,0.0005,0.24492850584325432
0.0005,0.0,34000,0.0005,0.2445118962262256
0.0005,0.0,34100,0.0005,0.7140837698896942
0.0005,0.0,34200,0.0005,0.24545237744954942
0.0005,0.0,34300,0.0005,0.268521632734328
0.0005,0.0,34400,0.0005,0.24771346210333525
0.0005,0.0,34500,0.0005,0.24619911525661028
0.0005,0.0,34600,0.0005,0.2404498651134302
0.0005,0.0,34700,0.0005,0.2577293404490348
0.0005,0.0,34800,0.0005,0.24701391560891237
0.0005,0.0,34900,0.0005,0.24549108633565667
0.0005,0.0,35000,0.0005,0.24835576609569981
0.0005,0.0,35100,0.0005,0.2443800089165802
0.0005,0.0,35200,0.0005,0.237235520888141
0.0005,0.0,35300,0.0005,0.3742733777679724
0.0005,0.0,35400,0.0005,0.2443685697160873
0.0005,0.0,35500,0.0005,0.24515917519566102
0.0005,0.0,35600,0.0005,0.24127604581213097
0.0005,0.0,35700,0.0005,0.2442229738846791
0.0005,0.0,35800,0.0005,0.24484098364178858
0.0005,0.0,35900,0.0005,0.26667236879679035
0.0005,0.0,36000,0.0005,0.2428351995219969
0.0005,0.0,36100,0.0005,0.6400413438466444
0.0005,0.0,36200,0.0005,0.24398540315078243
0.0005,0.0,36300,0.0005,0.2762046965846818
0.0005,0.0,36400,0.0005,0.24771546209866951
0.0005,0.0,36500,0.0005,0.32560871887640597
0.0005,0.0,36600,0.0005,0.24288130929569363
0.0005,0.0,36700,0.0005,0.24053384876844666
0.0005,0.0,36800,0.0005,0.2444728304318855
0.0005,0.0,36900,0.0005,0.24926948207129584
0.0005,0.0,37000,0.0005,0.24136455709437382
0.0005,0.0,37100,0.0005,0.24480192796078165
0.0005,0.0,37200,0.0005,0.25102938889903337
0.0005,0.0,37300,0.0005,0.24219318761268566
0.0005,0.0,37400,0.0005,0.24594288814692533
0.0005,0.0,37500,0.0005,0.8901259272022242
0.0005,0.0,37600,0.0005,0.24407026488937775
0.0005,0.0,37700,0.0005,0.6593130922694054
0.0005,0.0,37800,0.0005,0.24519622163996577
0.0005,0.0,37900,0.0005,0.2462308902465542
0.0005,0.0,38000,0.0005,0.23951879190474804
0.0005,0.0,38100,0.0005,0.24440743992709174
0.0005,0.0,38200,0.0005,0.24260360563354755
0.0005,0.0,38300,0.0005,0.2550240419657344
0.0005,0.0,38400,0.0005,0.24538611710125352
0.0005,0.0,38500,0.0005,0.2517722556325071
0.0005,0.0,38600,0.0005,0.2446161449606723
0.0005,0.0,38700,0.0005,0.2479557388077518
0.0005,0.0,38800,0.0005,0.24858846782487629
0.0005,0.0,38900,0.0005,0.24919901124111982
0.0005,0.0,39000,0.0005,0.24290763697214063
0.0005,0.0,39100,0.0005,0.25074399656505447
0.0005,0.0,39200,0.0005,0.24181131848391538
0.0005,0.0,39300,0.0005,0.24329691279846155
0.0005,0.0,39400,0.0005,0.25655466066315846
0.0005,0.0,39500,0.0005,0.2487430653773811
0.0005,0.0,39600,0.0005,0.2509185532675102
0.0005,0.0,39700,0.0005,0.24669974442962297
0.0005,0.0,39800,0.0005,0.24659364237206347
0.0005,0.0,39900,0.0005,0.24391645703094164
0.0005,0.0,40000,0.0005,0.23853056535331613
0.0005,0.0,40100,0.0005,0.2411564870423163
0.0005,0.0,40200,0.0005,0.24716646387405178
0.0005,0.0,40300,0.0005,0.24254948745988802
0.0005,0.0,40400,0.0005,0.24817087278053748
0.0005,0.0,40500,0.0005,0.4180456675946832
0.0005,0.0,40600,0.0005,0.33933820214000404
0.0005,0.0,40700,0.0005,0.24576428581959492
0.0005,0.0,40800,0.0005,0.24833863122374455
0.0005,0.0,40900,0.0005,0.24764337283390234
0.0005,0.0,41000,0.0005,0.245869343198851
0.0005,0.0,41100,0.0005,0.24334019193972478
0.0005,0.0,41200,0.0005,0.31469825313514355
0.0005,0.0,41300,0.0005,0.3716241049292624
0.0005,0.0,41400,0.0005,0.24193451904471275
0.0005,0.0,41500,0.0005,0.24658222968112328
0.0005,0.0,41600,0.0005,0.25056744542841625
0.0005,0.0,41700,0.0005,0.24159200354202842
0.0005,0.0,41800,0.0005,0.45386528627144207
0.0005,0.0,41900,0.0005,0.2441318690586838
0.0005,0.0,42000,0.0005,0.2419105040720309
0.0005,0.0,42100,0.0005,0.24816873517924373
0.0005,0.0,42200,0.0005,0.8262690220595775
0.0005,0.0,42300,0.0005,0.23871608005172829
0.0005,0.0,42400,0.0005,0.24222940719797748
0.0005,0.0,42500,0.0005,0.2422677488170816
0.0005,0.0,42600,0.0005,0.24316687480572904
0.0005,0.0,42700,0.0005,0.8812875562761102
0.0005,0.0,42800,0.0005,0.2429567836913014
0.0005,0.0,42900,0.0005,0.24515440261763116
0.0005,0.0,43000,0.0005,0.24820666451066303
0.0005,0.0,43100,0.0005,0.24089340475670298
0.0005,0.0,43200,0.0005,0.8063254438146629
0.0005,0.0,43300,0.0005,0.24391844529632584
0.0005,0.0,43400,0.0005,0.4397576049741898
0.0005,0.0,43500,0.0005,0.24453157629952976
0.0005,0.0,43600,0.0005,0.32995359927832424
0.0005,0.0,43700,0.0005,0.24298833675461837
0.0005,0.0,43800,0.0005,0.2444560581168483
0.0005,0.0,43900,0.0005,0.2769733915382537
0.0005,0.0,44000,0.0005,0.5476588697985572
0.0005,0.0,44100,0.0005,0.24177400455415807
0.0005,0.0,44200,0.0005,0.36819449013989136
0.0005,0.0,44300,0.0005,0.2422591076670689
0.0005,0.0,44400,0.0005,0.478598769118696
0.0005,0.0,44500,0.0005,0.24187852218658062
0.0005,0.0,44600,0.0005,0.2801400968498536
0.0005,0.0,44700,0.0005,0.2462829080098301
0.0005,0.0,44800,0.0005,0.2550821566529784
0.0005,0.0,44900,0.0005,0.2427782467427394
0.0005,0.0,45000,0.0005,0.32100961607638223
0.0005,0.0,45100,0.0005,0.2507829831431344
0.0005,0.0,45200,0.0005,0.24530489064667305
0.0005,0.0,45300,0.0005,0.28731676489091834
0.0005,0.0,45400,0.0005,0.2954303917963614
0.0005,0.0,45500,0.0005,0.24547222582104358
0.0005,0.0,45600,0.0005,0.24401975864843845
0.0005,0.0,45700,0.0005,0.24032657282800624
0.0005,0.0,45800,0.0005,0.24565569807611612
0.0005,0.0,45900,0.0005,0.24074673274507885
0.0005,0.0,46000,0.0005,0.24098354317335025
0.0005,0.0,46100,0.0005,0.24445664944744708
0.0005,0.0,46200,0.0005,0.2601844149722387
0.0005,0.0,46300,0.0005,0.24094988914076695
0.0005,0.0,46400,0.0005,0.25537079925322725
0.0005,0.0,46500,0.0005,0.24763879670852798
0.0005,0.0,46600,0.0005,0.24368060840024391
0.0005,0.0,46700,0.0005,0.24431485012412754
0.0005,0.0,46800,0.0005,0.24350614164714285
0.0005,0.0,46900,0.0005,0.245012997238719
0.0005,0.0,47000,0.0005,0.2502385349920749
0.0005,0.0,47100,0.0005,0.24378359200638383
0.0005,0.0,47200,0.0005,0.242346573452555
0.0005,0.0,47300,0.0005,0.248104155442253
0.0005,0.0,47400,0.0005,0.24749711035532673
0.0005,0.0,47500,0.0005,0.24542194220550645
0.0005,0.0,47600,0.0005,0.24636556617167055
0.0005,0.0,47700,0.0005,0.23989476628613526
0.0005,0.0,47800,0.0005,0.24726330377899045
0.0005,0.0,47900,0.0005,0.23809494706011444
0.0005,0.0,48000,0.0005,0.2521617040947011
0.0005,0.0,48100,0.0005,0.2417847442871368
0.0005,0.0,48200,0.0005,0.24359678626359887
0.0005,0.0,48300,0.0005,0.24696090678215088
0.0005,0.0,48400,0.0005,0.2649681701926019
0.0005,0.0,48500,0.0005,0.3833724104963161
0.0005,0.0,48600,0.0005,0.24326576729026045
0.0005,0.0,48700,0.0005,0.24699970130381008
0.0005,0.0,48800,0.0005,0.24104661881215325
0.0005,0.0,48900,0.0005,0.807214916572558
0.0005,0.0,49000,0.0005,0.3965179091063149
0.0005,0.0,49100,0.0005,0.24581640890231998
0.0005,0.0,49200,0.0005,0.24225846557833128
0.0005,0.0,49300,0.0005,0.24782899242210252
0.0005,0.0,49400,0.0005,0.24797770788850745
0.0005,0.0,49500,0.0005,0.29501748830753044
0.0005,0.0,49600,0.0005,0.2515034738463929
0.0005,0.0,49700,0.0005,0.24807761434755524
0.0005,0.0,49800,0.0005,0.24799333590441952
0.0005,0.0,49900,0.0005,0.24602669687388568
0.0005,0.0,49999,0.0005,0.6713626465591443
0.0005,0.0001,0,0.0005,8.700000000000001
0.0005,0.0001,100,0.0004950495049504951,1.637205433630037
0.0005,0.0001,200,0.0004901960784313725,0.664245122944547
0.0005,0.0001,300,0.0004854368932038835,0.36206383277947796
0.0005,0.0001,400,0.00048076923076923074,0.32062707790112954
0.0005,0.0001,500,0.0004761904761904762,0.2830410278986611
0.0005,0.0001,600,0.0004716981132075472,0.300338126931462
0.0005,0.0001,700,0.0004672897196261682,0.2543360954515439
0.0005,0.0001,800,0.0004629629629629629,0.2480734068616078
0.0005,0.0001,900,0.0004587155963302752,0.25587711982448574
0.0005,0.0001,1000,0.00045454545454545455,0.25091207600423643
0.0005,0.0001,1100,0.0004504504504504504,0.2569725160707218
0.0005,0.0001,1200,0.0004464285714285714,0.2427332149682454
0.0005,0.0001,1300,0.00044247787610619474,0.2400863172969289
0.0005,0.0001,1400,0.00043859649122807013,0.24447428522532672
0.0005,0.0001,1500,0.0004347826086956522,0.24306334532344678
0.0005,0.0001,1600,0.00043103448275862074,0.2472643119625332
0.0005,0.0001,1700,0.0004273504273504274,0.4372489044267178
0.0005,0.0001,1800,0.0004237288135593221,0.23970809116721198
0.0005,0.0001,1900,0.0004201680672268908,0.24500110543412928
0.0005,0.0001,2000,0.0004166666666666667,0.24823962378299327
0.0005,0.0001,2100,0.0004132231404958678,0.240218796794129
0.0005,0.0001,2200,0.0004098360655737705,0.2370338955066436
0.0005,0.0001,2300,0.0004065040650406504,0.2464436052870809
0.0005,0.0001,2400,0.0004032258064516129,0.4281021216392972
0.0005,0.0001,2500,0.0004,0.5679281720316991
0.0005,0.0001,2600,0.0003968253968253968,0.2374200808263995
0.0005,0.0001,2700,0.0003937007874015748,0.24184541238321403
0.0005,0.0001,2800,0.000390625,0.23905951819013743
0.0005,0.0001,2900,0.0003875968992248062,0.6736323022006544
0.0005,0.0001,3000,0.0003846153846153846,0.23713943246959834
0.0005,0.0001,3100,0.0003816793893129771,0.2764430382142586
0.0005,0.0001,3200,0.0003787878787878788,0.2321202089818193
0.0005,0.0001,3300,0.0003759398496240601,0.2347269279499583
0.0005,0.0001,3400,0.00037313432835820896,0.2412047274297691
0.0005,0.0001,3500,0.00037037037037037035,0.26326618779282734
0.0005,0.0001,3600,0.0003676470588235294,0.23946256883051467
0.0005,0.0001,3700,0.000364963503649635,0.23177483803871748
0.0005,0.0001,3800,0.0003623188405797102,0.24669747941201403
0.0005,0.0001,3900,0.0003597122302158273,0.3081427443674255
0.0005,0.0001,4000,0.0003571428571428572,0.23262847411234813
0.0005,0.0001,4100,0.00035460992907801415,0.23969270152105904
0.0005,0.0001,4200,0.00035211267605633805,0.2572432570170043
0.0005,0.0001,4300,0.00034965034965034965,0.5989001247317939
0.0005,0.0001,4400,0.00034722222222222224,0.2920167342473402
0.0005,0.0001,4500,0.0003448275862068966,0.2838994386472836
0.0005,0.0001,4600,0.00034246575342465754,0.23075693344169296
0.0005,0.0001,4700,0.00034013605442176874,0.23167839518148758
0.0005,0.0001,4800,0.00033783783783783786,0.2415160274980186
0.0005,0.0001,4900,0.0003355704697986577,0.2487740855105125
0.0005,0.0001,5000,0.0003333333333333333,0.2368259729855486
0.0005,0.0001,5100,0.00033112582781456954,0.23019410316549938
0.0005,0.0001,5200,0.0003289473684210526,0.23194878986365441
0.0005,0.0001,5300,0.000326797385620915,0.2330774037814756
0.0005,0.0001,5400,0.0003246753246753247,0.23962271789108044
0.0005,0.0001,5500,0.0003225806451612903,0.23049839444943604
0.0005,0.0001,5600,0.0003205128205128205,0.23456372585215432
0.0005,0.0001,5700,0.0003184713375796178,0.29033391526436625
0.0005,0.0001,5800,0.00031645569620253165,0.2349093115816357
0.0005,0.0001,5900,0.00031446540880503143,0.2806443901423616
0.0005,0.0001,6000,0.0003125,0.23250611048190528
0.0005,0.0001,6100,0.00031055900621118014,0.23637514304860915
0.0005,0.0001,6200,0.00030864197530864197,0.24987590059087939
0.0005,0.0001,6300,0.00030674846625766873,0.2302423361889075
0.0005,0.0001,6400,0.0003048780487804878,0.4142867634708448
0.0005,0.0001,6500,0.00030303030303030303,0.22901824655181668
0.0005,0.0001,6600,0.0003012048192771084,0.22893970779032707
0.0005,0.0001,6700,0.0002994011976047904,0.23201635388980107
0.0005,0.0001,6800,0.0002976190476190476,0.4661097005655386
0.0005,0.0001,6900,0.0002958579881656805,0.23123445852223246
0.0005,0.0001,7000,0.0002941176470588235,0.30500475072763067
0.0005,0.0001,7100,0.00029239766081871346,0.22843496806314875
0.0005,0.0001,7200,0.00029069767441860465,0.2305339120224692
0.0005,0.0001,7300,0.00028901734104046245,0.23045514615773682
0.0005,0.0001,7400,0.00028735632183908046,0.23173737169866837
0.0005,0.0001,7500,0.00028571428571428574,0.23112748243016917
0.0005,0.0001,7600,0.0002840909090909091,0.2293830510473031
0.0005,0.0001,7700,0.0002824858757062147,0.2374917028401072
0.0005,0.0001,7800,0.0002808988764044944,0.23214752341343528
0.0005,0.0001,7900,0.00027932960893854746,0.23479447986202534
0.0005,0.0001,8000,0.0002777777777777778,0.22749767705508755
0.0005,0.0001,8100,0.00027624309392265195,0.49213869182106573
0.0005,0.0001,8200,0.0002747252747252747,0.23287167967077074
0.0005,0.0001,8300,0.000273224043715847,0.22677691387021998
0.0005,0.0001,8400,0.0002717391304347826,0.22895274087485434
0.0005,0.0001,8500,0.0002702702702702703,0.2270885706659675
0.0005,0.0001,8600,0.00026881720430107527,0.22889106566296732
0.0005,0.0001,8700,0.00026737967914438503,0.2274909655756012
0.0005,0.0001,8800,0.00026595744680851064,0.22503812930001463
0.0005,0.0001,8900,0.0002645502645502645,0.24309522804306416
0.0005,0.0001,9000,0.0002631578947368421,0.22675710505593794
0.0005,0.0001,9100,0.00026178010471204186,0.2268843074398268
0.0005,0.0001,9200,0.00026041666666666666,0.2271226776934242
0.0005,0.0001,9300,0.00025906735751295336,0.22459325308773237
0.0005,0.0001,9400,0.0002577319587628866,0.2264619923753362
0.0005,0.0001,9500,0.0002564102564102564,0.22764720371803288
0.0005,0.0001,9600,0.00025510204081632655,0.5305110257387784
0.0005,0.0001,9700,0.00025380710659898473,0.2291696061075166
0.0005,0.0001,9800,0.0002525252525252525,0.26533205411011995
0.0005,0.0001,9900,0.00025125628140703515,0.22629030535888864
0.0005,0.0001,10000,0.00025,0.22448286858633643
0.0005,0.0001,10100,0.0002487562189054727,0.2259501989716412
0.0005,0.0001,10200,0.00024752475247524753,0.22879792208407768
0.0005,0.0001,10300,0.0002463054187192118,0.23985181846775824
0.0005,0.0001,10400,0.00024509803921568627,0.2531931543782449
0.0005,0.0001,10500,0.00024390243902439027,0.22468393418235577
0.0005,0.0001,10600,0.00024271844660194174,0.2222722285463477
0.0005,0.0001,10700,0.00024154589371980673,0.22443163458969972
0.0005,0.0001,10800,0.00024038461538461537,0.22724963162493717
0.0005,0.0001,10900,0.00023923444976076558,0.22548245774449055
0.0005,0.0001,11000,0.0002380952380952381,0.23044230638324736
0.0005,0.0001,11100,0.00023696682464454974,0.22361311620785346
0.0005,0.0001,11200,0.0002358490566037736,0.22525127162566935
0.0005,0.0001,11300,0.0002347417840375587,0.3313138565222063
0.0005,0.0001,11400,0.0002336448598130841,0.227912287752731
0.0005,0.0001,11500,0.00023255813953488368,0.22475826974118207
0.0005,0.0001,11600,0.00023148148148148146,0.22284571435301154
0.0005,0.0001,11700,0.0002304147465437788,0.2305953474935981
0.0005,0.0001,11800,0.0002293577981651376,0.22494910259750048
0.0005,0.0001,11900,0.00022831050228310504,0.228349260040213
0.0005,0.0001,12000,0.00022727272727272727,0.2251474579370874
0.0005,0.0001,12100,0.00022624434389140272,0.24661654889091275
0.0005,0.0001,12200,0.00022522522522522526,0.2239265951539816
0.0005,0.0001,12300,0.0002242152466367713,0.25210560715368646
0.0005,0.0001,12400,0.0002232142857142857,0.22416285416245132
0.0005,0.0001,12500,0.00022222222222222223,0.22356073257980427
0.0005,0.0001,12600,0.00022123893805309737,0.2766622126743368
0.0005,0.0001,12700,0.00022026431718061675,0.225383707858417
0.0005,0.0001,12800,0.00021929824561403506,0.46923580733384107
0.0005,0.0001,12900,0.0002183406113537118,0.22501820786429147
0.0005,0.0001,13000,0.0002173913043478261,0.22330354778519337
0.0005,0.0001,13100,0.00021645021645021645,0.22613278594773345
0.0005,0.0001,13200,0.00021551724137931031,0.3689304684351778
0.0005,0.0001,13300,0.00021459227467811158,0.22237665683506103
0.0005,0.0001,13400,0.0002136752136752137,0.2301564750771461
0.0005,0.0001,13500,0.0002127659574468085,0.22418735948716043
0.0005,0.0001,13600,0.00021186440677966098,0.22512557892661933
0.0005,0.0001,13700,0.0002109704641350211,0.22230092448883787
0.0005,0.0001,13800,0.0002100840336134454,0.22107235360966024
0.0005,0.0001,13900,0.00020920502092050208,0.22203439790965412
0.0005,0.0001,14000,0.00020833333333333332,0.22275040786936073
0.0005,0.0001,14100,0.0002074688796680498,0.2231513273125572
0.0005,0.0001,14200,0.0002066115702479339,0.22193666587573374
0.0005,0.0001,14300,0.00020576131687242798,0.23175400932697585
0.0005,0.0001,14400,0.00020491803278688522,0.22349252560758082
0.0005,0.0001,14500,0.0002040816326530612,0.22659476831851813
0.0005,0.0001,14600,0.0002032520325203252,0.2241785575340365
0.0005,0.0001,14700,0.00020242914979757087,0.22396293451912008
0.0005,0.0001,14800,0.00020161290322580645,0.2291648169895458
0.0005,0.0001,14900,0.0002008032128514056,0.22599367251165656
0.0005,0.0001,15000,0.0002,0.2258041440801932
0.0005,0.0001,15100,0.00019920318725099605,0.22329914073542917
0.0005,0.0001,15200,0.0001984126984126984,0.22323201284381297
0.0005,0.0001,15300,0.0001976284584980237,0.2303513454267334
0.0005,0.0001,15400,0.0001968503937007874,0.22320466253307952
0.0005,0.0001,15500,0.00019607843137254904,0.22348949920697592
0.0005,0.0001,15600,0.0001953125,0.22204991312915534
0.0005,0.0001,15700,0.00019455252918287936,0.2216392346849762
0.0005,0.0001,15800,0.0001937984496124031,0.22183663159984796
0.0005,0.0001,15900,0.00019305019305019308,0.2211494560291145
0.0005,0.0001,16000,0.0001923076923076923,0.22242447830713202
0.0005,0.0001,16100,0.00019157088122605362,0.22445449511719395
0.0005,0.0001,16200,0.00019083969465648855,0.2228630008814459
0.0005,0.0001,16300,0.00019011406844106465,0.22384330022738755
0.0005,0.0001,16400,0.0001893939393939394,0.22189995133550838
0.0005,0.0001,16500,0.00018867924528301886,0.25616217673543823
0.0005,0.0001,16600,0.00018796992481203006,0.22060357758247245
0.0005,0.0001,16700,0.00018726591760299626,0.22478215603265117
0.0005,0.0001,16800,0.00018656716417910448,0.22375280744598453
0.0005,0.0001,16900,0.00018587360594795536,0.22065875235733332
0.0005,0.0001,17000,0.00018518518518518518,0.22338476436487611
0.0005,0.0001,17100,0.00018450184501845018,0.22004499168357755
0.0005,0.0001,17200,0.00018382352941176473,0.22092555505316527
0.0005,0.0001,17300,0.00018315018315018315,0.22264323859392585
0.0005,0.0001,17400,0.0001824817518248175,0.2211007048403219
0.0005,0.0001,17500,0.00018181818181818183,0.22228736012126304
0.0005,0.0001,17600,0.0001811594202898551,0.2202552768833661
0.0005,0.0001,17700,0.00018050541516245486,0.2259811248777712
0.0005,0.0001,17800,0.00017985611510791365,0.22335313106289303
0.0005,0.0001,17900,0.00017921146953405018,0.22292648222192943
0.0005,0.0001,18000,0.0001785714285714286,0.22188943266225591
0.0005,0.0001,18100,0.00017793594306049823,0.22072565988479997
0.0005,0.0001,18200,0.00017730496453900708,0.22032612269608293
0.0005,0.0001,18300,0.00017667844522968197,0.2787485864139516
0.0005,0.0001,18400,0.00017605633802816902,0.22061748700699835
0.0005,0.0001,18500,0.00017543859649122806,0.22082727045193462
0.0005,0.0001,18600,0.0001748251748251748,0.22011381403948815
0.0005,0.0001,18700,0.00017421602787456446,0.22065315811173508
0.0005,0.0001,18800,0.00017361111111111112,0.22091110908347006
0.0005,0.0001,18900,0.00017301038062283736,0.22322147094916692
0.0005,0.0001,19000,0.00017241379310344826,0.24225178780786794
0.0005,0.0001,19100,0.00017182130584192438,0.22654333337824567
0.0005,0.0001,19200,0.00017123287671232877,0.22814229407988504
0.0005,0.0001,19300,0.00017064846416382253,0.22055525459151526
0.0005,0.0001,19400,0.00017006802721088434,0.22183465638579092
0.0005,0.0001,19500,0.0001694915254237288,0.22062851494913507
0.0005,0.0001,19600,0.00016891891891891893,0.22063848139816256
0.0005,0.0001,19700,0.00016835016835016833,0.22177700433574993
0.0005,0.0001,19800,0.00016778523489932885,0.28210053381348427
0.0005,0.0001,19900,0.00016722408026755852,0.21983800493322087
0.0005,0.0001,20000,0.00016666666666666666,0.21993303035740436
0.0005,0.0001,20100,0.0001661129568106312,0.2253498696467763
0.0005,0.0001,20200,0.00016556291390728477,0.22064114744995622
0.0005,0.0001,20300,0.00016501650165016502,0.2272006522195905
0.0005,0.0001,20400,0.0001644736842105263,0.2208343093885572
0.0005,0.0001,20500,0.0001639344262295082,0.2238790243400873
0.0005,0.0001,20600,0.0001633986928104575,0.22113300092291105
0.0005,0.0001,20700,0.00016286644951140063,0.21926270170120765
0.0005,0.0001,20800,0.00016233766233766234,0.2193730020390124
0.0005,0.0001,20900,0.0001618122977346278,0.22132393645637477
0.0005,0.0001,21000,0.00016129032258064516,0.22068737085506596
0.0005,0.0001,21100,0.00016077170418006429,0.21984133556572205
0.0005,0.0001,21200,0.00016025641025641026,0.22084012861088737
0.0005,0.0001,21300,0.0001597444089456869,0.2216104757339604
0.0005,0.0001,21400,0.0001592356687898089,0.2191599505729295
0.0005,0.0001,21500,0.00015873015873015873,0.2208603653720536
0.0005,0.0001,21600,0.00015822784810126583,0.22050267750372352
0.0005,0.0001,21700,0.0001577287066246057,0.2945986206975666
0.0005,0.0001,21800,0.00015723270440251572,0.219667177831459
0.0005,0.0001,21900,0.00015673981191222572,0.21836511980897383
0.0005,0.0001,22000,0.00015625,0.21950864340060433
0.0005,0.0001,22100,0.00015576323987538941,0.21972530776268603
0.0005,0.0001,22200,0.00015527950310559007,0.21907202089950992
0.0005,0.0001,22300,0.00015479876160990713,0.21883791803582495
0.0005,0.0001,22400,0.00015432098765432098,0.2432916483149197
0.0005,0.0001,22500,0.00015384615384615385,0.21798647358485942
0.0005,0.0001,22600,0.00015337423312883434,0.22300408132508664
0.0005,0.0001,22700,0.0001529051987767584,0.23101572816144492
0.0005,0.0001,22800,0.0001524390243902439,0.21968149013924307
0.0005,0.0001,22900,0.00015197568389057752,0.21901844231524673
0.0005,0.0001,23000,0.00015151515151515152,0.21950851649838074
0.0005,0.0001,23100,0.00015105740181268882,0.21940722495328022
0.0005,0.0001,23200,0.0001506024096385542,0.21958299099355894
0.0005,0.0001,23300,0.00015015015015015014,0.21984166302171224
0.0005,0.0001,23400,0.0001497005988023952,0.22396595292145755
0.0005,0.0001,23500,0.00014925373134328358,0.21835988910607096
0.0005,0.0001,23600,0.0001488095238095238,0.3802648839172468
0.0005,0.0001,23700,0.0001483679525222552,0.21860067568835614
0.0005,0.0001,23800,0.00014792899408284024,0.2185547508799463
0.0005,0.0001,23900,0.00014749262536873156,0.2329993227407822
0.0005,0.0001,24000,0.00014705882352941178,0.2196753250583648
0.0005,0.0001,24100,0.0001466275659824047,0.22077446303124762
0.0005,0.0001,24200,0.00014619883040935673,0.2187335672256806
0.0005,0.0001,24300,0.0001457725947521866,0.22015109400481683
0.0005,0.0001,24400,0.00014534883720930232,0.21857686425664308
0.0005,0.0001,24500,0.00014492753623188405,0.2191830751305905
0.0005,0.0001,24600,0.00014450867052023122,0.22587499156121194
0.0005,0.0001,24700,0.00014409221902017292,0.22603749419711835
0.0005,0.0001,24800,0.00014367816091954023,0.218053365555121
0.0005,0.0001,24900,0.00014326647564469913,0.21882816946822828
0.0005,0.0001,25000,0.00014285714285714287,0.21922075541502387
0.0005,0.0001,25100,0.00014245014245014244,0.21860225775400338
0.0005,0.0001,25200,0.00014204545454545454,0.21779878075296655
0.0005,0.0001,25300,0.00014164305949008498,0.21884455414876702
0.0005,0.0001,25400,0.00014124293785310735,0.2208612047531438
0.0005,0.0001,25500,0.0001408450704225352,0.3214223604785529
0.0005,0.0001,25600,0.0001404494382022472,0.22984080864800271
0.0005,0.0001,25700,0.00014005602240896358,0.21830849086504828
0.0005,0.0001,25800,0.00013966480446927373,0.21832742375378095
0.0005,0.0001,25900,0.00013927576601671307,0.21799077311814544
0.0005,0.0001,26000,0.0001388888888888889,0.21845293535394192
0.0005,0.0001,26100,0.00013850415512465372,0.21823319432889565
0.0005,0.0001,26200,0.00013812154696132598,0.2173389531996966
0.0005,0.0001,26300,0.0001377410468319559,0.217045914479278
0.0005,0.0001,26400,0.00013736263736263736,0.2176900436440945
0.0005,0.0001,26500,0.00013698630136986303,0.23185971252130624
0.0005,0.0001,26600,0.0001366120218579235,0.21954286567821085
0.0005,0.0001,26700,0.00013623978201634878,0.22006530415915165
0.0005,0.0001,26800,0.0001358695652173913,0.21796474811591704
0.0005,0.0001,26900,0.00013550135501355014,0.22464873802025176
0.0005,0.0001,27000,0.00013513513513513514,0.21873128129492014
0.0005,0.0001,27100,0.00013477088948787063,0.21898762480516465
0.0005,0.0001,27200,0.00013440860215053763,0.23521920849175737
0.0005,0.0001,27300,0.00013404825737265417,0.21784847202809104
0.0005,0.0001,27400,0.00013368983957219252,0.21999206629244705
0.0005,0.0001,27500,0.00013333333333333334,0.22320833071584878
0.0005,0.0001,27600,0.00013297872340425532,0.23186897433333722
0.0005,0.0001,27700,0.00013262599469496023,0.2178501881106653
0.0005,0.0001,27800,0.00013227513227513226,0.21815939309116358
0.0005,0.0001,27900,0.00013192612137203166,0.22018098664382843
0.0005,0.0001,28000,0.00013157894736842105,0.21934130492666304
0.0005,0.0001,28100,0.00013123359580052493,0.21729258012058894
0.0005,0.0001,28200,0.00013089005235602093,0.31074054274151797
0.0005,0.0001,28300,0.00013054830287206266,0.21959750331905054
0.0005,0.0001,28400,0.00013020833333333333,0.2191409083334215
0.0005,0.0001,28500,0.00012987012987012987,0.2215036335921019
0.0005,0.0001,28600,0.00012953367875647668,0.21770444559186297
0.0005,0.0001,28700,0.00012919896640826872,0.21874159257314174
0.0005,0.0001,28800,0.0001288659793814433,0.21724681119989542
0.0005,0.0001,28900,0.00012853470437017994,0.21768192323284544
0.0005,0.0001,29000,0.0001282051282051282,0.2176616775652526
0.0005,0.0001,29100,0.0001278772378516624,0.2190505445414407
0.0005,0.0001,29200,0.00012755102040816328,0.2178819783255287
0.0005,0.0001,29300,0.0001272264631043257,0.21635066329015507
0.0005,0.0001,29400,0.0001269035532994924,0.21668319524036117
0.0005,0.0001,29500,0.00012658227848101267,0.21735472736566344
0.0005,0.0001,29600,0.00012626262626262626,0.22086969892979036
0.0005,0.0001,29700,0.00012594458438287153,0.21755193947396884
0.0005,0.0001,29800,0.0001256281407035176,0.21735394172792147
0.0005,0.0001,29900,0.00012531328320802005,0.21781865421716542
0.0005,0.0001,30000,0.000125,0.21770161837227242
0.0005,0.0001,30100,0.00012468827930174565,0.21850376551708342
0.0005,0.0001,30200,0.00012437810945273634,0.21819223782250852
0.0005,0.0001,30300,0.00012406947890818859,0.2168999268795014
0.0005,0.0001,30400,0.00012376237623762376,0.21808616546234097
0.0005,0.0001,30500,0.00012345679012345677,0.21858510624541722
0.0005,0.0001,30600,0.0001231527093596059,0.21709233869379527
0.0005,0.0001,30700,0.00012285012285012285,0.21738110343500724
0.0005,0.0001,30800,0.00012254901960784314,0.25843162337795733
0.0005,0.0001,30900,0.00012224938875305625,0.21857085511103463
0.0005,0.0001,31000,0.00012195121951219514,0.21782087365125768
0.0005,0.0001,31100,0.000121654501216545,0.22672210804486614
0.0005,0.0001,31200,0.00012135922330097087,0.21702943737114244
0.0005,0.0001,31300,0.00012106537530266341,0.21753477340763036
0.0005,0.0001,31400,0.00012077294685990337,0.21780328054783174
0.0005,0.0001,31500,0.00012048192771084337,0.21709295631065656
0.0005,0.0001,31600,0.00012019230769230769,0.2174571652808448
0.0005,0.0001,31700,0.00011990407673860912,0.2165010556250393
0.0005,0.0001,31800,0.00011961722488038279,0.21727694126512886
0.0005,0.0001,31900,0.00011933174224343677,0.21700429252293488
0.0005,0.0001,32000,0.00011904761904761905,0.21707541681044334
0.0005,0.0001,32100,0.00011876484560570071,0.21652053746734484
0.0005,0.0001,32200,0.00011848341232227487,0.21701997682122615
0.0005,0.0001,32300,0.00011820330969267139,0.21655518045194652
0.0005,0.0001,32400,0.0001179245283018868,0.21589554686177798
0.0005,0.0001,32500,0.00011764705882352942,0.21667625786868688
0.0005,0.0001,32600,0.00011737089201877935,0.21659414146863143
0.0005,0.0001,32700,0.00011709601873536301,0.2767440316491361
0.0005,0.0001,32800,0.00011682242990654205,0.21680874558289492
0.0005,0.0001,32900,0.00011655011655011655,0.21761567138310178
0.0005,0.0001,33000,0.00011627906976744184,0.21674793966888706
0.0005,0.0001,33100,0.00011600928074245938,0.2234655298664068
0.0005,0.0001,33200,0.00011574074074074073,0.23512642751596735
0.0005,0.0001,33300,0.00011547344110854503,0.2172002136008686
0.0005,0.0001,33400,0.0001152073732718894,0.21592213746577732
0.0005,0.0001,33500,0.00011494252873563219,0.21695764700747208
0.0005,0.0001,33600,0.0001146788990825688,0.22420415950231468
0.0005,0.0001,33700,0.00011441647597254005,0.2192123619005472
0.0005,0.0001,33800,0.0001141552511415525,0.2170285953165172
0.0005,0.0001,33900,0.00011389521640091115,0.21693429876547085
0.0005,0.0001,34000,0.00011363636363636364,0.2253828651613769
0.0005,0.0001,34100,0.00011337868480725623,0.2171049827973826
0.0005,0.0001,34200,0.00011312217194570136,0.21618056518718276
0.0005,0.0001,34300,0.00011286681715575621,0.21657192902518219
0.0005,0.0001,34400,0.00011261261261261263,0.21845300154334255
0.0005,0.0001,34500,0.00011235955056179776,0.22896048405649688
0.0005,0.0001,34600,0.00011210762331838565,0.2161560523013535
0.0005,0.0001,34700,0.00011185682326621923,0.21610394819311346
0.0005,0.0001,34800,0.00011160714285714285,0.23139948107432445
0.0005,0.0001,34900,0.00011135857461024499,0.2156630319111273
0.0005,0.0001,35000,0.00011111111111111112,0.21968528819080596
0.0005,0.0001,35100,0.00011086474501108649,0.22433961635028654
0.0005,0.0001,35200,0.00011061946902654868,0.21687228413953308
0.0005,0.0001,35300,0.00011037527593818985,0.21624617968998647
0.0005,0.0001,35400,0.00011013215859030837,0.308351434008196
0.0005,0.0001,35500,0.00010989010989010988,0.21875331759416783
0.0005,0.0001,35600,0.00010964912280701753,0.2167483581383496
0.0005,0.0001,35700,0.00010940919037199124,0.2175022896549365
0.0005,0.0001,35800,0.0001091703056768559,0.26561278062727134
0.0005,0.0001,35900,0.00010893246187363835,0.23527185075538076
0.0005,0.0001,36000,0.00010869565217391305,0.2251045660295535
0.0005,0.0001,36100,0.00010845986984815618,0.21639868339945517
0.0005,0.0001,36200,0.00010822510822510823,0.21576837302643834
0.0005,0.0001,36300,0.0001079913606911447,0.22750270678735882
0.0005,0.0001,36400,0.00010775862068965516,0.21636396505447963
0.0005,0.0001,36500,0.00010752688172043011,0.2172565814919089
0.0005,0.0001,36600,0.00010729613733905579,0.21935883040763018
0.0005,0.0001,36700,0.00010706638115631693,0.24894561034047288
0.0005,0.0001,36800,0.00010683760683760685,0.21719980594813232
0.0005,0.0001,36900,0.00010660980810234541,0.21635501327197448
0.0005,0.0001,37000,0.00010638297872340425,0.21599877934971481
0.0005,0.0001,37100,0.00010615711252653928,0.21553811199221917
0.0005,0.0001,37200,0.00010593220338983049,0.21637137443102802
0.0005,0.0001,37300,0.00010570824524312896,0.21769041173666606
0.0005,0.0001,37400,0.00010548523206751055,0.2158526996422341
0.0005,0.0001,37500,0.00010526315789473685,0.33756798877412814
0.0005,0.0001,37600,0.0001050420168067227,0.2152608746279302
0.0005,0.0001,37700,0.00010482180293501049,0.215896356315056
0.0005,0.0001,37800,0.00010460251046025104,0.216585149784403
0.0005,0.0001,37900,0.00010438413361169103,0.29150772328724317
0.0005,0.0001,38000,0.00010416666666666666,0.21615522063073492
0.0005,0.0001,38100,0.00010395010395010394,0.21608250802085724
0.0005,0.0001,38200,0.0001037344398340249,0.21605071672603482
0.0005,0.0001,38300,0.00010351966873706004,0.21722646741510002
0.0005,0.0001,38400,0.00010330578512396695,0.21601169183069494
0.0005,0.0001,38500,0.00010309278350515464,0.21613374477804398
0.0005,0.0001,38600,0.00010288065843621399,0.2175684352369138
0.0005,0.0001,38700,0.0001026694045174538,0.21571687501035858
0.0005,0.0001,38800,0.00010245901639344261,0.21628690023534233
0.0005,0.0001,38900,0.00010224948875255623,0.2168708953921662
0.0005,0.0001,39000,0.0001020408163265306,0.21729213349322576
0.0005,0.0001,39100,0.00010183299389002037,0.23090616717630727
0.0005,0.0001,39200,0.0001016260162601626,0.29798998393143905
0.0005,0.0001,39300,0.00010141987829614606,0.22867384551070657
0.0005,0.0001,39400,0.00010121457489878542,0.2168614242598375
0.0005,0.0001,39500,0.00010101010101010101,0.21604621746370534
0.0005,0.0001,39600,0.00010080645161290321,0.24688577142068166
0.0005,0.0001,39700,0.00010060362173038228,0.22804190632375604
0.0005,0.0001,39800,0.0001004016064257028,0.21560628334383522
0.0005,0.0001,39900,0.0001002004008016032,0.22111634259643853
0.0005,0.0001,40000,0.0001,0.21611235864171424
0.0005,0.0001,40100,9.980039920159681e-05,0.21600059178227168
0.0005,0.0001,40200,9.9601593625498e-05,0.22081667477617722
0.0005,0.0001,40300,9.940357852882704e-05,0.27407513310654247
0.0005,0.0001,40400,9.92063492063492e-05,0.21772448691629112
0.0005,0.0001,40500,9.900990099009902e-05,0.21586668972107328
0.0005,0.0001,40600,9.881422924901186e-05,0.21688530609509804
0.0005,0.0001,40700,9.861932938856015e-05,0.21592142588321905
0.0005,0.0001,40800,9.84251968503937e-05,0.21899955219140937
0.0005,0.0001,40900,9.823182711198429e-05,0.2155462517200516
0.0005,0.0001,41000,9.80392156862745e-05,0.21645485695759714
0.0005,0.0001,41100,9.784735812133071e-05,0.2165628901055275
0.0005,0.0001,41200,9.765625e-05,0.2172679454124067
0.0005,0.0001,41300,9.746588693957115e-05,0.2167430217408378
0.0005,0.0001,41400,9.727626459143968e-05,0.287389691485455
0.0005,0.0001,41500,9.708737864077669e-05,0.21539505339111176
0.0005,0.0001,41600,9.689922480620155e-05,0.21704710563219148
0.0005,0.0001,41700,9.671179883945841e-05,0.2220478264332405
0.0005,0.0001,41800,9.652509652509651e-05,0.27853097066245763
0.0005,0.0001,41900,9.633911368015413e-05,0.21626929447684168
0.0005,0.0001,42000,9.615384615384615e-05,0.21602487000212567
0.0005,0.0001,42100,9.596928982725528e-05,0.21607658822528147
0.0005,0.0001,42200,9.578544061302681e-05,0.22348901686796202
0.0005,0.0001,42300,9.560229445506692e-05,0.21529657190440765
0.0005,0.0001,42400,9.541984732824427e-05,0.21940036226516002
0.0005,0.0001,42500,9.523809523809524e-05,0.2152834207883807
0.0005,0.0001,42600,9.505703422053233e-05,0.21496835890249755
0.0005,0.0001,42700,9.487666034155598e-05,0.21630915341345627
0.0005,0.0001,42800,9.46969696969697e-05,0.21919524365595186
0.0005,0.0001,42900,9.45179584120983e-05,0.21546564741167964
0.0005,0.0001,43000,9.433962264150944e-05,0.21436771639214708
0.0005,0.0001,43100,9.416195856873823e-05,0.21627455980610427
0.0005,0.0001,43200,9.398496240601503e-05,0.2157026490110616
0.0005,0.0001,43300,9.380863039399625e-05,0.21456312276116227
0.0005,0.0001,43400,9.363295880149813e-05,0.21479099533990917
0.0005,0.0001,43500,9.345794392523364e-05,0.24434246225504536
0.0005,0.0001,43600,9.328358208955224e-05,0.21552234688492328
0.0005,0.0001,43700,9.310986964618249e-05,0.21861040725205105
0.0005,0.0001,43800,9.29368029739777e-05,0.21549311804108456
0.0005,0.0001,43900,9.276437847866419e-05,0.2145681510954093
0.0005,0.0001,44000,9.259259259259259e-05,0.21642180776657544
0.0005,0.0001,44100,9.242144177449168e-05,0.21586437021040605
0.0005,0.0001,44200,9.225092250922509e-05,0.21644543115252052
0.0005,0.0001,44300,9.208103130755064e-05,0.2232768697514307
0.0005,0.0001,44400,9.191176470588235e-05,0.2595619667141872
0.0005,0.0001,44500,9.174311926605505e-05,0.2277013207744959
0.0005,0.0001,44600,9.157509157509158e-05,0.2284137630544371
0.0005,0.0001,44700,9.140767824497257e-05,0.23384687891470016
0.0005,0.0001,44800,9.124087591240875e-05,0.21652754216726106
0.0005,0.0001,44900,9.107468123861566e-05,0.2141610425579999
0.0005,0.0001,45000,9.090909090909092e-05,0.22764211841235377
0.0005,0.0001,45100,9.074410163339384e-05,0.21656422132933503
0.0005,0.0001,45200,9.057971014492752e-05,0.21521368993886236
0.0005,0.0001,45300,9.041591320072333e-05,0.21810841103424658
0.0005,0.0001,45400,9.025270758122743e-05,0.2152161700680528
0.0005,0.0001,45500,9.009009009009009e-05,0.21765121181118424
0.0005,0.0001,45600,8.992805755395682e-05,0.25224821375471046
0.0005,0.0001,45700,8.976660682226211e-05,0.2149951756189548
0.0005,0.0001,45800,8.960573476702509e-05,0.2149359193968013
0.0005,0.0001,45900,8.944543828264758e-05,0.29830969343076563
0.0005,0.0001,46000,8.928571428571429e-05,0.2591684503411884
0.0005,0.0001,46100,8.9126559714795e-05,0.2157431587944652
0.0005,0.0001,46200,8.896797153024912e-05,0.21724588565500252
0.0005,0.0001,46300,8.880994671403198e-05,0.21476587982549308
0.0005,0.0001,46326,8.876895217128857e-05,0.21386894239976892
0.0005,0.0001,46400,8.865248226950354e-05,0.21483163969206953
0.0005,0.0001,46500,8.849557522123894e-05,0.21626344354681787
0.0005,0.0001,46600,8.833922261484099e-05,0.21567472771346466
0.0005,0.0001,46700,8.818342151675486e-05,0.21995082064084498
0.0005,0.0001,46800,8.80281690140845e-05,0.21479765156552805
0.0005,0.0001,46900,8.787346221441124e-05,0.21541143130537374
0.0005,0.0001,47000,8.771929824561403e-05,0.29818724536784064
0.0005,0.0001,47100,8.756567425569177e-05,0.21450926461467307
0.0005,0.0001,47200,8.74125874125874e-05,0.21545516969134593
0.0005,0.0001,47300,8.726003490401395e-05,0.21548639964012722
0.0005,0.0001,47400,8.710801393728223e-05,0.21478961302344107
0.0005,0.0001,47500,8.695652173913044e-05,0.21476194232690005
0.0005,0.0001,47600,8.680555555555556e-05,0.2917170829059218
0.0005,0.0001,47700,8.665511265164644e-05,0.2158384388304677
0.0005,0.0001,47800,8.650519031141868e-05,0.21468338719988794
0.0005,0.0001,47900,8.635578583765112e-05,0.21484047970832806
0.0005,0.0001,48000,8.620689655172414e-05,0.21523840056215002
0.0005,0.0001,48100,8.605851979345954e-05,0.2162347919898834
0.0005,0.0001,48200,8.591065292096219e-05,0.2161505932854684
0.0005,0.0001,48300,8.576329331046313e-05,0.21476042515649194
0.0005,0.0001,48400,8.561643835616438e-05,0.2149916740796738
0.0005,0.0001,48500,8.547008547008547e-05,0.21625630291914225
0.0005,0.0001,48600,8.532423208191126e-05,0.2230183169259549
0.0005,0.0001,48700,8.517887563884156e-05,0.21560051053634616
0.0005,0.0001,48800,8.503401360544218e-05,0.21484895728302444
0.0005,0.0001,48900,8.488964346349744e-05,0.216869449127701
0.0005,0.0001,49000,8.47457627118644e-05,0.22501861780880994
0.0005,0.0001,49100,8.460236886632826e-05,0.21480957163874947
0.0005,0.0001,49200,8.445945945945946e-05,0.21434618880527068
0.0005,0.0001,49300,8.431703204047216e-05,0.2144806219156501
0.0005,0.0001,49400,8.417508417508417e-05,0.21567443332961225
0.0005,0.0001,49500,8.403361344537815e-05,0.21485064338838836
0.0005,0.0001,49600,8.389261744966443e-05,0.21538420618865786
0.0005,0.0001,49700,8.375209380234505e-05,0.21474969377974343
0.0005,0.0001,49800,8.361204013377926e-05,0.2144979746230168
0.0005,0.0001,49900,8.347245409015025e-05,0.21802636134577927
0.0005,0.0001,49999,8.333472224537075e-05,0.21699705903622402
0.0005,0.001,0,0.0005,8.700000000000001
0.0005,0.001,100,0.00045454545454545455,1.7258333899726361
0.0005,0.001,200,0.0004166666666666667,0.7829106026361308
0.0005,0.001,300,0.0003846153846153846,0.48851597756221593
0.0005,0.001,400,0.0003571428571428572,0.32305937223600256
0.0005,0.001,500,0.0003333333333333333,0.29148153501750523
0.0005,0.001,600,0.0003125,0.27392486436254193
0.0005,0.001,700,0.0002941176470588235,0.3659735824270506
0.0005,0.001,800,0.0002777777777777778,0.25193118198930986
0.0005,0.001,900,0.0002631578947368421,0.23895753973494907
0.0005,0.001,1000,0.00025,0.23482609112119782
0.0005,0.001,1100,0.0002380952380952381,0.2322214030328561
0.0005,0.001,1200,0.00022727272727272727,0.2301275947433809
0.0005,0.001,1300,0.0002173913043478261,0.22975090322641617
0.0005,0.001,1400,0.00020833333333333332,0.22809534347443508
0.0005,0.001,1500,0.0002,0.22744616912343557
0.0005,0.001,1600,0.0001923076923076923,0.25454366294356684
0.0005,0.001,1700,0.00018518518518518518,0.22467275819654453
0.0005,0.001,1800,0.0001785714285714286,0.22613187083010594
0.0005,0.001,1900,0.00017241379310344826,0.2253293692799121
0.0005,0.001,2000,0.00016666666666666666,0.22526102845487772
0.0005,0.001,2100,0.00016129032258064516,0.22493242036235273
0.0005,0.001,2200,0.00015625,0.22249780655264018
0.0005,0.001,2300,0.00015151515151515152,0.224297163567312
0.0005,0.001,2400,0.00014705882352941178,0.22481222447178711
0.0005,0.001,2500,0.00014285714285714287,0.226507895066015
0.0005,0.001,2600,0.0001388888888888889,0.2216249440971234
0.0005,0.001,2700,0.00013513513513513514,0.22259796206070995
0.0005,0.001,2800,0.00013157894736842105,0.2199765086410862
0.0005,0.001,2900,0.0001282051282051282,0.22007708793204606
0.0005,0.001,3000,0.000125,0.22410272857108204
0.0005,0.001,3100,0.00012195121951219514,0.21985062722876864
0.0005,0.001,3200,0.00011904761904761905,0.2192740274676769
0.0005,0.001,3300,0.00011627906976744184,0.21828730235812677
0.0005,0.001,3400,0.00011363636363636364,0.2283889171796472
0.0005,0.001,3500,0.00011111111111111112,0.2190650437911551
0.0005,0.001,3600,0.00010869565217391305,0.2183239273590619
0.0005,0.001,3700,0.00010638297872340425,0.22846296171446834
0.0005,0.001,3800,0.00010416666666666666,0.2184298795581635
0.0005,0.001,3900,0.0001020408163265306,0.21819732455574992
0.0005,0.001,4000,0.0001,0.22389587604981606
0.0005,0.001,4100,9.803921568627452e-05,0.21993772823160077
0.0005,0.001,4200,9.615384615384615e-05,0.21720057767051748
0.0005,0.001,4300,9.433962264150944e-05,0.21746254598880244
0.0005,0.001,4400,9.259259259259259e-05,0.21764899783534172
0.0005,0.001,4500,9.090909090909092e-05,0.2241000410449141
0.0005,0.001,4600,8.928571428571429e-05,0.217374020039334
0.0005,0.001,4700,8.771929824561403e-05,0.2528998581593748
0.0005,0.001,4800,8.620689655172414e-05,0.21691893373250948
0.0005,0.001,4900,8.47457627118644e-05,0.2157537712350831
0.0005,0.001,5000,8.333333333333333e-05,0.2182967935836785
0.0005,0.001,5100,8.19672131147541e-05,0.21658286272225363
0.0005,0.001,5200,8.064516129032258e-05,0.21747059802007943
0.0005,0.001,5300,7.936507936507937e-05,0.21624615623785498
0.0005,0.001,5400,7.8125e-05,0.21541782815883453
0.0005,0.001,5500,7.692307692307693e-05,0.2153777232580845
0.0005,0.001,5600,7.575757575757576e-05,0.21600635043848349
0.0005,0.001,5700,7.462686567164179e-05,0.2159912497677193
0.0005,0.001,5800,7.352941176470589e-05,0.21526872566784627
0.0005,0.001,5900,7.246376811594203e-05,0.2773073362014658
0.0005,0.001,6000,7.142857142857143e-05,0.21544076526567024
0.0005,0.001,6100,7.04225352112676e-05,0.2153558137204601
0.0005,0.001,6200,6.944444444444444e-05,0.2159084740750673
0.0005,0.001,6300,6.849315068493152e-05,0.21471930120082539
0.0005,0.001,6400,6.756756756756757e-05,0.21525630520017355
0.0005,0.001,6500,6.666666666666667e-05,0.21516015234913094
0.0005,0.001,6600,6.578947368421052e-05,0.21488431309448774
0.0005,0.001,6700,6.493506493506494e-05,0.21971584076076553
0.0005,0.001,6800,6.41025641025641e-05,0.21485740487308908
0.0005,0.001,6900,6.329113924050633e-05,0.21506566021956547
0.0005,0.001,7000,6.25e-05,0.22729821317082893
0.0005,0.001,7100,6.172839506172838e-05,0.2172825736309776
0.0005,0.001,7200,6.097560975609757e-05,0.22409013706952916
0.0005,0.001,7300,6.0240963855421684e-05,0.2588128327658942
0.0005,0.001,7400,5.9523809523809524e-05,0.21383073112484907
0.0005,0.001,7500,5.882352941176471e-05,0.21397941972678844
0.0005,0.001,7600,5.813953488372092e-05,0.21451686328824754
0.0005,0.001,7700,5.7471264367816097e-05,0.2148563285395647
0.0005,0.001,7800,5.681818181818182e-05,0.21625350186350067
0.0005,0.001,7900,5.617977528089888e-05,0.213944735392688
0.0005,0.001,8000,5.555555555555556e-05,0.21376536368702156
0.0005,0.001,8100,5.4945054945054945e-05,0.21401337459769718
0.0005,0.001,8200,5.4347826086956524e-05,0.2152262210411303
0.0005,0.001,8300,5.3763440860215054e-05,0.21383787638223184
0.0005,0.001,8400,5.319148936170213e-05,0.21372638803868654
0.0005,0.001,8500,5.2631578947368424e-05,0.21410972626605632
0.0005,0.001,8600,5.208333333333334e-05,0.21391703919243094
0.0005,0.001,8700,5.1546391752577315e-05,0.21475824335788737
0.0005,0.001,8800,5.10204081632653e-05,0.21451928549832064
0.0005,0.001,8900,5.0505050505050505e-05,0.21340015879398644
0.0005,0.001,9000,5e-05,0.2153486483841243
0.0005,0.001,9100,4.950495049504951e-05,0.2134682015949569
0.0005,0.001,9200,4.901960784313725e-05,0.2143984162290463
0.0005,0.001,9300,4.8543689320388346e-05,0.21388238953992283
0.0005,0.001,9400,4.807692307692308e-05,0.2136013882635404
0.0005,0.001,9500,4.761904761904762e-05,0.21588749927360112
0.0005,0.001,9600,4.716981132075472e-05,0.21346071272896638
0.0005,0.001,9700,4.672897196261682e-05,0.21333372055136252
0.0005,0.001,9800,4.6296296296296294e-05,0.21363222588705238
0.0005,0.001,9900,4.587155963302752e-05,0.213114979710875
0.0005,0.001,10000,4.545454545454546e-05,0.21336646695684225
0.0005,0.001,10100,4.5045045045045046e-05,0.21314085744702185
0.0005,0.001,10200,4.464285714285714e-05,0.2132241373230633
0.0005,0.001,10300,4.424778761061947e-05,0.21408351124484054
0.0005,0.001,10400,4.3859649122807014e-05,0.21340392220999085
0.0005,0.001,10500,4.347826086956522e-05,0.21508241306822232
0.0005,0.001,10600,4.310344827586207e-05,0.2129681100349956
0.0005,0.001,10700,4.2735042735042735e-05,0.21313714506902717
0.0005,0.001,10800,4.23728813559322e-05,0.21355846860376726
0.0005,0.001,10900,4.201680672268908e-05,0.21291903830499476
0.0005,0.001,11000,4.1666666666666665e-05,0.2128503472822054
0.0005,0.001,11100,4.132231404958678e-05,0.21316140301761044
0.0005,0.001,11200,4.098360655737705e-05,0.21256249270112001
0.0005,0.001,11300,4.065040650406504e-05,0.21292066847703922
0.0005,0.001,11400,4.032258064516129e-05,0.21417690313575546
0.0005,0.001,11500,4e-05,0.21267168968475647
0.0005,0.001,11600,3.968253968253968e-05,0.21267586681678313
0.0005,0.001,11700,3.937007874015748e-05,0.2131654020411268
0.0005,0.001,11800,3.90625e-05,0.21319058203190355
0.0005,0.001,11900,3.875968992248062e-05,0.21285645002653275
0.0005,0.001,12000,3.846153846153846e-05,0.21245775886438606
0.0005,0.001,12100,3.816793893129771e-05,0.2128151848151864
0.0005,0.001,12200,3.787878787878788e-05,0.21615243581947388
0.0005,0.001,12300,3.759398496240601e-05,0.21236407330098234
0.0005,0.001,12400,3.7313432835820896e-05,0.21265371723028278
0.0005,0.001,12500,3.7037037037037037e-05,0.2128192514761283
0.0005,0.001,12600,3.6764705882352945e-05,0.21892637809755922
0.0005,0.001,12700,3.64963503649635e-05,0.21265312651965207
0.0005,0.001,12800,3.6231884057971014e-05,0.21230433035484716
0.0005,0.001,12900,3.597122302158273e-05,0.21280815963358785
0.0005,0.001,13000,3.571428571428572e-05,0.21388027738967735
0.0005,0.001,13100,3.546099290780142e-05,0.21252604405284017
0.0005,0.001,13200,3.52112676056338e-05,0.21255315225739757
0.0005,0.001,13300,3.4965034965034965e-05,0.21230182809505987
0.0005,0.001,13400,3.472222222222222e-05,0.212586483790639
0.0005,0.001,13500,3.4482758620689657e-05,0.21228132964638788
0.0005,0.001,13600,3.424657534246576e-05,0.212067517155235
0.0005,0.001,13700,3.401360544217687e-05,0.21227141896163418
0.0005,0.001,13800,3.3783783783783784e-05,0.21190083919253055
0.0005,0.001,13900,3.355704697986577e-05,0.21359116978658343
0.0005,0.001,14000,3.3333333333333335e-05,0.21226718614240025
0.0005,0.001,14100,3.3112582781456954e-05,0.21200595137823056
0.0005,0.001,14200,3.289473684210526e-05,0.21349090333424592
0.0005,0.001,14300,3.26797385620915e-05,0.24624928642720972
0.0005,0.001,14400,3.246753246753247e-05,0.21220070467634233
0.0005,0.001,14500,3.2258064516129034e-05,0.21212414956357908
0.0005,0.001,14600,3.205128205128205e-05,0.21218953348946232
0.0005,0.001,14700,3.184713375796178e-05,0.21198817317929097
0.0005,0.001,14800,3.1645569620253167e-05,0.21198188087854888
0.0005,0.001,14900,3.144654088050314e-05,0.21227254698303918
0.0005,0.001,15000,3.125e-05,0.21190884422525252
0.0005,0.001,15100,3.1055900621118014e-05,0.21218858541794872
0.0005,0.001,15200,3.086419753086419e-05,0.2119022935103459
0.0005,0.001,15300,3.067484662576687e-05,0.22018335628326108
0.0005,0.001,15400,3.0487804878048784e-05,0.21202477748212403
0.0005,0.001,15500,3.0303030303030302e-05,0.21186027107412453
0.0005,0.001,15600,3.0120481927710842e-05,0.2121775638540556
0.0005,0.001,15700,2.9940119760479038e-05,0.212012637351177
0.0005,0.001,15800,2.9761904761904762e-05,0.2119056605997147
0.0005,0.001,15900,2.958579881656805e-05,0.21179466953269957
0.0005,0.001,16000,2.9411764705882354e-05,0.21229956133004077
0.0005,0.001,16100,2.9239766081871343e-05,0.2118599730653543
0.0005,0.001,16200,2.9069767441860467e-05,0.21206305457512664
0.0005,0.001,16300,2.8901734104046242e-05,0.21154606002978504
0.0005,0.001,16400,2.8735632183908048e-05,0.2118157174505177
0.0005,0.001,16500,2.857142857142857e-05,0.2118813039066692
0.0005,0.001,16600,2.840909090909091e-05,0.21231254822997248
0.0005,0.001,16700,2.8248587570621472e-05,0.21167884618323277
0.0005,0.001,16800,2.808988764044944e-05,0.21188192158989827
0.0005,0.001,16900,2.7932960893854752e-05,0.2117365199456347
0.0005,0.001,17000,2.777777777777778e-05,0.21179824615422382
0.0005,0.001,17100,2.7624309392265193e-05,0.21191662767079616
0.0005,0.001,17200,2.7472527472527473e-05,0.21159809805140314
0.0005,0.001,17300,2.73224043715847e-05,0.21170811886982652
0.0005,0.001,17400,2.717391304347826e-05,0.21792494522433734
0.0005,0.001,17500,2.7027027027027027e-05,0.22720245533699374
0.0005,0.001,17600,2.6881720430107527e-05,0.21286950495945464
0.0005,0.001,17700,2.6737967914438505e-05,0.21178387227596937
0.0005,0.001,17800,2.6595744680851064e-05,0.21478502962939075
0.0005,0.001,17900,2.6455026455026453e-05,0.2118660519867405
0.0005,0.001,18000,2.6315789473684212e-05,0.21181551482212968
0.0005,0.001,18100,2.6178010471204188e-05,0.21150723417886186
0.0005,0.001,18200,2.604166666666667e-05,0.2116128080121777
0.0005,0.001,18300,2.5906735751295337e-05,0.23354543280297904
0.0005,0.001,18400,2.5773195876288658e-05,0.21167414988999242
0.0005,0.001,18500,2.5641025641025643e-05,0.21167093715664054
0.0005,0.001,18600,2.551020408163265e-05,0.21163833447259156
0.0005,0.001,18700,2.538071065989848e-05,0.211529322321806
0.0005,0.001,18800,2.5252525252525253e-05,0.21398513138386563
0.0005,0.001,18900,2.5125628140703515e-05,0.21149742055264997
0.0005,0.001,19000,2.5e-05,0.21198188338793167
0.0005,0.001,19100,2.4875621890547263e-05,0.22149949831634178
0.0005,0.001,19200,2.4752475247524754e-05,0.21160054587647628
0.0005,0.001,19300,2.463054187192118e-05,0.2116850811765413
0.0005,0.001,19400,2.4509803921568626e-05,0.21143572132000688
0.0005,0.001,19500,2.4390243902439026e-05,0.21157819718730245
0.0005,0.001,19600,2.4271844660194173e-05,0.2113924703439213
0.0005,0.001,19700,2.415458937198068e-05,0.21173610104588556
0.0005,0.001,19800,2.403846153846154e-05,0.21134530355713715
0.0005,0.001,19900,2.3923444976076552e-05,0.21161230982971466
0.0005,0.001,20000,2.380952380952381e-05,0.21162061744897792
0.0005,0.001,20100,2.3696682464454976e-05,0.2114073086203664
0.0005,0.001,20200,2.358490566037736e-05,0.2114291888863
0.0005,0.001,20300,2.347417840375587e-05,0.21152316192384862
0.0005,0.001,20400,2.336448598130841e-05,0.2113400770100894
0.0005,0.001,20500,2.3255813953488374e-05,0.2113220512180401
0.0005,0.001,20600,2.3148148148148147e-05,0.21136958723806934
0.0005,0.001,20700,2.304147465437788e-05,0.21148640206322764
0.0005,0.001,20800,2.293577981651376e-05,0.21139359936281502
0.0005,0.001,20900,2.28310502283105e-05,0.2112597367582538
0.0005,0.001,21000,2.272727272727273e-05,0.21119448511616218
0.0005,0.001,21100,2.262443438914027e-05,0.21136621558579063
0.0005,0.001,21200,2.2522522522522523e-05,0.21211886208335834
0.0005,0.001,21300,2.242152466367713e-05,0.21152097085073512
0.0005,0.001,21400,2.232142857142857e-05,0.21131691609257958
0.0005,0.001,21500,2.2222222222222223e-05,0.21129305813750768
0.0005,0.001,21600,2.2123893805309735e-05,0.2114605233881264
0.0005,0.001,21700,2.2026431718061676e-05,0.21175087293390948
0.0005,0.001,21800,2.1929824561403507e-05,0.21879086219378807
0.0005,0.001,21900,2.1834061135371177e-05,0.21115931413641176
0.0005,0.001,22000,2.173913043478261e-05,0.21671046749323977
0.0005,0.001,22100,2.1645021645021645e-05,0.2112583885398937
0.0005,0.001,22200,2.1551724137931036e-05,0.21128725014497018
0.0005,0.001,22300,2.1459227467811157e-05,0.2111565150369714
0.0005,0.001,22400,2.1367521367521368e-05,0.21312504631732992
0.0005,0.001,22500,2.1276595744680852e-05,0.21128796010795034
0.0005,0.001,22600,2.11864406779661e-05,0.21122724320696662
0.0005,0.001,22700,2.1097046413502112e-05,0.2310257404871066
0.0005,0.001,22800,2.100840336134454e-05,0.23304326641507114
0.0005,0.001,22900,2.0920502092050207e-05,0.21109887782352238
0.0005,0.001,23000,2.0833333333333333e-05,0.21119274943969468
0.0005,0.001,23100,2.074688796680498e-05,0.21118258038256377
0.0005,0.001,23200,2.066115702479339e-05,0.21122051376029888
0.0005,0.001,23300,2.0576131687242797e-05,0.22279814992393265
0.0005,0.001,23400,2.0491803278688525e-05,0.21147472573358947
0.0005,0.001,23500,2.0408163265306123e-05,0.21126335194989715
0.0005,0.001,23600,2.032520325203252e-05,0.21394471133865503
0.0005,0.001,23700,2.0242914979757085e-05,0.21291869839665944
0.0005,0.001,23800,2.0161290322580645e-05,0.21100868119474483
0.0005,0.001,23900,2.0080321285140562e-05,0.21126477093087892
0.0005,0.001,24000,2e-05,0.21113978452078536
0.0005,0.001,24100,1.9920318725099602e-05,0.2110386241351011
0.0005,0.001,24200,1.984126984126984e-05,0.21119283041532122
0.0005,0.001,24300,1.9762845849802372e-05,0.21115833337240245
0.0005,0.001,24400,1.968503937007874e-05,0.21844739678583633
0.0005,0.001,24500,1.9607843137254903e-05,0.21511659515434484
0.0005,0.001,24600,1.953125e-05,0.2151132318487718
0.0005,0.001,24700,1.945525291828794e-05,0.21108743352542533
0.0005,0.001,24800,1.937984496124031e-05,0.21107023296937522
0.0005,0.001,24900,1.9305019305019303e-05,0.2112194991350352
0.0005,0.001,25000,1.923076923076923e-05,0.21134902085347207
0.0005,0.001,25100,1.9157088122605363e-05,0.21106660126959703
0.0005,0.001,25200,1.9083969465648855e-05,0.21731972258192236
0.0005,0.001,25300,1.9011406844106464e-05,0.21103071225761796
0.0005,0.001,25400,1.893939393939394e-05,0.21106405219087818
0.0005,0.001,25500,1.8867924528301888e-05,0.21102334004730436
0.0005,0.001,25600,1.8796992481203007e-05,0.21116179967201432
0.0005,0.001,25700,1.8726591760299626e-05,0.2111401029013685
0.0005,0.001,25800,1.8656716417910448e-05,0.21105581136371013
0.0005,0.001,25900,1.858736059479554e-05,0.2166015562065479
0.0005,0.001,26000,1.8518518518518518e-05,0.21097479149973913
0.0005,0.001,26100,1.8450184501845017e-05,0.21093930625586704
0.0005,0.001,26200,1.8382352941176472e-05,0.21095753999432823
0.0005,0.001,26300,1.8315018315018315e-05,0.21096267699982474
0.0005,0.001,26400,1.824817518248175e-05,0.21108504744886453
0.0005,0.001,26500,1.8181818181818182e-05,0.21107095538951642
0.0005,0.001,26600,1.8115942028985507e-05,0.21108981939646834
0.0005,0.001,26700,1.805054151624549e-05,0.21083417468744936
0.0005,0.001,26800,1.7985611510791367e-05,0.21092375106945244
0.0005,0.001,26900,1.7921146953405018e-05,0.21115072182587538
0.0005,0.001,27000,1.785714285714286e-05,0.21091979598653682
0.0005,0.001,27100,1.779359430604982e-05,0.2112090520574227
0.0005,0.001,27200,1.773049645390071e-05,0.21081503678714966
0.0005,0.001,27300,1.76678445229682e-05,0.21085560736583875
0.0005,0.001,27400,1.76056338028169e-05,0.21073599120654496
0.0005,0.001,27500,1.7543859649122806e-05,0.21729921456366405
0.0005,0.001,27600,1.7482517482517483e-05,0.2108904933198796
0.0005,0.001,27700,1.7421602787456446e-05,0.21104158251537977
0.0005,0.001,27800,1.736111111111111e-05,0.21115954411463364
0.0005,0.001,27900,1.7301038062283735e-05,0.21194953814679593
0.0005,0.001,28000,1.7241379310344828e-05,0.21093915550882905
0.0005,0.001,28100,1.718213058419244e-05,0.21119256777476791
0.0005,0.001,28200,1.712328767123288e-05,0.21080951698876388
0.0005,0.001,28300,1.7064846416382253e-05,0.21087526232823428
0.0005,0.001,28400,1.7006802721088435e-05,0.2108244088447116
0.0005,0.001,28500,1.694915254237288e-05,0.21076227692991056
0.0005,0.001,28600,1.6891891891891892e-05,0.21099920170605124
0.0005,0.001,28700,1.6835016835016837e-05,0.21084047305096598
0.0005,0.001,28800,1.6778523489932884e-05,0.21073010148452653
0.0005,0.001,28900,1.6722408026755853e-05,0.21076957784453937
0.0005,0.001,29000,1.6666666666666667e-05,0.22805168248716107
0.0005,0.001,29100,1.6611295681063124e-05,0.21100781615209327
0.0005,0.001,29200,1.6556291390728477e-05,0.21089868805101974
0.0005,0.001,29300,1.65016501650165e-05,0.21148361805260918
0.0005,0.001,29400,1.644736842105263e-05,0.2112642759669251
0.0005,0.001,29500,1.639344262295082e-05,0.21074847240665628
0.0005,0.001,29600,1.633986928104575e-05,0.21082320660565823
0.0005,0.001,29700,1.6286644951140067e-05,0.21073414926813805
0.0005,0.001,29800,1.6233766233766234e-05,0.21072323157016154
0.0005,0.001,29900,1.6181229773462782e-05,0.21084799423777675
0.0005,0.001,30000,1.6129032258064517e-05,0.21082863887439843
0.0005,0.001,30100,1.607717041800643e-05,0.2107880263045893
0.0005,0.001,30200,1.6025641025641026e-05,0.2202596930995809
0.0005,0.001,30300,1.597444089456869e-05,0.2108388214621898
0.0005,0.001,30400,1.592356687898089e-05,0.21719372542825252
0.0005,0.001,30500,1.5873015873015872e-05,0.21367444456437706
0.0005,0.001,30600,1.5822784810126583e-05,0.21083467631966302
0.0005,0.001,30700,1.577287066246057e-05,0.21112352942007173
0.0005,0.001,30800,1.572327044025157e-05,0.21085595742138688
0.0005,0.001,30900,1.567398119122257e-05,0.2177709279274129
0.0005,0.001,31000,1.5625e-05,0.2281731619810768
0.0005,0.001,31100,1.557632398753894e-05,0.21082786958952648
0.0005,0.001,31200,1.5527950310559007e-05,0.22047338676651257
0.0005,0.001,31300,1.5479876160990712e-05,0.21938873019137028
0.0005,0.001,31400,1.5432098765432096e-05,0.21103137021081095
0.0005,0.001,31500,1.5384615384615384e-05,0.21073985539995665
0.0005,0.001,31600,1.5337423312883436e-05,0.21091561904156889
0.0005,0.001,31700,1.529051987767584e-05,0.21107070693120866
0.0005,0.001,31800,1.5243902439024392e-05,0.21070132434718947
0.0005,0.001,31900,1.5197568389057748e-05,0.2118950113707158
0.0005,0.001,32000,1.5151515151515151e-05,0.2164135928624019
0.0005,0.001,32100,1.5105740181268882e-05,0.2107521974262367
0.0005,0.001,32200,1.5060240963855421e-05,0.21281356666267193
0.0005,0.001,32300,1.5015015015015016e-05,0.2108228714790477
0.0005,0.001,32400,1.4970059880239522e-05,0.21110572609941627
0.0005,0.001,32500,1.4925373134328359e-05,0.21064618053149992
0.0005,0.001,32600,1.4880952380952381e-05,0.21058849968097998
0.0005,0.001,32700,1.4836795252225518e-05,0.21337575393114988
0.0005,0.001,32800,1.4792899408284025e-05,0.21067378894037578
0.0005,0.001,32900,1.4749262536873157e-05,0.2113219033203229
0.0005,0.001,33000,1.4705882352941177e-05,0.21070039530069914
0.0005,0.001,33100,1.466275659824047e-05,0.21087011525021998
0.0005,0.001,33200,1.4619883040935671e-05,0.21081841206106686
0.0005,0.001,33300,1.457725947521866e-05,0.2107607264087312
0.0005,0.001,33400,1.4534883720930233e-05,0.2107113649309782
0.0005,0.001,33500,1.4492753623188407e-05,0.21067790921710872
0.0005,0.001,33600,1.4450867052023121e-05,0.2170948938538171
0.0005,0.001,33700,1.440922190201729e-05,0.21112137722788937
0.0005,0.001,33800,1.4367816091954024e-05,0.21084326652639046
0.0005,0.001,33900,1.4326647564469915e-05,0.21058414098568676
0.0005,0.001,34000,1.4285714285714285e-05,0.21062433706547357
0.0005,0.001,34100,1.4245014245014244e-05,0.21095174754786247
0.0005,0.001,34200,1.4204545454545455e-05,0.2106857963758833
0.0005,0.001,34300,1.4164305949008497e-05,0.2106652284257467
0.0005,0.001,34400,1.4124293785310736e-05,0.2152036511590163
0.0005,0.001,34500,1.4084507042253522e-05,0.21433751305169338
0.0005,0.001,34600,1.404494382022472e-05,0.21057144515692633
0.0005,0.001,34700,1.4005602240896357e-05,0.21060189534635898
0.0005,0.001,34800,1.3966480446927373e-05,0.2105606931145213
0.0005,0.001,34900,1.392757660167131e-05,0.2260850218707375
0.0005,0.001,35000,1.388888888888889e-05,0.210794597764503
0.0005,0.001,35100,1.3850415512465373e-05,0.21731497315373696
0.0005,0.001,35200,1.3812154696132597e-05,0.21063951399493355
0.0005,0.001,35300,1.3774104683195591e-05,0.21305687060462375
0.0005,0.001,35400,1.3736263736263736e-05,0.2217630007822657
0.0005,0.001,35500,1.3698630136986302e-05,0.22458978518836586
0.0005,0.001,35600,1.366120218579235e-05,0.2106764136297447
0.0005,0.001,35700,1.3623978201634877e-05,0.210690515880842
0.0005,0.001,35800,1.358695652173913e-05,0.2106206870330004
0.0005,0.001,35900,1.3550135501355014e-05,0.21067855060624843
0.0005,0.001,36000,1.3513513513513513e-05,0.21055579678139558
0.0005,0.001,36100,1.3477088948787062e-05,0.21056392344004518
0.0005,0.001,36200,1.3440860215053763e-05,0.21051168469127063
0.0005,0.001,36300,1.3404825737265415e-05,0.21143145546783576
0.0005,0.001,36400,1.3368983957219252e-05,0.21136315749239734
0.0005,0.001,36500,1.3333333333333333e-05,0.21057033322568983
0.0005,0.001,36600,1.3297872340425532e-05,0.21046924151046278
0.0005,0.001,36700,1.326259946949602e-05,0.21079148540418596
0.0005,0.001,36800,1.3227513227513226e-05,0.21051468682164587
0.0005,0.001,36900,1.3192612137203167e-05,0.21509357865050222
0.0005,0.001,37000,1.3157894736842106e-05,0.21389097354074876
0.0005,0.001,37100,1.3123359580052494e-05,0.2168246141755094
0.0005,0.001,37200,1.3089005235602094e-05,0.21062353947738705
0.0005,0.001,37300,1.3054830287206265e-05,0.21321568345470032
0.0005,0.001,37400,1.3020833333333334e-05,0.21063333795625067
0.0005,0.001,37500,1.2987012987012988e-05,0.21068520884531317
0.0005,0.001,37600,1.2953367875647668e-05,0.210590792632566
0.0005,0.001,37700,1.2919896640826873e-05,0.2122847947773176
0.0005,0.001,37800,1.2886597938144329e-05,0.21048100443973022
0.0005,0.001,37900,1.2853470437017995e-05,0.2105348768854639
0.0005,0.001,38000,1.2820512820512822e-05,0.21052397277399262
0.0005,0.001,38100,1.2787723785166241e-05,0.21064114535688805
0.0005,0.001,38200,1.2755102040816325e-05,0.211565251482248
0.0005,0.001,38300,1.272264631043257e-05,0.21162475891174665
0.0005,0.001,38400,1.269035532994924e-05,0.2104685410036392
0.0005,0.001,38500,1.2658227848101267e-05,0.21054002711203806
0.0005,0.001,38600,1.2626262626262626e-05,0.2127144162280381
0.0005,0.001,38700,1.2594458438287152e-05,0.21061309559987262
0.0005,0.001,38800,1.2562814070351757e-05,0.21041976275586993
0.0005,0.001,38900,1.2531328320802006e-05,0.21050734987826278
0.0005,0.001,39000,1.25e-05,0.21048997473815212
0.0005,0.001,39100,1.2468827930174563e-05,0.21061549927056245
0.0005,0.001,39200,1.2437810945273631e-05,0.21257101385976468
0.0005,0.001,39300,1.2406947890818857e-05,0.22369878844787172
0.0005,0.001,39400,1.2376237623762377e-05,0.22169108849175992
0.0005,0.001,39500,1.234567901234568e-05,0.21422963673255443
0.0005,0.001,39600,1.231527093596059e-05,0.210594401761674
0.0005,0.001,39700,1.2285012285012285e-05,0.21050136939705807
0.0005,0.001,39800,1.2254901960784313e-05,0.2106402639755469
0.0005,0.001,39900,1.2224938875305624e-05,0.21055677201499315
0.0005,0.001,40000,1.2195121951219513e-05,0.21058188198215685
0.0005,0.001,40100,1.2165450121654501e-05,0.21063771326940342
0.0005,0.001,40200,1.2135922330097087e-05,0.21052946568337305
0.0005,0.001,40300,1.2106537530266343e-05,0.21043699043393
0.0005,0.001,40400,1.207729468599034e-05,0.2105137160127717
0.0005,0.001,40500,1.2048192771084337e-05,0.21048407621412507
0.0005,0.001,40600,1.201923076923077e-05,0.21049452633126114
0.0005,0.001,40700,1.199040767386091e-05,0.2105657393966871
0.0005,0.001,40800,1.1961722488038276e-05,0.21044999215307697
0.0005,0.001,40900,1.1933174224343676e-05,0.21054439542170106
0.0005,0.001,41000,1.1904761904761905e-05,0.21042243429958818
0.0005,0.001,41100,1.187648456057007e-05,0.21182243005202125
0.0005,0.001,41200,1.1848341232227488e-05,0.21044616460072668
0.0005,0.001,41300,1.1820330969267138e-05,0.21055220970468153
0.0005,0.001,41400,1.179245283018868e-05,0.21288733753943972
0.0005,0.001,41500,1.1764705882352942e-05,0.2105969939487044
0.0005,0.001,41600,1.1737089201877934e-05,0.21036236788727877
0.0005,0.001,41700,1.17096018735363e-05,0.2104383953420876
0.0005,0.001,41800,1.1682242990654205e-05,0.21342351596779355
0.0005,0.001,41900,1.1655011655011655e-05,0.2104447701128848
0.0005,0.001,42000,1.1627906976744187e-05,0.21150381937360635
0.0005,0.001,42100,1.1600928074245939e-05,0.21048456079865493
0.0005,0.001,42200,1.1574074074074073e-05,0.21060551471400965
0.0005,0.001,42300,1.1547344110854503e-05,0.2104268104902469
0.0005,0.001,42400,1.152073732718894e-05,0.2104926824585402
0.0005,0.001,42500,1.1494252873563218e-05,0.21050451840609768
0.0005,0.001,42600,1.146788990825688e-05,0.22450963057361875
0.0005,0.001,42700,1.1441647597254004e-05,0.21065469840450549
0.0005,0.001,42800,1.141552511415525e-05,0.21036456212391377
0.0005,0.001,42900,1.1389521640091117e-05,0.21056266682115057
0.0005,0.001,43000,1.1363636363636365e-05,0.2104139209031682
0.0005,0.001,43100,1.1337868480725624e-05,0.2108345446144488
0.0005,0.001,43200,1.1312217194570136e-05,0.21043529183832882
0.0005,0.001,43300,1.128668171557562e-05,0.21025965685553083
0.0005,0.001,43400,1.1261261261261261e-05,0.21048854637518868
0.0005,0.001,43500,1.1235955056179776e-05,0.21104613183972534
0.0005,0.001,43600,1.1210762331838564e-05,0.21038976352851463
0.0005,0.001,43700,1.1185682326621923e-05,0.21047512888573688
0.0005,0.001,43800,1.1160714285714286e-05,0.2104832849371968
0.0005,0.001,43900,1.1135857461024499e-05,0.21040573061605378
0.0005,0.001,44000,1.1111111111111112e-05,0.210494361680716
0.0005,0.001,44100,1.1086474501108647e-05,0.21042710443750604
0.0005,0.001,44200,1.1061946902654867e-05,0.21035258798390993
0.0005,0.001,44300,1.1037527593818985e-05,0.210407206166237
0.0005,0.001,44400,1.1013215859030838e-05,0.21029372729259949
0.0005,0.001,44500,1.0989010989010989e-05,0.21051025369837756
0.0005,0.001,44600,1.0964912280701754e-05,0.21029729322757415
0.0005,0.001,44700,1.0940919037199125e-05,0.2221680572224199
0.0005,0.001,44800,1.0917030567685589e-05,0.2103886621299237
0.0005,0.001,44900,1.0893246187363835e-05,0.21030978508223735
0.0005,0.001,45000,1.0869565217391305e-05,0.21045277922172184
0.0005,0.001,45100,1.0845986984815618e-05,0.21029961693609586
0.0005,0.001,45200,1.0822510822510823e-05,0.21079413407986186
0.0005,0.001,45300,1.079913606911447e-05,0.2104667247988449
0.0005,0.001,45400,1.0775862068965518e-05,0.21040211608570922
0.0005,0.001,45500,1.0752688172043012e-05,0.21041058518049127
0.0005,0.001,45600,1.0729613733905578e-05,0.21057590946661103
0.0005,0.001,45700,1.070663811563169e-05,0.2113073834641263
0.0005,0.001,45800,1.0683760683760684e-05,0.21037179946735973
0.0005,0.001,45900,1.0660980810234541e-05,0.21031628483084078
0.0005,0.001,46000,1.0638297872340426e-05,0.21036533488656928
0.0005,0.001,46100,1.0615711252653929e-05,0.21039626858326754
0.0005,0.001,46200,1.059322033898305e-05,0.2104077893223309
0.0005,0.001,46300,1.0570824524312896e-05,0.210473447515769
0.0005,0.001,46400,1.0548523206751056e-05,0.21038143619276375
0.0005,0.001,46500,1.0526315789473684e-05,0.21023745966694107
0.0005,0.001,46600,1.050420168067227e-05,0.210361321363491
0.0005,0.001,46700,1.0482180293501048e-05,0.2105778014484156
0.0005,0.001,46800,1.0460251046025104e-05,0.21036644291479528
0.0005,0.001,46900,1.0438413361169103e-05,0.2106023268940941
0.0005,0.001,47000,1.0416666666666666e-05,0.21028074438755695
0.0005,0.001,47100,1.0395010395010395e-05,0.2103438633878392
0.0005,0.001,47200,1.037344398340249e-05,0.2103451612696478
0.0005,0.001,47300,1.0351966873706003e-05,0.21076340337909003
0.0005,0.001,47400,1.0330578512396695e-05,0.21087338055430854
0.0005,0.001,47500,1.0309278350515464e-05,0.21037941475327937
0.0005,0.001,47600,1.0288065843621398e-05,0.21048009724518676
0.0005,0.001,47700,1.0266940451745379e-05,0.21029707538972234
0.0005,0.001,47800,1.0245901639344262e-05,0.21033722462411186
0.0005,0.001,47900,1.0224948875255625e-05,0.21037268211387575
0.0005,0.001,48000,1.0204081632653061e-05,0.21046494554977788
0.0005,0.001,48100,1.0183299389002036e-05,0.21029769693811423
0.0005,0.001,48200,1.016260162601626e-05,0.21029575486836638
0.0005,0.001,48300,1.0141987829614604e-05,0.21037925778221594
0.0005,0.001,48400,1.0121457489878542e-05,0.21025505326836583
0.0005,0.001,48500,1.0101010101010101e-05,0.21033831975990191
0.0005,0.001,48600,1.0080645161290323e-05,0.21033858096061692
0.0005,0.001,48700,1.0060362173038228e-05,0.21140426411338342
0.0005,0.001,48800,1.0040160642570281e-05,0.2102658601032088
0.0005,0.001,48900,1.0020040080160322e-05,0.2103442440002904
0.0005,0.001,49000,1e-05,0.21022610342023912
0.0005,0.001,49100,9.980039920159681e-06,0.21153566764624554
0.0005,0.001,49200,9.960159362549801e-06,0.2103408385814868
0.0005,0.001,49296,9.941148401463337e-06,0.210159816069491
0.0005,0.001,49300,9.940357852882704e-06,0.21486722578087958
0.0005,0.001,49400,9.92063492063492e-06,0.2102613809689251
0.0005,0.001,49500,9.900990099009901e-06,0.21032696981544596
0.0005,0.001,49600,9.881422924901186e-06,0.21023218361010373
0.0005,0.001,49700,9.861932938856015e-06,0.2102662122035366
0.0005,0.001,49800,9.84251968503937e-06,0.2194259825068611
0.0005,0.001,49900,9.82318271119843e-06,0.21079069477371512
0.0005,0.001,49999,9.804113806153062e-06,0.2102903567498096
0.0005,0.01,0,0.0005,8.700000000000001
0.0005,0.01,100,0.00025,2.270237658743546
0.0005,0.01,200,0.00016666666666666666,1.38403004730452
0.0005,0.01,300,0.000125,0.9933992863798438
0.0005,0.01,400,0.0001,0.7953165450060851
0.0005,0.01,500,8.333333333333333e-05,0.6952976400524059
0.0005,0.01,600,7.142857142857143e-05,0.6110906394488493
0.0005,0.01,700,6.25e-05,0.5420081943947785
0.0005,0.01,800,5.555555555555556e-05,0.5064784211718163
0.0005,0.01,900,5e-05,0.45583080288814526
0.0005,0.01,1000,4.545454545454546e-05,0.436152597705856
0.0005,0.01,1100,4.1666666666666665e-05,0.4060276463881155
0.0005,0.01,1200,3.846153846153846e-05,0.38911360039925086
0.0005,0.01,1300,3.571428571428572e-05,0.36892185163182356
0.0005,0.01,1400,3.3333333333333335e-05,0.36044961405750786
0.0005,0.01,1500,3.125e-05,0.35214339449253707
0.0005,0.01,1600,2.9411764705882354e-05,0.3390814812191344
0.0005,0.01,1700,2.777777777777778e-05,0.33092224973339973
0.0005,0.01,1800,2.6315789473684212e-05,0.32184565596620757
0.0005,0.01,1900,2.5e-05,0.3137797472652657
0.0005,0.01,2000,2.380952380952381e-05,0.31333929149406214
0.0005,0.01,2100,2.272727272727273e-05,0.2988566229823661
0.0005,0.01,2200,2.173913043478261e-05,0.292494856857451
0.0005,0.01,2300,2.0833333333333333e-05,0.2864673634200969
0.0005,0.01,2400,2e-05,0.28131724602665037
0.0005,0.01,2500,1.923076923076923e-05,0.2775492188411191
0.0005,0.01,2600,1.8518518518518518e-05,0.26993053617573265
0.0005,0.01,2700,1.785714285714286e-05,0.26741791781884705
0.0005,0.01,2800,1.7241379310344828e-05,0.266271184392167
0.0005,0.01,2900,1.6666666666666667e-05,0.26507935616786393
0.0005,0.01,3000,1.6129032258064517e-05,0.264543243675882
0.0005,0.01,3100,1.5625e-05,0.26428462317541557
0.0005,0.01,3200,1.5151515151515151e-05,0.2633706428099579
0.0005,0.01,3300,1.4705882352941177e-05,0.2636043874155712
0.0005,0.01,3400,1.4285714285714285e-05,0.2621070096448665
0.0005,0.01,3500,1.388888888888889e-05,0.2612191305291213
0.0005,0.01,3600,1.3513513513513513e-05,0.26074259491674584
0.0005,0.01,3700,1.3157894736842106e-05,0.2607983084026081
0.0005,0.01,3800,1.2820512820512822e-05,0.25982225348884397
0.0005,0.01,3900,1.25e-05,0.25966056239515656
0.0005,0.01,4000,1.2195121951219513e-05,0.25893219035703224
0.0005,0.01,4100,1.1904761904761905e-05,0.2587455454108337
0.0005,0.01,4200,1.1627906976744187e-05,0.2584356301432045
0.0005,0.01,4300,1.1363636363636365e-05,0.25790906583157003
0.0005,0.01,4400,1.1111111111111112e-05,0.2579290367883005
0.0005,0.01,4500,1.0869565217391305e-05,0.2570902872409192
0.0005,0.01,4600,1.0638297872340426e-05,0.2567205096741024
0.0005,0.01,4700,1.0416666666666666e-05,0.2561642819676659
0.0005,0.01,4800,1.0204081632653061e-05,0.25591669212200385
0.0005,0.01,4900,1e-05,0.25585006002676214
0.0005,0.01,5000,9.803921568627451e-06,0.25523845964692704
0.0005,0.01,5100,9.615384615384616e-06,0.25489040607743013
0.0005,0.01,5200,9.433962264150944e-06,0.2575807793507763
0.0005,0.01,5300,9.259259259259259e-06,0.25446856546194535
0.0005,0.01,5400,9.090909090909091e-06,0.2540465021066811
0.0005,0.01,5500,8.92857142857143e-06,0.25374350512402033
0.0005,0.01,5600,8.771929824561403e-06,0.2552978177016343
0.0005,0.01,5700,8.620689655172414e-06,0.2530494970892854
0.0005,0.01,5800,8.47457627118644e-06,0.2557964311692469
0.0005,0.01,5900,8.333333333333334e-06,0.25506643468956103
0.0005,0.01,6000,8.19672131147541e-06,0.25225745979027486
0.0005,0.01,6100,8.064516129032258e-06,0.2524494615870825
0.0005,0.01,6200,7.936507936507936e-06,0.2516821980403152
0.0005,0.01,6300,7.8125e-06,0.25138900709970596
0.0005,0.01,6400,7.692307692307692e-06,0.25130201053385315
0.0005,0.01,6500,7.575757575757576e-06,0.2511355668825452
0.0005,0.01,6600,7.462686567164179e-06,0.2508350047222125
0.0005,0.01,6700,7.3529411764705884e-06,0.2520161037368198
0.0005,0.01,6800,7.246376811594203e-06,0.25043041345100164
0.0005,0.01,6900,7.142857142857143e-06,0.24999196045403824
0.0005,0.01,7000,7.042253521126761e-06,0.24982278386661574
0.0005,0.01,7100,6.944444444444445e-06,0.2495789798511245
0.0005,0.01,7200,6.849315068493151e-06,0.2493136149619103
0.0005,0.01,7300,6.756756756756757e-06,0.24919163706404232
0.0005,0.01,7400,6.666666666666667e-06,0.2489212224802418
0.0005,0.01,7500,6.578947368421053e-06,0.24895892079335208
0.0005,0.01,7600,6.493506493506494e-06,0.2485483168513672
0.0005,0.01,7700,6.410256410256411e-06,0.2483359538006394
0.0005,0.01,7800,6.329113924050633e-06,0.24975267121522005
0.0005,0.01,7900,6.25e-06,0.24797117610404215
0.0005,0.01,8000,6.17283950617284e-06,0.24773163228152378
0.0005,0.01,8100,6.0975609756097564e-06,0.24756649720851642
0.0005,0.01,8200,6.024096385542168e-06,0.24897064344699374
0.0005,0.01,8300,5.9523809523809525e-06,0.24712218806713873
0.0005,0.01,8400,5.882352941176471e-06,0.24702025867601896
0.0005,0.01,8500,5.8139534883720935e-06,0.24878103548251163
0.0005,0.01,8600,5.747126436781609e-06,0.2484714497507941
0.0005,0.01,8700,5.681818181818182e-06,0.2464443333693939
0.0005,0.01,8800,5.617977528089888e-06,0.24625497218076156
0.0005,0.01,8900,5.555555555555556e-06,0.24610514237495906
0.0005,0.01,9000,5.494505494505494e-06,0.24599764049256828
0.0005,0.01,9100,5.4347826086956525e-06,0.24735508366650244
0.0005,0.01,9200,5.376344086021506e-06,0.245721039483495
0.0005,0.01,9300,5.319148936170213e-06,0.2455323373116476
0.0005,0.01,9400,5.263157894736842e-06,0.2452711709284953
0.0005,0.01,9500,5.208333333333333e-06,0.24507198379844428
0.0005,0.01,9600,5.154639175257732e-06,0.24490736129576451
0.0005,0.01,9700,5.102040816326531e-06,0.24476963534513996
0.0005,0.01,9800,5.050505050505051e-06,0.24462674541104643
0.0005,0.01,9900,5e-06,0.24453374990546636
0.0005,0.01,10000,4.950495049504951e-06,0.24524142018612924
0.0005,0.01,10100,4.901960784313726e-06,0.24439334525457557
0.0005,0.01,10200,4.854368932038835e-06,0.24406569458311783
0.0005,0.01,10300,4.807692307692308e-06,0.24388136072106315
0.0005,0.01,10400,4.761904761904762e-06,0.24368262346932082
0.0005,0.01,10500,4.716981132075472e-06,0.24381754967069524
0.0005,0.01,10600,4.6728971962616825e-06,0.24337930359879384
0.0005,0.01,10700,4.6296296296296296e-06,0.24438540811250292
0.0005,0.01,10800,4.587155963302753e-06,0.24322803176140184
0.0005,0.01,10900,4.5454545454545455e-06,0.24411314887336194
0.0005,0.01,11000,4.504504504504505e-06,0.24301393746022726
0.0005,0.01,11100,4.464285714285715e-06,0.24272331719556786
0.0005,0.01,11200,4.424778761061947e-06,0.2428054886822198
0.0005,0.01,11300,4.3859649122807014e-06,0.2425925390388259
0.0005,0.01,11400,4.347826086956522e-06,0.2423546168885022
0.0005,0.01,11500,4.310344827586207e-06,0.24220758767206202
0.0005,0.01,11600,4.273504273504274e-06,0.24214494629051928
0.0005,0.01,11700,4.23728813559322e-06,0.24195977457661239
0.0005,0.01,11800,4.201680672268908e-06,0.24182441394832244
0.0005,0.01,11900,4.166666666666667e-06,0.2417113835255238
0.0005,0.01,12000,4.132231404958678e-06,0.24161896494992002
0.0005,0.01,12100,4.098360655737705e-06,0.24146559284356636
0.0005,0.01,12200,4.0650406504065046e-06,0.24140256068391233
0.0005,0.01,12300,4.032258064516129e-06,0.24126893203139305
0.0005,0.01,12400,4e-06,0.24114062719563914
0.0005,0.01,12500,3.968253968253968e-06,0.24102961382167398
0.0005,0.01,12600,3.937007874015748e-06,0.2408544015459698
0.0005,0.01,12700,3.90625e-06,0.24093383086229686
0.0005,0.01,12800,3.875968992248062e-06,0.24069319282485688
0.0005,0.01,12900,3.846153846153846e-06,0.2406276427813393
0.0005,0.01,13000,3.816793893129771e-06,0.24064996082837284
0.0005,0.01,13100,3.787878787878788e-06,0.24038338209721363
0.0005,0.01,13200,3.7593984962406014e-06,0.24019462191669605
0.0005,0.01,13300,3.7313432835820897e-06,0.24015726974145865
0.0005,0.01,13400,3.7037037037037037e-06,0.2399401542775729
0.0005,0.01,13500,3.6764705882352942e-06,0.23986042065444138
0.0005,0.01,13600,3.6496350364963505e-06,0.2409234024920874
0.0005,0.01,13700,3.6231884057971017e-06,0.24029370712453474
0.0005,0.01,13800,3.5971223021582737e-06,0.23966808060002098
0.0005,0.01,13900,3.5714285714285714e-06,0.23945272673455603
0.0005,0.01,14000,3.546099290780142e-06,0.2393398332835586
0.0005,0.01,14100,3.5211267605633804e-06,0.23928185698921844
0.0005,0.01,14200,3.4965034965034966e-06,0.23919372888182855
0.0005,0.01,14300,3.4722222222222224e-06,0.23904413946258296
0.0005,0.01,14400,3.4482758620689654e-06,0.23900684504288205
0.0005,0.01,14500,3.4246575342465754e-06,0.23885721831473605
0.0005,0.01,14600,3.4013605442176872e-06,0.23875391485912353
0.0005,0.01,14700,3.3783783783783783e-06,0.23865758003235016
0.0005,0.01,14800,3.3557046979865773e-06,0.23856319617421698
0.0005,0.01,14900,3.3333333333333333e-06,0.2384639313819816
0.0005,0.01,15000,3.3112582781456956e-06,0.2383433688527661
0.0005,0.01,15100,3.2894736842105265e-06,0.23885375569251519
0.0005,0.01,15200,3.2679738562091506e-06,0.23815336893995562
0.0005,0.01,15300,3.246753246753247e-06,0.23811523242731417
0.0005,0.01,15400,3.225806451612903e-06,0.23796339768167332
0.0005,0.01,15500,3.2051282051282054e-06,0.23793716628701755
0.0005,0.01,15600,3.1847133757961785e-06,0.2378099166955426
0.0005,0.01,15700,3.1645569620253167e-06,0.23771138917043197
0.0005,0.01,15800,3.1446540880503146e-06,0.23762579701157308
0.0005,0.01,15900,3.125e-06,0.2375683503677062
0.0005,0.01,16000,3.1055900621118013e-06,0.23754909502104948
0.0005,0.01,16100,3.08641975308642e-06,0.2373428209551808
0.0005,0.01,16200,3.067484662576687e-06,0.237443660584345
0.0005,0.01,16300,3.0487804878048782e-06,0.23718554691380755
0.0005,0.01,16400,3.0303030303030305e-06,0.2371000826731921
0.0005,0.01,16500,3.012048192771084e-06,0.23714865821916983
0.0005,0.01,16600,2.9940119760479042e-06,0.23701708113469347
0.0005,0.01,16700,2.9761904761904763e-06,0.2368068441887528
0.0005,0.01,16800,2.9585798816568047e-06,0.23814193126407157
0.0005,0.01,16900,2.9411764705882355e-06,0.23676703918840838
0.0005,0.01,17000,2.9239766081871347e-06,0.23663453333763385
0.0005,0.01,17100,2.9069767441860468e-06,0.23647464439083987
0.0005,0.01,17200,2.8901734104046244e-06,0.23644632725141437
0.0005,0.01,17300,2.8735632183908046e-06,0.2363540770646699
0.0005,0.01,17400,2.8571428571428573e-06,0.2362586366076584
0.0005,0.01,17500,2.840909090909091e-06,0.23619597138880047
0.0005,0.01,17600,2.824858757062147e-06,0.23609355396247553
0.0005,0.01,17700,2.808988764044944e-06,0.23602775086499167
0.0005,0.01,17800,2.793296089385475e-06,0.2359549824930669
0.0005,0.01,17900,2.777777777777778e-06,0.23590556379530964
0.0005,0.01,18000,2.7624309392265196e-06,0.2357823360389995
0.0005,0.01,18100,2.747252747252747e-06,0.23572920672126305
0.0005,0.01,18200,2.73224043715847e-06,0.23577763069970148
0.0005,0.01,18300,2.7173913043478263e-06,0.23609112390173742
0.0005,0.01,18400,2.7027027027027026e-06,0.2354613182184408
0.0005,0.01,18500,2.688172043010753e-06,0.23540566310285718
0.0005,0.01,18600,2.6737967914438504e-06,0.23544760013799232
0.0005,0.01,18700,2.6595744680851065e-06,0.2352391297815075
0.0005,0.01,18800,2.6455026455026455e-06,0.23516408992828317
0.0005,0.01,18900,2.631578947368421e-06,0.23508811508573735
0.0005,0.01,19000,2.6178010471204187e-06,0.23504980155147887
0.0005,0.01,19100,2.6041666666666666e-06,0.23494483392386234
0.0005,0.01,19200,2.5906735751295338e-06,0.2352591949384143
0.0005,0.01,19300,2.577319587628866e-06,0.23491801960348857
0.0005,0.01,19400,2.564102564102564e-06,0.23497144207357437
0.0005,0.01,19500,2.5510204081632653e-06,0.2346380412919305
0.0005,0.01,19600,2.5380710659898476e-06,0.23484059303234134
0.0005,0.01,19700,2.5252525252525253e-06,0.234496568825717
0.0005,0.01,19800,2.512562814070352e-06,0.23444387121009266
0.0005,0.01,19900,2.5e-06,0.23439071493051422
0.0005,0.01,20000,2.4875621890547264e-06,0.23435434491342166
0.0005,0.01,20100,2.4752475247524753e-06,0.23431928847626562
0.0005,0.01,20200,2.463054187192118e-06,0.23415604572779714
0.0005,0.01,20300,2.450980392156863e-06,0.23410166962023637
0.0005,0.01,20400,2.4390243902439023e-06,0.23406798426673758
0.0005,0.01,20500,2.4271844660194174e-06,0.23394810114098913
0.0005,0.01,20600,2.4154589371980677e-06,0.23459209966035893
0.0005,0.01,20700,2.403846153846154e-06,0.23392113359666433
0.0005,0.01,20800,2.3923444976076554e-06,0.23379458097152603
0.0005,0.01,20900,2.380952380952381e-06,0.23374937162998144
0.0005,0.01,21000,2.3696682464454976e-06,0.23363134942790864
0.0005,0.01,21100,2.358490566037736e-06,0.23457960480273177
0.0005,0.01,21200,2.3474178403755868e-06,0.2334893512133868
0.0005,0.01,21300,2.3364485981308413e-06,0.2335662148998948
0.0005,0.01,21400,2.325581395348837e-06,0.2334345971293279
0.0005,0.01,21500,2.3148148148148148e-06,0.2334355101521291
0.0005,0.01,21600,2.304147465437788e-06,0.23324429423540144
0.0005,0.01,21700,2.2935779816513764e-06,0.23325226608666266
0.0005,0.01,21800,2.2831050228310503e-06,0.2332180648763182
0.0005,0.01,21900,2.2727272727272728e-06,0.23306810650136595
0.0005,0.01,22000,2.2624434389140273e-06,0.23332916560300673
0.0005,0.01,22100,2.2522522522522524e-06,0.2337906591490475
0.0005,0.01,22200,2.242152466367713e-06,0.23287428620598566
0.0005,0.01,22300,2.2321428571428573e-06,0.232801864267217
0.0005,0.01,22400,2.222222222222222e-06,0.23279671797201862
0.0005,0.01,22500,2.2123893805309734e-06,0.23327671517277856
0.0005,0.01,22600,2.2026431718061673e-06,0.23273438309922173
0.0005,0.01,22700,2.1929824561403507e-06,0.2326775870297272
0.0005,0.01,22800,2.1834061135371177e-06,0.23249958081301134
0.0005,0.01,22900,2.173913043478261e-06,0.2326141107698536
0.0005,0.01,23000,2.1645021645021648e-06,0.23336621921244233
0.0005,0.01,23100,2.1551724137931035e-06,0.23238426306335172
0.0005,0.01,23200,2.1459227467811158e-06,0.23233503598036517
0.0005,0.01,23300,2.136752136752137e-06,0.2323066901170947
0.0005,0.01,23400,2.1276595744680853e-06,0.2321390261197302
0.0005,0.01,23500,2.11864406779661e-06,0.23209216333548432
0.0005,0.01,23600,2.109704641350211e-06,0.2320334093628157
0.0005,0.01,23700,2.100840336134454e-06,0.2320102090057431
0.0005,0.01,23800,2.092050209205021e-06,0.2319268990525286
0.0005,0.01,23900,2.0833333333333334e-06,0.23320830489757266
0.0005,0.01,24000,2.074688796680498e-06,0.23179103810693602
0.0005,0.01,24100,2.066115702479339e-06,0.23176856584623196
0.0005,0.01,24200,2.05761316872428e-06,0.2317631802933373
0.0005,0.01,24300,2.0491803278688526e-06,0.23169882414905346
0.0005,0.01,24400,2.040816326530612e-06,0.2315668220724493
0.0005,0.01,24500,2.0325203252032523e-06,0.23160838685861693
0.0005,0.01,24600,2.0242914979757085e-06,0.23148537704202554
0.0005,0.01,24700,2.0161290322580646e-06,0.23143438564889196
0.0005,0.01,24800,2.0080321285140564e-06,0.23135821045942714
0.0005,0.01,24900,2e-06,0.2312863600427274
0.0005,0.01,25000,1.99203187250996e-06,0.2312534028860739
0.0005,0.01,25100,1.984126984126984e-06,0.23121368276497692
0.0005,0.01,25200,1.9762845849802374e-06,0.23115716829725474
0.0005,0.01,25300,1.968503937007874e-06,0.2310824804748467
0.0005,0.01,25400,1.96078431372549e-06,0.23104470349282288
0.0005,0.01,25500,1.953125e-06,0.23099544295269284
0.0005,0.01,25600,1.945525291828794e-06,0.23127533503151113
0.0005,0.01,25700,1.937984496124031e-06,0.23088872903887853
0.0005,0.01,25800,1.9305019305019305e-06,0.2308384670287133
0.0005,0.01,25900,1.923076923076923e-06,0.2308518517897553
0.0005,0.01,26000,1.9157088122605362e-06,0.23070568342370254
0.0005,0.01,26100,1.9083969465648854e-06,0.230660023814687
0.0005,0.01,26200,1.9011406844106465e-06,0.2306454064285965
0.0005,0.01,26300,1.893939393939394e-06,0.23059703568849085
0.0005,0.01,26400,1.8867924528301887e-06,0.23114448504613583
0.0005,0.01,26500,1.8796992481203007e-06,0.23049955390187798
0.0005,0.01,26600,1.8726591760299625e-06,0.23040983324281958
0.0005,0.01,26700,1.8656716417910448e-06,0.23042657078851264
0.0005,0.01,26800,1.858736059479554e-06,0.2303079007056902
0.0005,0.01,26900,1.8518518518518519e-06,0.23025811760498321
0.0005,0.01,27000,1.845018450184502e-06,0.23076257687079987
0.0005,0.01,27100,1.8382352941176471e-06,0.23017072519025508
0.0005,0.01,27200,1.8315018315018316e-06,0.23013289054877945
0.0005,0.01,27300,1.8248175182481753e-06,0.23006997958857292
0.0005,0.01,27400,1.8181818181818183e-06,0.23001270834391305
0.0005,0.01,27500,1.8115942028985508e-06,0.23061321768172185
0.0005,0.01,27600,1.8050541516245488e-06,0.22990743376964712
0.0005,0.01,27700,1.7985611510791368e-06,0.22987113215387966
0.0005,0.01,27800,1.7921146953405017e-06,0.2298273439666796
0.0005,0.01,27900,1.7857142857142857e-06,0.22976625940040596
0.0005,0.01,28000,1.7793594306049823e-06,0.22970795908236244
0.0005,0.01,28100,1.773049645390071e-06,0.22966341281695565
0.0005,0.01,28200,1.7667844522968197e-06,0.2296260779764213
0.0005,0.01,28300,1.7605633802816902e-06,0.22961542203416557
0.0005,0.01,28400,1.7543859649122807e-06,0.22953750915389975
0.0005,0.01,28500,1.7482517482517483e-06,0.22949426070718126
0.0005,0.01,28600,1.7421602787456447e-06,0.2294279149962112
0.0005,0.01,28700,1.7361111111111112e-06,0.22938831109370986
0.0005,0.01,28800,1.7301038062283736e-06,0.22937471534160242
0.0005,0.01,28900,1.7241379310344827e-06,0.22938134570847094
0.0005,0.01,29000,1.718213058419244e-06,0.22933188281263236
0.0005,0.01,29100,1.7123287671232877e-06,0.22921056350920294
0.0005,0.01,29200,1.7064846416382253e-06,0.22971194178009993
0.0005,0.01,29300,1.7006802721088436e-06,0.2290929123197174
0.0005,0.01,29400,1.6949152542372882e-06,0.22906217652500163
0.0005,0.01,29500,1.6891891891891892e-06,0.229027221309215
0.0005,0.01,29600,1.6835016835016836e-06,0.2290046599089269
0.0005,0.01,29700,1.6778523489932886e-06,0.22898944489577142
0.0005,0.01,29800,1.6722408026755853e-06,0.22890931932041442
0.0005,0.01,29900,1.6666666666666667e-06,0.22886021494680514
0.0005,0.01,30000,1.6611295681063123e-06,0.22883870436674109
0.0005,0.01,30100,1.6556291390728478e-06,0.2292217168329073
0.0005,0.01,30200,1.6501650165016502e-06,0.22894716500282433
0.0005,0.01,30300,1.6447368421052632e-06,0.22866824088962148
0.0005,0.01,30400,1.639344262295082e-06,0.22863149398438692
0.0005,0.01,30500,1.6339869281045753e-06,0.22856745543570792
0.0005,0.01,30600,1.6286644951140066e-06,0.22856570483722166
0.0005,0.01,30700,1.6233766233766235e-06,0.22853055601103694
0.0005,0.01,30800,1.6181229773462783e-06,0.228534132145871
0.0005,0.01,30900,1.6129032258064516e-06,0.22845349025358178
0.0005,0.01,31000,1.607717041800643e-06,0.2283672571600257
0.0005,0.01,31100,1.6025641025641027e-06,0.22836352821803427
0.0005,0.01,31200,1.5974440894568691e-06,0.22828291086554736
0.0005,0.01,31300,1.5923566878980892e-06,0.22823667439536005
0.0005,0.01,31400,1.5873015873015873e-06,0.2282175587652373
0.0005,0.01,31500,1.5822784810126583e-06,0.22823651211623452
0.0005,0.01,31600,1.5772870662460567e-06,0.228121767097671
0.0005,0.01,31700,1.5723270440251573e-06,0.22807084704707248
0.0005,0.01,31800,1.567398119122257e-06,0.22808954175522242
0.0005,0.01,31900,1.5625e-06,0.22798606884035352
0.0005,0.01,32000,1.5576323987538942e-06,0.22828843780120756
0.0005,0.01,32100,1.5527950310559006e-06,0.22803178829454895
0.0005,0.01,32200,1.5479876160990713e-06,0.2278520895850001
0.0005,0.01,32300,1.54320987654321e-06,0.2278137164616195
0.0005,0.01,32400,1.5384615384615385e-06,0.22778604321102192
0.0005,0.01,32500,1.5337423312883435e-06,0.2277487433094464
0.0005,0.01,32600,1.5290519877675841e-06,0.22769698345606726
0.0005,0.01,32700,1.5243902439024391e-06,0.22772556279696632
0.0005,0.01,32800,1.519756838905775e-06,0.227613792501873
0.0005,0.01,32900,1.5151515151515152e-06,0.22757580509245948
0.0005,0.01,33000,1.5105740181268883e-06,0.22753738055467707
0.0005,0.01,33100,1.506024096385542e-06,0.22754651732328032
0.0005,0.01,33200,1.5015015015015015e-06,0.22748348179019628
0.0005,0.01,33300,1.4970059880239521e-06,0.22748039129075473
0.0005,0.01,33400,1.4925373134328358e-06,0.2274102915803263
0.0005,0.01,33500,1.4880952380952381e-06,0.22741966923842039
0.0005,0.01,33600,1.483679525222552e-06,0.22729992320217238
0.0005,0.01,33700,1.4792899408284024e-06,0.22752072800515016
0.0005,0.01,33800,1.4749262536873157e-06,0.2272180087062188
0.0005,0.01,33900,1.4705882352941177e-06,0.22718059672002852
0.0005,0.01,34000,1.466275659824047e-06,0.22714434366878228
0.0005,0.01,34100,1.4619883040935674e-06,0.22714972716736498
0.0005,0.01,34200,1.457725947521866e-06,0.22707036027933566
0.0005,0.01,34300,1.4534883720930234e-06,0.227076710629369
0.0005,0.01,34400,1.4492753623188406e-06,0.22701349488251657
0.0005,0.01,34500,1.4450867052023122e-06,0.22698991665165705
0.0005,0.01,34600,1.4409221902017292e-06,0.22691187317064476
0.0005,0.01,34700,1.4367816091954023e-06,0.22686638408453133
0.0005,0.01,34800,1.4326647564469915e-06,0.22684042136148538
0.0005,0.01,34900,1.4285714285714286e-06,0.2268017595140544
0.0005,0.01,35000,1.4245014245014246e-06,0.22679364383706607
0.0005,0.01,35100,1.4204545454545456e-06,0.2267506776159317
0.0005,0.01,35200,1.41643059490085e-06,0.22667865452424743
0.0005,0.01,35300,1.4124293785310734e-06,0.2266506613049678
0.0005,0.01,35400,1.4084507042253521e-06,0.2273489227129545
0.0005,0.01,35500,1.404494382022472e-06,0.2265934735040202
0.0005,0.01,35600,1.4005602240896359e-06,0.22658313422536355
0.0005,0.01,35700,1.3966480446927375e-06,0.2265066363419614
0.0005,0.01,35800,1.392757660167131e-06,0.2264906481085871
0.0005,0.01,35900,1.388888888888889e-06,0.22643622585396783
0.0005,0.01,36000,1.3850415512465373e-06,0.22644632057001982
0.0005,0.01,36100,1.3812154696132598e-06,0.22635936155075276
0.0005,0.01,36200,1.3774104683195593e-06,0.22688150257285844
0.0005,0.01,36300,1.3736263736263736e-06,0.22630411812670856
0.0005,0.01,36400,1.3698630136986302e-06,0.2262654947867154
0.0005,0.01,36500,1.366120218579235e-06,0.22623230577276154
0.0005,0.01,36600,1.3623978201634877e-06,0.22619564023056327
0.0005,0.01,36700,1.3586956521739131e-06,0.22614942854883546
0.0005,0.01,36800,1.3550135501355013e-06,0.22610556101169657
0.0005,0.01,36900,1.3513513513513513e-06,0.2261046198876612
0.0005,0.01,37000,1.3477088948787062e-06,0.2260634208944684
0.0005,0.01,37100,1.3440860215053765e-06,0.22604951326684744
0.0005,0.01,37200,1.3404825737265416e-06,0.22596423086706632
0.0005,0.01,37300,1.3368983957219252e-06,0.22595662577131914
0.0005,0.01,37400,1.3333333333333334e-06,0.22591038668397503
0.0005,0.01,37500,1.3297872340425533e-06,0.22586448959824457
0.0005,0.01,37600,1.3262599469496022e-06,0.22591044888351958
0.0005,0.01,37700,1.3227513227513228e-06,0.22605720033165663
0.0005,0.01,37800,1.3192612137203166e-06,0.22577826522637978
0.0005,0.01,37900,1.3157894736842106e-06,0.2257869312488156
0.0005,0.01,38000,1.3123359580052494e-06,0.22570128073042622
0.0005,0.01,38100,1.3089005235602093e-06,0.2256651797423774
0.0005,0.01,38200,1.3054830287206267e-06,0.22562697657717215
0.0005,0.01,38300,1.3020833333333333e-06,0.2255966727226444
0.0005,0.01,38400,1.2987012987012988e-06,0.22558866894892196
0.0005,0.01,38500,1.2953367875647669e-06,0.22559111173231078
0.0005,0.01,38600,1.2919896640826874e-06,0.22549987559993362
0.0005,0.01,38700,1.288659793814433e-06,0.22554731836194647
0.0005,0.01,38800,1.2853470437017995e-06,0.2254319561813908
0.0005,0.01,38900,1.282051282051282e-06,0.2253875635442504
0.0005,0.01,39000,1.2787723785166241e-06,0.22540082149240884
0.0005,0.01,39100,1.2755102040816327e-06,0.22533453564176564
0.0005,0.01,39200,1.2722646310432571e-06,0.2254541205185922
0.0005,0.01,39300,1.2690355329949238e-06,0.22526120576353845
0.0005,0.01,39400,1.2658227848101265e-06,0.2252953319889049
0.0005,0.01,39500,1.2626262626262627e-06,0.22519695178965177
0.0005,0.01,39600,1.2594458438287154e-06,0.22515628195133736
0.0005,0.01,39700,1.256281407035176e-06,0.22513624877411548
0.0005,0.01,39800,1.2531328320802005e-06,0.22518181133961915
0.0005,0.01,39900,1.25e-06,0.2250912375395362
0.0005,0.01,40000,1.2468827930174563e-06,0.22569896891713104
0.0005,0.01,40100,1.2437810945273632e-06,0.22500871351946752
0.0005,0.01,40200,1.240694789081886e-06,0.2249777039429818
0.0005,0.01,40300,1.2376237623762377e-06,0.22492729074878667
0.0005,0.01,40400,1.234567901234568e-06,0.22491409332028847
0.0005,0.01,40500,1.231527093596059e-06,0.22515202180616975
0.0005,0.01,40600,1.2285012285012285e-06,0.22486710026977227
0.0005,0.01,40700,1.2254901960784314e-06,0.22480606349484084
0.0005,0.01,40800,1.2224938875305623e-06,0.22479959433858585
0.0005,0.01,40900,1.2195121951219512e-06,0.22473565619705757
0.0005,0.01,41000,1.2165450121654502e-06,0.2247334143151943
0.0005,0.01,41100,1.2135922330097087e-06,0.22484272110328923
0.0005,0.01,41200,1.2106537530266345e-06,0.22471547480313322
0.0005,0.01,41300,1.2077294685990338e-06,0.22493305459367136
0.0005,0.01,41400,1.2048192771084338e-06,0.22458960713482215
0.0005,0.01,41500,1.201923076923077e-06,0.22455569407764195
0.0005,0.01,41600,1.1990407673860912e-06,0.22453537110928332
0.0005,0.01,41700,1.1961722488038277e-06,0.22448966255147215
0.0005,0.01,41800,1.1933174224343676e-06,0.2244598958127027
0.0005,0.01,41900,1.1904761904761906e-06,0.2244609797270173
0.0005,0.01,42000,1.187648456057007e-06,0.2244025743977576
0.0005,0.01,42100,1.1848341232227488e-06,0.22436512763852465
0.0005,0.01,42200,1.182033096926714e-06,0.2243792289567813
0.0005,0.01,42300,1.179245283018868e-06,0.2243235738511507
0.0005,0.01,42400,1.1764705882352942e-06,0.22431445166047737
0.0005,0.01,42500,1.1737089201877934e-06,0.22427272098210385
0.0005,0.01,42600,1.17096018735363e-06,0.22423517240562088
0.0005,0.01,42700,1.1682242990654206e-06,0.22420880630264212
0.0005,0.01,42800,1.1655011655011655e-06,0.22420433883670257
0.0005,0.01,42900,1.1627906976744186e-06,0.22413573842360404
0.0005,0.01,43000,1.160092807424594e-06,0.22409357166443358
0.0005,0.01,43100,1.1574074074074074e-06,0.22409026495879297
0.0005,0.01,43200,1.1547344110854503e-06,0.22408507259809715
0.0005,0.01,43300,1.152073732718894e-06,0.22406302410521578
0.0005,0.01,43400,1.1494252873563219e-06,0.2240389434012829
0.0005,0.01,43500,1.1467889908256882e-06,0.22401348168863597
0.0005,0.01,43600,1.1441647597254004e-06,0.22392715903674212
0.0005,0.01,43700,1.1415525114155251e-06,0.22392221945770785
0.0005,0.01,43800,1.1389521640091117e-06,0.22400600128889764
0.0005,0.01,43900,1.1363636363636364e-06,0.22385524617914124
0.0005,0.01,44000,1.1337868480725623e-06,0.2238128030614441
0.0005,0.01,44100,1.1312217194570136e-06,0.22377192023683246
0.0005,0.01,44200,1.1286681715575621e-06,0.2239136213247464
0.0005,0.01,44300,1.1261261261261262e-06,0.22373524522271893
0.0005,0.01,44400,1.1235955056179775e-06,0.22371603417283537
0.0005,0.01,44500,1.1210762331838566e-06,0.22376067307248862
0.0005,0.01,44600,1.1185682326621925e-06,0.22364051330711376
0.0005,0.01,44700,1.1160714285714287e-06,0.2236245240845702
0.0005,0.01,44800,1.1135857461024499e-06,0.2235983456050203
0.0005,0.01,44900,1.111111111111111e-06,0.22356674587776756
0.0005,0.01,45000,1.1086474501108648e-06,0.22352232595813334
0.0005,0.01,45100,1.1061946902654867e-06,0.22348863610284608
0.0005,0.01,45200,1.1037527593818985e-06,0.22347577590054077
0.0005,0.01,45300,1.1013215859030837e-06,0.22344138754230156
0.0005,0.01,45400,1.098901098901099e-06,0.2234292122774822
0.0005,0.01,45500,1.0964912280701754e-06,0.22343000423864617
0.0005,0.01,45600,1.0940919037199126e-06,0.22335440314850205
0.0005,0.01,45700,1.0917030567685589e-06,0.2233270319326847
0.0005,0.01,45800,1.0893246187363834e-06,0.22328888202163394
0.0005,0.01,45900,1.0869565217391306e-06,0.22327799920568278
0.0005,0.01,46000,1.0845986984815618e-06,0.22324598447899158
0.0005,0.01,46100,1.0822510822510824e-06,0.223214527106763
0.0005,0.01,46200,1.079913606911447e-06,0.22319884167257945
0.0005,0.01,46300,1.0775862068965518e-06,0.223185753786818
0.0005,0.01,46400,1.0752688172043011e-06,0.22315562966095354
0.0005,0.01,46500,1.0729613733905579e-06,0.2231700906579483
0.0005,0.01,46600,1.0706638115631692e-06,0.22310422091027807
0.0005,0.01,46700,1.0683760683760685e-06,0.22305880875494355
0.0005,0.01,46800,1.066098081023454e-06,0.223027520183043
0.0005,0.01,46900,1.0638297872340427e-06,0.2230074061157514
0.0005,0.01,47000,1.0615711252653929e-06,0.22298613319423627
0.0005,0.01,47100,1.059322033898305e-06,0.22294095916611317
0.0005,0.01,47200,1.0570824524312896e-06,0.222925572179841
0.0005,0.01,47300,1.0548523206751055e-06,0.22289594412116343
0.0005,0.01,47400,1.0526315789473685e-06,0.22287481697357847
0.0005,0.01,47500,1.050420168067227e-06,0.22284766567326802
0.0005,0.01,47600,1.0482180293501048e-06,0.2228850669639383
0.0005,0.01,47700,1.0460251046025104e-06,0.22280103217003633
0.0005,0.01,47800,1.0438413361169103e-06,0.22276238358583794
0.0005,0.01,47900,1.0416666666666667e-06,0.22287831105196337
0.0005,0.01,48000,1.0395010395010395e-06,0.22271360173461502
0.0005,0.01,48100,1.037344398340249e-06,0.22267472644374017
0.0005,0.01,48200,1.0351966873706004e-06,0.2226627411965502
0.0005,0.01,48300,1.0330578512396695e-06,0.22265826839263467
0.0005,0.01,48400,1.0309278350515464e-06,0.22262590161770746
0.0005,0.01,48500,1.02880658436214e-06,0.22259342660549677
0.0005,0.01,48600,1.026694045174538e-06,0.22254070775145376
0.0005,0.01,48700,1.0245901639344263e-06,0.22266694149451313
0.0005,0.01,48800,1.0224948875255625e-06,0.22267800828416814
0.0005,0.01,48900,1.020408163265306e-06,0.22254789409233824
0.0005,0.01,49000,1.0183299389002038e-06,0.22246793680158097
0.0005,0.01,49100,1.0162601626016261e-06,0.22249660888487696
0.0005,0.01,49200,1.0141987829614605e-06,0.22243126376242356
0.0005,0.01,49300,1.0121457489878542e-06,0.22240688571932413
0.0005,0.01,49400,1.01010101010101e-06,0.22235023739453827
0.0005,0.01,49500,1.0080645161290323e-06,0.22231609286308887
0.0005,0.01,49600,1.006036217303823e-06,0.22246532481313624
0.0005,0.01,49700,1.0040160642570282e-06,0.222778703103822
0.0005,0.01,49800,1.002004008016032e-06,0.2222539249399479
0.0005,0.01,49900,1e-06,0.22226631218528087
0.0005,0.01,49994,9.981235277677965e-07,0.22218325268319844
0.0005,0.01,49999,9.980239126529471e-07,0.22232135116521606
0.001,0.0,0,0.001,8.700000000000001
0.001,0.0,100,0.001,0.7580357627503476
0.001,0.0,200,0.001,0.3337079577092483
0.001,0.0,300,0.001,0.3177838239413929
0.001,0.0,400,0.001,0.382633787708862
0.001,0.0,500,0.001,0.2836936043774302
0.001,0.0,600,0.001,0.30359542717331106
0.001,0.0,700,0.001,0.28037980755895475
0.001,0.0,800,0.001,0.2940365310129007
0.001,0.0,900,0.001,0.27615893518667844
0.001,0.0,1000,0.001,0.2936259510822219
0.001,0.0,1100,0.001,0.28514265961247826
0.001,0.0,1200,0.001,0.298115516138392
0.001,0.0,1300,0.001,0.37927956975328525
0.001,0.0,1400,0.001,0.302930094962693
0.001,0.0,1500,0.001,0.2837220934532252
0.001,0.0,1600,0.001,1.1115601125538257
0.001,0.0,1700,0.001,0.30236156442225764
0.001,0.0,1800,0.001,0.27833510926428573
0.001,0.0,1900,0.001,0.2920982297595678
0.001,0.0,2000,0.001,0.2771251514512768
0.001,0.0,2100,0.001,0.2852160279100955
0.001,0.0,2200,0.001,0.28623038749760243
0.001,0.0,2300,0.001,0.2873023070550068
0.001,0.0,2400,0.001,0.30718570930458555
0.001,0.0,2500,0.001,0.28014298655573283
0.001,0.0,2600,0.001,0.29811516535824606
0.001,0.0,2700,0.001,0.37206181728707227
0.001,0.0,2800,0.001,0.962966868557511
0.001,0.0,2900,0.001,0.28031728076074885
0.001,0.0,3000,0.001,0.2930634057280367
0.001,0.0,3100,0.001,1.181685071880481
0.001,0.0,3200,0.001,0.28939922468050255
0.001,0.0,3300,0.001,0.2793209498723691
0.001,0.0,3400,0.001,0.29329635908096574
0.001,0.0,3500,0.001,0.9960571527886394
0.001,0.0,3600,0.001,0.29192297975815884
0.001,0.0,3700,0.001,0.2787666307325901
0.001,0.0,3800,0.001,0.3023653311897799
0.001,0.0,3900,0.001,0.3091446486041246
0.001,0.0,4000,0.001,0.2864976927174649
0.001,0.0,4100,0.001,0.8357790547518438
0.001,0.0,4200,0.001,0.28585433687110856
0.001,0.0,4300,0.001,0.3036280676939179
0.001,0.0,4400,0.001,0.2818240815944866
0.001,0.0,4500,0.001,0.28801958499054975
0.001,0.0,4600,0.001,0.2780740436022774
0.001,0.0,4700,0.001,0.3202254650064956
0.001,0.0,4800,0.001,0.44060727671713235
0.001,0.0,4900,0.001,0.2815447133336317
0.001,0.0,5000,0.001,0.2934263520297719
0.001,0.0,5100,0.001,0.28646608094885323
0.001,0.0,5200,0.001,0.2898811855545998
0.001,0.0,5300,0.001,0.2792827411745973
0.001,0.0,5400,0.001,0.28636717707661674
0.001,0.0,5500,0.001,0.27713602678630456
0.001,0.0,5600,0.001,0.30226860421794466
0.001,0.0,5700,0.001,0.3386461915056879
0.001,0.0,5800,0.001,0.2851298119719436
0.001,0.0,5900,0.001,0.7560050261639794
0.001,0.0,6000,0.001,0.4472181510501853
0.001,0.0,6100,0.001,0.310256535620097
0.001,0.0,6200,0.001,0.2792570535366275
0.001,0.0,6300,0.001,0.636749859656242
0.001,0.0,6400,0.001,1.5336928776338126
0.001,0.0,6500,0.001,0.28774609675907004
0.001,0.0,6600,0.001,0.4805374061229619
0.001,0.0,6700,0.001,1.1574160976247345
0.001,0.0,6800,0.001,0.27703752574058615
0.001,0.0,6900,0.001,0.2891431637639087
0.001,0.0,7000,0.001,0.27700676843960825
0.001,0.0,7100,0.001,0.2838240157625011
0.001,0.0,7200,0.001,0.41274491214789
0.001,0.0,7300,0.001,0.28477882420054723
0.001,0.0,7400,0.001,0.293920528763638
0.001,0.0,7500,0.001,0.2718202719945454
0.001,0.0,7600,0.001,0.28584544602196704
0.001,0.0,7700,0.001,0.29798307882425246
0.001,0.0,7800,0.001,0.28158136080082297
0.001,0.0,7900,0.001,0.2870317153345186
0.001,0.0,8000,0.001,0.8386532838668308
0.001,0.0,8100,0.001,0.29241054926583476
0.001,0.0,8200,0.001,0.28525771976827013
0.001,0.0,8300,0.001,0.2743900598913136
0.001,0.0,8400,0.001,0.28488697675044966
0.001,0.0,8500,0.001,0.2821978119956148
0.001,0.0,8600,0.001,0.28854479636774344
0.001,0.0,8700,0.001,0.27723264178820184
0.001,0.0,8800,0.001,0.2806450501657271
0.001,0.0,8900,0.001,0.26812689682228497
0.001,0.0,9000,0.001,0.2847878012915087
0.001,0.0,9100,0.001,0.2922428557517718
0.001,0.0,9200,0.001,0.2878174909353833
0.001,0.0,9300,0.001,0.2684932952151935
0.001,0.0,9400,0.001,0.2786524685268234
0.001,0.0,9500,0.001,0.28658769544328083
0.001,0.0,9600,0.001,0.2982163110622997
0.001,0.0,9700,0.001,0.279967705298112
0.001,0.0,9800,0.001,0.27347681215336644
0.001,0.0,9900,0.001,0.2838078564753308
0.001,0.0,10000,0.001,0.4875844727631041
0.001,0.0,10100,0.001,0.280915048706899
0.001,0.0,10200,0.001,0.30475203585387983
0.001,0.0,10300,0.001,1.3638934600106551
0.001,0.0,10400,0.001,0.3378001466698406
0.001,0.0,10500,0.001,0.41032981070181396
0.001,0.0,10600,0.001,0.29259080700091816
0.001,0.0,10700,0.001,0.294031124678926
0.001,0.0,10800,0.001,0.2816598898153987
0.001,0.0,10900,0.001,0.31782883870127426
0.001,0.0,11000,0.001,0.2816090837294163
0.001,0.0,11100,0.001,0.28916649871271094
0.001,0.0,11200,0.001,0.2999096087643488
0.001,0.0,11300,0.001,0.28602210503362335
0.001,0.0,11400,0.001,0.2747399734701599
0.001,0.0,11500,0.001,0.28587572146915624
0.001,0.0,11600,0.001,1.4938403602409918
0.001,0.0,11700,0.001,0.37422129433355455
0.001,0.0,11800,0.001,0.29099047983545323
0.001,0.0,11900,0.001,0.2887245233594561
0.001,0.0,12000,0.001,0.2883807768917105
0.001,0.0,12100,0.001,0.27275512780218597
0.001,0.0,12200,0.001,0.2787110711155438
0.001,0.0,12300,0.001,0.2964188898611757
0.001,0.0,12400,0.001,0.28087440973475813
0.001,0.0,12500,0.001,0.3058525916484524
0.001,0.0,12600,0.001,0.2780471332934276
0.001,0.0,12700,0.001,0.2857505178453855
0.001,0.0,12800,0.001,0.4162370847735003
0.001,0.0,12900,0.001,0.2929651595835595
0.001,0.0,13000,0.001,0.27779920321463747
0.001,0.0,13100,0.001,0.28541766433634486
0.001,0.0,13200,0.001,0.9595890048963378
0.001,0.0,13300,0.001,0.2896186418490417
0.001,0.0,13400,0.001,0.2992081221785689
0.001,0.0,13500,0.001,0.2980242322543838
0.001,0.0,13600,0.001,0.26957765594115257
0.001,0.0,13700,0.001,0.3281408524483818
0.001,0.0,13800,0.001,0.2940928440418476
0.001,0.0,13900,0.001,0.27922464916976647
0.001,0.0,14000,0.001,0.2876743230586234
0.001,0.0,14100,0.001,1.2089734798563871
0.001,0.0,14200,0.001,0.28695301399299483
0.001,0.0,14300,0.001,1.4616534574468303
0.001,0.0,14400,0.001,0.2899629890065002
0.001,0.0,14500,0.001,0.45767981411231884
0.001,0.0,14600,0.001,0.27924365680374086
0.001,0.0,14700,0.001,0.29076843283594206
0.001,0.0,14800,0.001,0.2793277922812232
0.001,0.0,14900,0.001,0.42007065329893833
0.001,0.0,15000,0.001,0.29975262958215243
0.001,0.0,15100,0.001,0.297543854738869
0.001,0.0,15200,0.001,0.2854714520659307
0.001,0.0,15300,0.001,0.2925034988266386
0.001,0.0,15400,0.001,0.44898114042394754
0.001,0.0,15500,0.001,0.30920291014222473
0.001,0.0,15600,0.001,0.29070805560919716
0.001,0.0,15700,0.001,0.2878072646105328
0.001,0.0,15800,0.001,0.2887442705179228
0.001,0.0,15900,0.001,0.2843149394594056
0.001,0.0,16000,0.001,0.4659282077619564
0.001,0.0,16100,0.001,0.341007364176607
0.001,0.0,16200,0.001,0.2879358840989089
0.001,0.0,16300,0.001,0.2903031206394749
0.001,0.0,16400,0.001,0.29657925843060406
0.001,0.0,16500,0.001,0.27862480292262504
0.001,0.0,16600,0.001,0.3029036805204148
0.001,0.0,16700,0.001,0.3127904774196014
0.001,0.0,16800,0.001,0.2923819428745721
0.001,0.0,16900,0.001,0.2795328928362732
0.001,0.0,17000,0.001,0.29215134064397397
0.001,0.0,17100,0.001,0.3544159518179027
0.001,0.0,17200,0.001,0.6819380244772877
0.001,0.0,17300,0.001,0.2868452596478374
0.001,0.0,17400,0.001,1.0748248861410223
0.001,0.0,17500,0.001,0.28420397799059244
0.001,0.0,17600,0.001,0.2949353937251301
0.001,0.0,17700,0.001,0.2839510325274921
0.001,0.0,17800,0.001,0.290212165296039
0.001,0.0,17900,0.001,0.27317508505470633
0.001,0.0,18000,0.001,0.2792358201621037
0.001,0.0,18100,0.001,0.2956198414359059
0.001,0.0,18200,0.001,0.299552222698959
0.001,0.0,18300,0.001,0.27813422327273873
0.001,0.0,18400,0.001,0.2923297245793654
0.001,0.0,18500,0.001,0.3127441390682162
0.001,0.0,18600,0.001,0.282971296310047
0.001,0.0,18700,0.001,0.2937197949904136
0.001,0.0,18800,0.001,0.28282966236360246
0.001,0.0,18900,0.001,0.30153908292796505
0.001,0.0,19000,0.001,0.28445631502813595
0.001,0.0,19100,0.001,0.2760083814912201
0.001,0.0,19200,0.001,0.39391471807828776
0.001,0.0,19300,0.001,0.28069036032506023
0.001,0.0,19400,0.001,0.28959642589619533
0.001,0.0,19500,0.001,0.2749513634749405
0.001,0.0,19600,0.001,0.2900583919462029
0.001,0.0,19700,0.001,0.27653508975632407
0.001,0.0,19800,0.001,0.39508322471207175
0.001,0.0,19900,0.001,0.39310107688030177
0.001,0.0,20000,0.001,0.2877669921909545
0.001,0.0,20100,0.001,0.2789598062476972
0.001,0.0,20200,0.001,0.2972601923905322
0.001,0.0,20300,0.001,0.27720776992960133
0.001,0.0,20400,0.001,0.28994650264934335
0.001,0.0,20500,0.001,0.31944512995592456
0.001,0.0,20600,0.001,0.29011923778829857
0.001,0.0,20700,0.001,1.2750885582921063
0.001,0.0,20800,0.001,0.28862166275182943
0.001,0.0,20900,0.001,0.30552927803196817
0.001,0.0,21000,0.001,1.126603207652671
0.001,0.0,21100,0.001,0.2893346230731395
0.001,0.0,21200,0.001,0.293374300811443
0.001,0.0,21300,0.001,0.2811248340307089
0.001,0.0,21400,0.001,1.4059734008104658
0.001,0.0,21500,0.001,0.2923155300148623
0.001,0.0,21600,0.001,0.27873526694063044
0.001,0.0,21700,0.001,0.2872033201311115
0.001,0.0,21800,0.001,0.28304863234510225
0.001,0.0,21900,0.001,0.2877169481379024
0.001,0.0,22000,0.001,0.2803668083690602
0.001,0.0,22100,0.001,0.29401163599003566
0.001,0.0,22200,0.001,0.31485103769188594
0.001,0.0,22300,0.001,0.2948694049925004
0.001,0.0,22400,0.001,0.2930225130681216
0.001,0.0,22500,0.001,0.2878123562608864
0.001,0.0,22600,0.001,0.3011603892188453
0.001,0.0,22700,0.001,0.2900121387108242
0.001,0.0,22800,0.001,0.6481882367307225
0.001,0.0,22900,0.001,0.286922770196173
0.001,0.0,23000,0.001,0.5611917976081142
0.001,0.0,23100,0.001,0.28714212987912635
0.001,0.0,23200,0.001,0.27720738491509955
0.001,0.0,23300,0.001,0.2879777791621866
0.001,0.0,23400,0.001,0.2963518285821175
0.001,0.0,23500,0.001,0.39285252954199457
0.001,0.0,23600,0.001,0.274500209141705
0.001,0.0,23700,0.001,0.27233189268276436
0.001,0.0,23800,0.001,0.28352281868819884
0.001,0.0,23900,0.001,0.2721457574737979
0.001,0.0,24000,0.001,0.2862723637760448
0.001,0.0,24100,0.001,0.29350033254003366
0.001,0.0,24186,0.001,0.26150286971162534
0.001,0.0,24200,0.001,0.309865229806264
0.001,0.0,24300,0.001,0.37184840774224803
0.001,0.0,24400,0.001,0.2951265370607651
0.001,0.0,24500,0.001,0.3037072241776622
0.001,0.0,24600,0.001,0.2812622859812284
0.001,0.0,24700,0.001,0.9026882252308979
0.001,0.0,24800,0.001,0.319789024692279
0.001,0.0,24900,0.001,0.8816820799747394
0.001,0.0,25000,0.001,0.2816070916266863
0.001,0.0,25100,0.001,0.27359603278465416
0.001,0.0,25200,0.001,0.29075282830711857
0.001,0.0,25300,0.001,1.069452907548463
0.001,0.0,25400,0.001,0.2842536239394017
0.001,0.0,25500,0.001,0.2909010378390292
0.001,0.0,25600,0.001,0.2798112924689389
0.001,0.0,25700,0.001,0.290373526946694
0.001,0.0,25800,0.001,0.2823736967769096
0.001,0.0,25900,0.001,0.28523156435757313
0.001,0.0,26000,0.001,0.27564720122664454
0.001,0.0,26100,0.001,0.3405917528996218
0.001,0.0,26200,0.001,0.27852685321274384
0.001,0.0,26300,0.001,0.2896044537763033
0.001,0.0,26400,0.001,0.28188251506091444
0.001,0.0,26500,0.001,0.29371692986422493
0.001,0.0,26600,0.001,0.298120912869966
0.001,0.0,26700,0.001,0.28820697114827276
0.001,0.0,26800,0.001,0.2749635173093172
0.001,0.0,26900,0.001,0.290128232055069
0.001,0.0,27000,0.001,0.29217010739620486
0.001,0.0,27100,0.001,1.3331024159620308
0.001,0.0,27200,0.001,0.29108324394525875
0.001,0.0,27300,0.001,0.3460751275349207
0.001,0.0,27400,0.001,0.3835073445089433
0.001,0.0,27500,0.001,0.2746228562244487
0.001,0.0,27600,0.001,0.35625737571946114
0.001,0.0,27700,0.001,0.2796938735494189
0.001,0.0,27800,0.001,0.28614299125088866
0.001,0.0,27900,0.001,0.29246246570173706
0.001,0.0,28000,0.001,0.29129614552192895
0.001,0.0,28100,0.001,0.28488247451525284
0.001,0.0,28200,0.001,0.7719565210454692
0.001,0.0,28300,0.001,0.28571886022229254
0.001,0.0,28400,0.001,0.31718502831873263
0.001,0.0,28500,0.001,0.28047819268335217
0.001,0.0,28600,0.001,0.29710185542011247
0.001,0.0,28700,0.001,0.28129090500633225
0.001,0.0,28800,0.001,0.29258024159933516
0.001,0.0,28900,0.001,0.37451646634230645
0.001,0.0,29000,0.001,0.3173528977999416
0.001,0.0,29100,0.001,0.2817958068429696
0.001,0.0,29200,0.001,0.28068258366801796
0.001,0.0,29300,0.001,0.3058505156207343
0.001,0.0,29400,0.001,0.28262816135601687
0.001,0.0,29500,0.001,0.43280319180868765
0.001,0.0,29600,0.001,1.0893551436884752
0.001,0.0,29700,0.001,0.28249522388612025
0.001,0.0,29800,0.001,0.29876790571256373
0.001,0.0,29900,0.001,0.2869033480120462
0.001,0.0,30000,0.001,0.30133236675702024
0.001,0.0,30100,0.001,0.39196408081361644
0.001,0.0,30200,0.001,0.3134802797683637
0.001,0.0,30300,0.001,0.28323398847082104
0.001,0.0,30400,0.001,0.2948510652005482
0.001,0.0,30500,0.001,0.27999201352302616
0.001,0.0,30600,0.001,0.3328235160670657
0.001,0.0,30700,0.001,0.30821874517895154
0.001,0.0,30800,0.001,0.291851472133403
0.001,0.0,30900,0.001,0.27467246306486903
0.001,0.0,31000,0.001,0.2895659903489588
0.001,0.0,31100,0.001,0.2772464095948861
0.001,0.0,31200,0.001,0.3321353393828679
0.001,0.0,31300,0.001,0.5539530626515929
0.001,0.0,31400,0.001,0.30291957227809924
0.001,0.0,31500,0.001,0.28402697693735546
0.001,0.0,31600,0.001,0.27486433943969096
0.001,0.0,31700,0.001,0.290396190359329
0.001,0.0,31800,0.001,0.3066633100635585
0.001,0.0,31900,0.001,0.2901403820154474
0.001,0.0,32000,0.001,0.27387046582425173
0.001,0.0,32100,0.001,0.28198112626597494
0.001,0.0,32200,0.001,0.5554491124727966
0.001,0.0,32300,0.001,0.6199855748085188
0.001,0.0,32400,0.001,0.2929119518064885
0.001,0.0,32500,0.001,0.2879782774234928
0.001,0.0,32600,0.001,0.2691372423574681
0.001,0.0,32700,0.001,0.29028642932503934
0.001,0.0,32800,0.001,0.27476125466042567
0.001,0.0,32900,0.001,0.2830370704468721
0.001,0.0,33000,0.001,0.2687587419885428
0.001,0.0,33100,0.001,0.28362594002818564
0.001,0.0,33200,0.001,0.2951107631846054
0.001,0.0,33300,0.001,0.30494231076226586
0.001,0.0,33400,0.001,0.2921146939404792
0.001,0.0,33500,0.001,0.293678294821974
0.001,0.0,33600,0.001,0.29625019029442684
0.001,0.0,33700,0.001,0.29500019563820234
0.001,0.0,33800,0.001,0.3008314423541631
0.001,0.0,33900,0.001,0.2962899796916494
0.001,0.0,34000,0.001,0.282501863252392
0.001,0.0,34100,0.001,0.2943438294385221
0.001,0.0,34200,0.001,0.28346730056019964
0.001,0.0,34300,0.001,0.32567690265100846
0.001,0.0,34400,0.001,0.28046224275407156
0.001,0.0,34500,0.001,0.3731973376983557
0.001,0.0,34600,0.001,1.1916075831755735
0.001,0.0,34700,0.001,0.2778415790280146
0.001,0.0,34800,0.001,0.28222619308845254
0.001,0.0,34900,0.001,0.2793572296054686
0.001,0.0,35000,0.001,0.2883235884113168
0.001,0.0,35100,0.001,0.2749367414955789
0.001,0.0,35200,0.001,0.2970215239117645
0.001,0.0,35300,0.001,0.2861674211054192
0.001,0.0,35400,0.001,0.28755415010970076
0.001,0.0,35500,0.001,0.36109108000507045
0.001,0.0,35600,0.001,0.5736753132732434
0.001,0.0,35700,0.001,0.27729261819616025
0.001,0.0,35800,0.001,1.394878990756646
0.001,0.0,35900,0.001,0.39224904502083024
0.001,0.0,36000,0.001,0.2896494463052191
0.001,0.0,36100,0.001,0.28110050094236316
0.001,0.0,36200,0.001,0.2903618269452286
0.001,0.0,36300,0.001,0.27519348582669473
0.001,0.0,36400,0.001,0.30471263800254583
0.001,0.0,36500,0.001,0.5771657317628258
0.001,0.0,36600,0.001,0.27583545211790683
0.001,0.0,36700,0.001,0.3087323698210113
0.001,0.0,36800,0.001,0.2791924990463027
0.001,0.0,36900,0.001,0.2921970975846943
0.001,0.0,37000,0.001,0.27601365699877134
0.001,0.0,37100,0.001,0.28695593399753716
0.001,0.0,37200,0.001,0.414224592585258
0.001,0.0,37300,0.001,0.2887095888864846
0.001,0.0,37400,0.001,1.2034343542057653
0.001,0.0,37500,0.001,0.28655723056477905
0.001,0.0,37600,0.001,0.29538150977121846
0.001,0.0,37700,0.001,0.27985646905467654
0.001,0.0,37800,0.001,0.28501765557172626
0.001,0.0,37900,0.001,0.8392482630367382
0.001,0.0,38000,0.001,0.2889564652852972
0.001,0.0,38100,0.001,1.485613618525325
0.001,0.0,38200,0.001,0.2646778756949942
0.001,0.0,38300,0.001,0.28257654780615143
0.001,0.0,38400,0.001,0.2958742856027151
0.001,0.0,38500,0.001,0.31623299629441765
0.001,0.0,38600,0.001,0.285602504607168
0.001,0.0,38700,0.001,0.28158711334235215
0.001,0.0,38800,0.001,0.2926113374506996
0.001,0.0,38900,0.001,0.2981649986895119
0.001,0.0,39000,0.001,0.8179500824593108
0.001,0.0,39100,0.001,0.281542891087907
0.001,0.0,39200,0.001,0.29461380102894263
0.001,0.0,39300,0.001,0.28153651208312025
0.001,0.0,39400,0.001,1.0510355185110463
0.001,0.0,39500,0.001,0.30943715375572617
0.001,0.0,39600,0.001,0.3878411630587649
0.001,0.0,39700,0.001,0.2862465736968787
0.001,0.0,39800,0.001,0.45968409834557544
0.001,0.0,39900,0.001,0.32539576157069183
0.001,0.0,40000,0.001,0.31011527788252063
0.001,0.0,40100,0.001,0.28388922223300184
0.001,0.0,40200,0.001,0.43250546783265487
0.001,0.0,40300,0.001,0.3016129685861797
0.001,0.0,40400,0.001,0.27233723709934576
0.001,0.0,40500,0.001,0.28465545862058705
0.001,0.0,40600,0.001,0.2941633067579611
0.001,0.0,40700,0.001,0.2942133905646577
0.001,0.0,40800,0.001,0.27481994525079834
0.001,0.0,40900,0.001,0.28982354378944925
0.001,0.0,41000,0.001,0.27254589043254634
0.001,0.0,41100,0.001,0.2905718803598759
0.001,0.0,41200,0.001,0.2741316816033
0.001,0.0,41300,0.001,0.28927493282178984
0.001,0.0,41400,0.001,0.8089601962964169
0.001,0.0,41500,0.001,0.6376173666099664
0.001,0.0,41600,0.001,0.4807879247890764
0.001,0.0,41700,0.001,0.28022330186042915
0.001,0.0,41800,0.001,0.2923789876490493
0.001,0.0,41900,0.001,0.2764036737448533
0.001,0.0,42000,0.001,0.2898239782271361
0.001,0.0,42100,0.001,0.27841834422341794
0.001,0.0,42200,0.001,0.28576272887908266
0.001,0.0,42300,0.001,0.29888618507944054
0.001,0.0,42400,0.001,0.3106811063077507
0.001,0.0,42500,0.001,0.27444100303664526
0.001,0.0,42600,0.001,0.28468647507887423
0.001,0.0,42700,0.001,0.3037719535952441
0.001,0.0,42800,0.001,0.2879564262053427
0.001,0.0,42900,0.001,0.2750049343237157
0.001,0.0,43000,0.001,0.28948211211908553
0.001,0.0,43100,0.001,0.4316874972188536
0.001,0.0,43200,0.001,0.28314482231709026
0.001,0.0,43300,0.001,0.27022652068120545
0.001,0.0,43400,0.001,0.2868063140733783
0.001,0.0,43500,0.001,0.26936110235388155
0.001,0.0,43600,0.001,0.2817871983758114
0.001,0.0,43700,0.001,0.33195868410025187
0.001,0.0,43800,0.001,0.29667900669732067
0.001,0.0,43900,0.001,0.2823624986872103
0.001,0.0,44000,0.001,0.2704667572891567
0.001,0.0,44100,0.001,0.31067862885266
0.001,0.0,44200,0.001,0.27337939318377336
0.001,0.0,44300,0.001,0.2892644824821425
0.001,0.0,44400,0.001,0.28525070005554837
0.001,0.0,44500,0.001,0.2885605210690555
0.001,0.0,44600,0.001,0.27769253766235297
0.001,0.0,44700,0.001,0.2945258208712439
0.001,0.0,44800,0.001,0.27634662867202964
0.001,0.0,44900,0.001,0.30172665507661084
0.001,0.0,45000,0.001,0.3825171412702146
0.001,0.0,45100,0.001,0.2915542479083423
0.001,0.0,45200,0.001,0.29521626509691296
0.001,0.0,45300,0.001,0.2813727973070487
0.001,0.0,45400,0.001,0.2942247234072062
0.001,0.0,45500,0.001,0.28054744448627655
0.001,0.0,45600,0.001,0.34722953726142275
0.001,0.0,45700,0.001,0.2777156975349828
0.001,0.0,45800,0.001,0.298715902591115
0.001,0.0,45900,0.001,0.30362137588060495
0.001,0.0,46000,0.001,0.28324860781434813
0.001,0.0,46100,0.001,0.2895640351228165
0.001,0.0,46200,0.001,0.2843552293372528
0.001,0.0,46300,0.001,0.2976663048921363
0.001,0.0,46400,0.001,0.2801274086560246
0.001,0.0,46500,0.001,0.29052056262849996
0.001,0.0,46600,0.001,0.29541481051960533
0.001,0.0,46700,0.001,0.28901918940331944
0.001,0.0,46800,0.001,0.8867167686570445
0.001,0.0,46900,0.001,0.299274692502427
0.001,0.0,47000,0.001,1.3973590755710994
0.001,0.0,47100,0.001,0.2802000370304578
0.001,0.0,47200,0.001,0.2926982233256497
0.001,0.0,47300,0.001,0.29873261201396045
0.001,0.0,47400,0.001,0.28927053089906407
0.001,0.0,47500,0.001,0.541562682478945
0.001,0.0,47600,0.001,0.31121902771137017
0.001,0.0,47700,0.001,0.27475971661030246
0.001,0.0,47800,0.001,0.28593057650540266
0.001,0.0,47900,0.001,0.3237541154515853
0.001,0.0,48000,0.001,0.2880503439541652
0.001,0.0,48100,0.001,0.27876594042716996
0.001,0.0,48200,0.001,0.3084755471527443
0.001,0.0,48300,0.001,0.301099116397681
0.001,0.0,48400,0.001,0.2773450321591555
0.001,0.0,48500,0.001,0.2914841192449271
0.001,0.0,48600,0.001,0.277095140377674
0.001,0.0,48700,0.001,0.3301768176768381
0.001,0.0,48800,0.001,0.33772663151723564
0.001,0.0,48900,0.001,0.28327402963097187
0.001,0.0,49000,0.001,0.271817893250386
0.001,0.0,49100,0.001,0.2847393102429308
0.001,0.0,49200,0.001,0.2740774278163833
0.001,0.0,49300,0.001,0.28755072134562354
0.001,0.0,49400,0.001,0.5247719695666392
0.001,0.0,49500,0.001,0.283700408993534
0.001,0.0,49600,0.001,0.30409502117960213
0.001,0.0,49700,0.001,0.28000533888191503
0.001,0.0,49800,0.001,0.2874942466970294
0.001,0.0,49900,0.001,0.3138407598762151
0.001,0.0,49999,0.001,0.34552950254641024
0.001,0.0001,0,0.001,8.700000000000001
0.001,0.0001,100,0.0009900990099009901,1.52237430859108
0.001,0.0001,200,0.000980392156862745,0.3393429528415953
0.001,0.0001,300,0.000970873786407767,0.3154210737022624
0.001,0.0001,400,0.0009615384615384615,0.2893811894625208
0.001,0.0001,500,0.0009523809523809524,0.2845845713984645
0.001,0.0001,600,0.0009433962264150943,0.26883024753362506
0.001,0.0001,700,0.0009345794392523364,0.28985095476438416
0.001,0.0001,800,0.0009259259259259259,0.47745009337048305
0.001,0.0001,900,0.0009174311926605504,0.33262573135290435
0.001,0.0001,1000,0.0009090909090909091,0.2886667349593689
0.001,0.0001,1100,0.0009009009009009008,0.32705294513953553
0.001,0.0001,1200,0.0008928571428571428,0.2686802851614276
0.001,0.0001,1300,0.0008849557522123895,0.3472777918969332
0.001,0.0001,1400,0.0008771929824561403,0.26956232386859924
0.001,0.0001,1500,0.0008695652173913044,0.3400122743750267
0.001,0.0001,1600,0.0008620689655172415,0.2766152225515098
0.001,0.0001,1700,0.0008547008547008548,0.3246149860794945
0.001,0.0001,1800,0.0008474576271186442,0.27462342950918667
0.001,0.0001,1900,0.0008403361344537816,0.26778235533293493
0.001,0.0001,2000,0.0008333333333333334,0.3296827281258585
0.001,0.0001,2100,0.0008264462809917356,0.2670914970982673
0.001,0.0001,2200,0.000819672131147541,0.26538933020595895
0.001,0.0001,2300,0.0008130081300813008,0.6891246442435484
0.001,0.0001,2400,0.0008064516129032258,0.26689251441081396
0.001,0.0001,2500,0.0008,0.2755863479245528
0.001,0.0001,2600,0.0007936507936507937,0.2663589867695648
0.001,0.0001,2700,0.0007874015748031496,0.2600190752264025
0.001,0.0001,2800,0.00078125,0.2669100805553888
0.001,0.0001,2900,0.0007751937984496124,0.49883767884066726
0.001,0.0001,3000,0.0007692307692307692,0.26364529137144577
0.001,0.0001,3100,0.0007633587786259542,0.25418780954449804
0.001,0.0001,3200,0.0007575757575757576,0.26196785236104814
0.001,0.0001,3300,0.0007518796992481202,0.26581946047563465
0.001,0.0001,3400,0.0007462686567164179,0.3222056328167776
0.001,0.0001,3500,0.0007407407407407407,0.25710893251593486
0.001,0.0001,3600,0.0007352941176470588,0.26049346247520133
0.001,0.0001,3700,0.00072992700729927,0.2682923458202991
0.001,0.0001,3800,0.0007246376811594204,0.25479060779749385
0.001,0.0001,3900,0.0007194244604316546,0.3471905012595733
0.001,0.0001,4000,0.0007142857142857144,0.2562238831216692
0.001,0.0001,4100,0.0007092198581560283,0.2640793285040498
0.001,0.0001,4200,0.0007042253521126761,0.2646062219321256
0.001,0.0001,4300,0.0006993006993006993,0.25873116149978376
0.001,0.0001,4400,0.0006944444444444445,0.5492283272270075
0.001,0.0001,4500,0.0006896551724137932,0.25483991771998826
0.001,0.0001,4600,0.0006849315068493151,0.2590149498495423
0.001,0.0001,4700,0.0006802721088435375,0.26113812009942744
0.001,0.0001,4800,0.0006756756756756757,0.29150143851669735
0.001,0.0001,4900,0.0006711409395973154,0.26996131650787425
0.001,0.0001,5000,0.0006666666666666666,0.2573374426305773
0.001,0.0001,5100,0.0006622516556291391,0.2561585217986854
0.001,0.0001,5200,0.0006578947368421052,0.25943599533967876
0.001,0.0001,5300,0.00065359477124183,0.2676684992459349
0.001,0.0001,5400,0.0006493506493506494,0.25769255861212026
0.001,0.0001,5500,0.0006451612903225806,0.5257597472965201
0.001,0.0001,5600,0.000641025641025641,0.259034226396962
0.001,0.0001,5700,0.0006369426751592356,0.2513133639434239
0.001,0.0001,5800,0.0006329113924050633,0.2600519443193639
0.001,0.0001,5900,0.0006289308176100629,0.2800445444414142
0.001,0.0001,6000,0.000625,0.2509431087023145
0.001,0.0001,6100,0.0006211180124223603,0.25406392610157097
0.001,0.0001,6200,0.0006172839506172839,0.24883172398300046
0.001,0.0001,6300,0.0006134969325153375,0.25973698110411714
0.001,0.0001,6400,0.0006097560975609756,0.259179578728454
0.001,0.0001,6500,0.0006060606060606061,0.255917440062747
0.001,0.0001,6600,0.0006024096385542168,0.2569731387550657
0.001,0.0001,6700,0.0005988023952095808,0.2546581212874939
0.001,0.0001,6800,0.0005952380952380952,0.2567225702767388
0.001,0.0001,6900,0.000591715976331361,0.24990206123644265
0.001,0.0001,7000,0.000588235294117647,0.25309619877052714
0.001,0.0001,7100,0.0005847953216374269,0.24964257580561572
0.001,0.0001,7200,0.0005813953488372093,0.25489124575260114
0.001,0.0001,7300,0.0005780346820809249,0.25023003295029767
0.001,0.0001,7400,0.0005747126436781609,0.25729184894130475
0.001,0.0001,7500,0.0005714285714285715,0.35670099789038157
0.001,0.0001,7600,0.0005681818181818182,0.25481766436244874
0.001,0.0001,7700,0.0005649717514124294,0.24721304849414066
0.001,0.0001,7800,0.0005617977528089888,0.25324442836376737
0.001,0.0001,7900,0.0005586592178770949,0.24751441357420412
0.001,0.0001,8000,0.0005555555555555556,0.258963373341956
0.001,0.0001,8100,0.0005524861878453039,0.24553021212616227
0.001,0.0001,8200,0.0005494505494505495,0.24903652153097183
0.001,0.0001,8300,0.000546448087431694,0.2670046249314466
0.001,0.0001,8400,0.0005434782608695652,0.25601426427359086
0.001,0.0001,8500,0.0005405405405405405,0.24796185914148244
0.001,0.0001,8600,0.0005376344086021505,0.2532308532418128
0.001,0.0001,8700,0.0005347593582887701,0.24481630054089001
0.001,0.0001,8800,0.0005319148936170213,0.24728136145773927
0.001,0.0001,8900,0.000529100529100529,0.2494555893795357
0.001,0.0001,9000,0.0005263157894736842,0.2897959043700659
0.001,0.0001,9100,0.0005235602094240837,0.24849291178801886
0.001,0.0001,9200,0.0005208333333333333,0.24022928245364422
0.001,0.0001,9300,0.0005181347150259067,0.24749027843020552
0.001,0.0001,9400,0.0005154639175257732,0.24692399756946587
0.001,0.0001,9500,0.0005128205128205128,0.24244767547659535
0.001,0.0001,9600,0.0005102040816326531,0.24280682595827358
0.001,0.0001,9700,0.0005076142131979695,0.26234338651574973
0.001,0.0001,9800,0.000505050505050505,0.25253141052523576
0.001,0.0001,9900,0.0005025125628140703,0.2631647789018023
0.001,0.0001,10000,0.0005,0.24896574158763624
0.001,0.0001,10100,0.0004975124378109454,0.24046942935317256
0.001,0.0001,10200,0.0004950495049504951,0.7395724746148575
0.001,0.0001,10300,0.0004926108374384236,0.2421410947568474
0.001,0.0001,10400,0.0004901960784313725,0.24352943649658482
0.001,0.0001,10500,0.00048780487804878054,0.24378548180678364
0.001,0.0001,10600,0.0004854368932038835,0.24075662723933225
0.001,0.0001,10700,0.00048309178743961346,0.2469040455180296
0.001,0.0001,10800,0.00048076923076923074,0.29029803473250754
0.001,0.0001,10900,0.00047846889952153117,0.6268513710045254
0.001,0.0001,11000,0.0004761904761904762,0.24151366436224642
0.001,0.0001,11100,0.0004739336492890995,0.2454388122575822
0.001,0.0001,11200,0.0004716981132075472,0.24313561549728163
0.001,0.0001,11300,0.0004694835680751174,0.24584469165906725
0.001,0.0001,11400,0.0004672897196261682,0.23702648728542883
0.001,0.0001,11500,0.00046511627906976736,0.2394665540636901
0.001,0.0001,11600,0.0004629629629629629,0.25107644354499276
0.001,0.0001,11700,0.0004608294930875576,0.24368670301310263
0.001,0.0001,11800,0.0004587155963302752,0.23775234094880712
0.001,0.0001,11900,0.0004566210045662101,0.24226256128260582
0.001,0.0001,12000,0.00045454545454545455,0.24491789274399528
0.001,0.0001,12100,0.00045248868778280545,0.39151413801646673
0.001,0.0001,12200,0.0004504504504504505,0.2453286698569457
0.001,0.0001,12300,0.0004484304932735426,0.24173360240685537
0.001,0.0001,12400,0.0004464285714285714,0.40252649165920484
0.001,0.0001,12500,0.00044444444444444447,0.24162775484168908
0.001,0.0001,12600,0.00044247787610619474,0.2453431235571251
0.001,0.0001,12700,0.0004405286343612335,0.29495213699857703
0.001,0.0001,12800,0.00043859649122807013,0.23666481111713847
0.001,0.0001,12900,0.0004366812227074236,0.23708076738766498
0.001,0.0001,13000,0.0004347826086956522,0.5976818132549133
0.001,0.0001,13100,0.0004329004329004329,0.23983584333594682
0.001,0.0001,13200,0.00043103448275862063,0.6066438182592218
0.001,0.0001,13300,0.00042918454935622315,0.23903160614102703
0.001,0.0001,13400,0.0004273504273504274,0.23917922391444865
0.001,0.0001,13500,0.000425531914893617,0.25049354694130815
0.001,0.0001,13600,0.00042372881355932197,0.24444452580215215
0.001,0.0001,13700,0.0004219409282700422,0.24229480581259633
0.001,0.0001,13800,0.0004201680672268908,0.23735105565585868
0.001,0.0001,13900,0.00041841004184100416,0.24461107257643963
0.001,0.0001,14000,0.00041666666666666664,0.2380798200381153
0.001,0.0001,14100,0.0004149377593360996,0.23699254444671256
0.001,0.0001,14200,0.0004132231404958678,0.25805008520900635
0.001,0.0001,14300,0.00041152263374485596,0.25324602512499717
0.001,0.0001,14400,0.00040983606557377044,0.23840841448885647
0.001,0.0001,14500,0.0004081632653061224,0.6409987148513137
0.001,0.0001,14600,0.0004065040650406504,0.23799314821081388
0.001,0.0001,14700,0.00040485829959514174,0.24138988477530537
0.001,0.0001,14800,0.0004032258064516129,0.2519508136281004
0.001,0.0001,14900,0.0004016064257028112,0.23553062537522704
0.001,0.0001,15000,0.0004,0.24082520270000468
0.001,0.0001,15100,0.0003984063745019921,0.24318668852612696
0.001,0.0001,15200,0.0003968253968253968,0.23640960532622837
0.001,0.0001,15300,0.0003952569169960474,0.23848871053116527
0.001,0.0001,15400,0.0003937007874015748,0.2351101431270345
0.001,0.0001,15500,0.0003921568627450981,0.23477978311056416
0.001,0.0001,15600,0.000390625,0.2338504463925795
0.001,0.0001,15700,0.00038910505836575873,0.2351979764597924
0.001,0.0001,15800,0.0003875968992248062,0.2371739380626909
0.001,0.0001,15900,0.00038610038610038615,0.23703701499304575
0.001,0.0001,16000,0.0003846153846153846,0.24023952684616004
0.001,0.0001,16100,0.00038314176245210724,0.23685762736252236
0.001,0.0001,16200,0.0003816793893129771,0.23642219175688206
0.001,0.0001,16300,0.0003802281368821293,0.24072762172735232
0.001,0.0001,16400,0.0003787878787878788,0.31754620326380395
0.001,0.0001,16500,0.0003773584905660377,0.243416944479021
0.001,0.0001,16600,0.0003759398496240601,0.2679761607434624
0.001,0.0001,16700,0.0003745318352059925,0.24072699527495603
0.001,0.0001,16800,0.00037313432835820896,0.405093253401583
0.001,0.0001,16900,0.0003717472118959107,0.28856720073442277
0.001,0.0001,17000,0.00037037037037037035,0.2329385831879288
0.001,0.0001,17100,0.00036900369003690036,0.2374001540676599
0.001,0.0001,17200,0.00036764705882352946,0.2319225012941414
0.001,0.0001,17300,0.0003663003663003663,0.230689466694877
0.001,0.0001,17400,0.000364963503649635,0.45524718116616136
0.001,0.0001,17500,0.00036363636363636367,0.2343394642776631
0.001,0.0001,17600,0.0003623188405797102,0.24598831034533053
0.001,0.0001,17700,0.00036101083032490973,0.23105038776474085
0.001,0.0001,17800,0.0003597122302158273,0.2340057619036232
0.001,0.0001,17900,0.00035842293906810036,0.2623141107840014
0.001,0.0001,18000,0.0003571428571428572,0.23373851919870137
0.001,0.0001,18100,0.00035587188612099647,0.23327960713434115
0.001,0.0001,18200,0.00035460992907801415,0.2574736547433394
0.001,0.0001,18300,0.00035335689045936394,0.23309907150968523
0.001,0.0001,18400,0.00035211267605633805,0.23734408097201842
0.001,0.0001,18500,0.0003508771929824561,0.23866145589125426
0.001,0.0001,18600,0.0003496503496503496,0.232767085441494
0.001,0.0001,18700,0.0003484320557491289,0.23104068098241276
0.001,0.0001,18800,0.00034722222222222224,0.24480828947762978
0.001,0.0001,18900,0.00034602076124567473,0.22969383226705564
0.001,0.0001,19000,0.0003448275862068965,0.2379242571835909
0.001,0.0001,19100,0.00034364261168384877,0.23825971960650602
0.001,0.0001,19200,0.00034246575342465754,0.3006933497124068
0.001,0.0001,19300,0.00034129692832764505,0.2404715520505127
0.001,0.0001,19400,0.0003401360544217687,0.2357934523380337
0.001,0.0001,19500,0.0003389830508474576,0.23743637455115105
0.001,0.0001,19600,0.00033783783783783786,0.5389721311859119
0.001,0.0001,19700,0.00033670033670033666,0.23341009878498054
0.001,0.0001,19800,0.0003355704697986577,0.23692649038609043
0.001,0.0001,19900,0.00033444816053511704,0.23427071490884854
0.001,0.0001,20000,0.0003333333333333333,0.352887587920214
0.001,0.0001,20100,0.0003322259136212624,0.23198743465500632
0.001,0.0001,20200,0.00033112582781456954,0.233909193899444
0.001,0.0001,20300,0.00033003300330033004,0.23280831055046852
0.001,0.0001,20400,0.0003289473684210526,0.23463310041000776
0.001,0.0001,20500,0.0003278688524590164,0.2318985300631516
0.001,0.0001,20600,0.000326797385620915,0.22950433176595342
0.001,0.0001,20700,0.00032573289902280126,0.32421700239387247
0.001,0.0001,20800,0.0003246753246753247,0.290865221547948
0.001,0.0001,20900,0.0003236245954692556,0.5287303277042641
0.001,0.0001,21000,0.0003225806451612903,0.23132455666699772
0.001,0.0001,21100,0.00032154340836012857,0.2275411431798257
0.001,0.0001,21200,0.0003205128205128205,0.508167100200077
0.001,0.0001,21300,0.0003194888178913738,0.2330565085463955
0.001,0.0001,21400,0.0003184713375796178,0.23278340771293327
0.001,0.0001,21500,0.00031746031746031746,0.2576851557363923
0.001,0.0001,21600,0.00031645569620253165,0.26727150610744776
0.001,0.0001,21700,0.0003154574132492114,0.22895708936124207
0.001,0.0001,21800,0.00031446540880503143,0.22837688139922188
0.001,0.0001,21900,0.00031347962382445143,0.2317841765182647
0.001,0.0001,22000,0.0003125,0.24234630941082103
0.001,0.0001,22100,0.00031152647975077883,0.3652077424377165
0.001,0.0001,22200,0.00031055900621118014,0.27462029981951525
0.001,0.0001,22300,0.00030959752321981426,0.2293955380344321
0.001,0.0001,22400,0.00030864197530864197,0.23479484447496776
0.001,0.0001,22500,0.0003076923076923077,0.23220815082463128
0.001,0.0001,22600,0.0003067484662576687,0.23113550898378402
0.001,0.0001,22700,0.0003058103975535168,0.22963379317460714
0.001,0.0001,22800,0.0003048780487804878,0.2309923228610006
0.001,0.0001,22900,0.00030395136778115504,0.23928196091243675
0.001,0.0001,23000,0.00030303030303030303,0.2277793382428681
0.001,0.0001,23100,0.00030211480362537764,0.22900462856342307
0.001,0.0001,23200,0.0003012048192771084,0.22995450753010985
0.001,0.0001,23300,0.0003003003003003003,0.5472625110266431
0.001,0.0001,23400,0.0002994011976047904,0.2316212816205722
0.001,0.0001,23500,0.00029850746268656717,0.22733101662905253
0.001,0.0001,23600,0.0002976190476190476,0.22855248804309805
0.001,0.0001,23700,0.0002967359050445104,0.23087198483406193
0.001,0.0001,23800,0.0002958579881656805,0.2271863522768807
0.001,0.0001,23900,0.0002949852507374631,0.22761540411416786
0.001,0.0001,24000,0.00029411764705882356,0.229391686117924
0.001,0.0001,24100,0.0002932551319648094,0.2264672353682894
0.001,0.0001,24200,0.00029239766081871346,0.2308116491308631
0.001,0.0001,24300,0.0002915451895043732,0.22842852876881053
0.001,0.0001,24400,0.00029069767441860465,0.23110542977380844
0.001,0.0001,24500,0.0002898550724637681,0.23379530312086072
0.001,0.0001,24600,0.00028901734104046245,0.23707329061629998
0.001,0.0001,24700,0.00028818443804034583,0.23803964070233238
0.001,0.0001,24800,0.00028735632183908046,0.2284798488457667
0.001,0.0001,24900,0.00028653295128939826,0.23234553793993915
0.001,0.0001,25000,0.00028571428571428574,0.23094581571280387
0.001,0.0001,25100,0.0002849002849002849,0.23100679868989257
0.001,0.0001,25200,0.0002840909090909091,0.26747026531775453
0.001,0.0001,25300,0.00028328611898016995,0.22997023705711628
0.001,0.0001,25400,0.0002824858757062147,0.22919940537323
0.001,0.0001,25500,0.0002816901408450704,0.22686465641659326
0.001,0.0001,25600,0.0002808988764044944,0.22922246291462828
0.001,0.0001,25700,0.00028011204481792715,0.2336362325202232
0.001,0.0001,25800,0.00027932960893854746,0.2263594784248617
0.001,0.0001,25900,0.00027855153203342614,0.22675727288031994
0.001,0.0001,26000,0.0002777777777777778,0.22738145892301034
0.001,0.0001,26100,0.00027700831024930745,0.23506400745374958
0.001,0.0001,26200,0.00027624309392265195,0.3728229851134136
0.001,0.0001,26300,0.0002754820936639118,0.22966530742615843
0.001,0.0001,26400,0.0002747252747252747,0.22883863795387138
0.001,0.0001,26500,0.00027397260273972606,0.22864297864637362
0.001,0.0001,26600,0.000273224043715847,0.2255225370043887
0.001,0.0001,26700,0.00027247956403269756,0.22802038605501365
0.001,0.0001,26800,0.0002717391304347826,0.2288494315733472
0.001,0.0001,26900,0.00027100271002710027,0.2279808905666661
0.001,0.0001,27000,0.0002702702702702703,0.22727246562171186
0.001,0.0001,27100,0.00026954177897574127,0.22756777086428426
0.001,0.0001,27200,0.00026881720430107527,0.22554902192437537
0.001,0.0001,27300,0.00026809651474530834,0.2524233573152386
0.001,0.0001,27400,0.00026737967914438503,0.22830792953540968
0.001,0.0001,27500,0.0002666666666666667,0.22552988813115077
0.001,0.0001,27600,0.00026595744680851064,0.22727046636118722
0.001,0.0001,27700,0.00026525198938992045,0.22729911000408223
0.001,0.0001,27800,0.0002645502645502645,0.2247779624500525
0.001,0.0001,27900,0.0002638522427440633,0.27141255232964046
0.001,0.0001,28000,0.0002631578947368421,0.22548314022780688
0.001,0.0001,28100,0.00026246719160104987,0.22622787277172493
0.001,0.0001,28200,0.00026178010471204186,0.22674944620760185
0.001,0.0001,28300,0.0002610966057441253,0.23116763396298962
0.001,0.0001,28400,0.00026041666666666666,0.2333338377069021
0.001,0.0001,28500,0.00025974025974025974,0.22692372067931837
0.001,0.0001,28600,0.00025906735751295336,0.22826136378669548
0.001,0.0001,28700,0.00025839793281653745,0.22660859934521568
0.001,0.0001,28800,0.0002577319587628866,0.23679613314567766
0.001,0.0001,28900,0.0002570694087403599,0.22646983356546152
0.001,0.0001,29000,0.0002564102564102564,0.2250424339767877
0.001,0.0001,29100,0.0002557544757033248,0.22473836738830083
0.001,0.0001,29200,0.00025510204081632655,0.22552167558759884
0.001,0.0001,29300,0.0002544529262086514,0.22810105571279024
0.001,0.0001,29400,0.0002538071065989848,0.2243017307010483
0.001,0.0001,29500,0.00025316455696202533,0.22422387288900741
0.001,0.0001,29600,0.0002525252525252525,0.22438724699743678
0.001,0.0001,29700,0.00025188916876574307,0.24000982505652252
0.001,0.0001,29800,0.0002512562814070352,0.23629157654434824
0.001,0.0001,29900,0.0002506265664160401,0.22909875543672975
0.001,0.0001,30000,0.00025,0.23330226878608537
0.001,0.0001,30100,0.0002493765586034913,0.23440221804202452
0.001,0.0001,30200,0.0002487562189054727,0.22333323760102358
0.001,0.0001,30300,0.00024813895781637717,0.22520490076324368
0.001,0.0001,30400,0.00024752475247524753,0.2255292540726644
0.001,0.0001,30500,0.00024691358024691353,0.22556566287284915
0.001,0.0001,30600,0.0002463054187192118,0.22381692146404986
0.001,0.0001,30700,0.0002457002457002457,0.22465047339936933
0.001,0.0001,30800,0.00024509803921568627,0.22953668853557946
0.001,0.0001,30900,0.0002444987775061125,0.2257906582063382
0.001,0.0001,31000,0.00024390243902439027,0.27042873105366516
0.001,0.0001,31100,0.00024330900243309,0.22491779378691296
0.001,0.0001,31200,0.00024271844660194174,0.22503087126106958
0.001,0.0001,31300,0.00024213075060532682,0.23004794012820323
0.001,0.0001,31400,0.00024154589371980673,0.22840821843095077
0.001,0.0001,31500,0.00024096385542168674,0.22669361459541862
0.001,0.0001,31600,0.00024038461538461537,0.225437126428566
0.001,0.0001,31700,0.00023980815347721823,0.25774905031479345
0.001,0.0001,31800,0.00023923444976076558,0.2229406781440281
0.001,0.0001,31900,0.00023866348448687354,0.22693575770560562
0.001,0.0001,32000,0.0002380952380952381,0.2236514589578854
0.001,0.0001,32100,0.00023752969121140142,0.22677445225664947
0.001,0.0001,32200,0.00023696682464454974,0.2262261075297087
0.001,0.0001,32300,0.00023640661938534278,0.22339792994245317
0.001,0.0001,32400,0.0002358490566037736,0.23025710737188265
0.001,0.0001,32500,0.00023529411764705883,0.2242236484431559
0.001,0.0001,32600,0.0002347417840375587,0.22666599213185298
0.001,0.0001,32700,0.00023419203747072602,0.22724456073377233
0.001,0.0001,32800,0.0002336448598130841,0.22494921246821675
0.001,0.0001,32900,0.0002331002331002331,0.22458190409560733
0.001,0.0001,33000,0.00023255813953488368,0.2247764816883803
0.001,0.0001,33100,0.00023201856148491877,0.28516912559550534
0.001,0.0001,33200,0.00023148148148148146,0.28369543521145624
0.001,0.0001,33300,0.00023094688221709007,0.22930902607556508
0.001,0.0001,33400,0.0002304147465437788,0.22288820101298784
0.001,0.0001,33500,0.00022988505747126439,0.22424623714739347
0.001,0.0001,33600,0.0002293577981651376,0.22586582796976973
0.001,0.0001,33700,0.0002288329519450801,0.22398301298327314
0.001,0.0001,33800,0.000228310502283105,0.41230266268496685
0.001,0.0001,33900,0.0002277904328018223,0.22354534787880934
0.001,0.0001,34000,0.00022727272727272727,0.22342521023837686
0.001,0.0001,34100,0.00022675736961451246,0.22291023739692045
0.001,0.0001,34200,0.00022624434389140272,0.22190829968539627
0.001,0.0001,34300,0.00022573363431151243,0.22357837601857466
0.001,0.0001,34400,0.00022522522522522526,0.22279788702133477
0.001,0.0001,34500,0.00022471910112359551,0.2243919168464742
0.001,0.0001,34600,0.0002242152466367713,0.22401601048356046
0.001,0.0001,34700,0.00022371364653243846,0.25455353215505944
0.001,0.0001,34800,0.0002232142857142857,0.2968890567489393
0.001,0.0001,34900,0.00022271714922048998,0.22787078386623458
0.001,0.0001,35000,0.00022222222222222223,0.22562003671916675
0.001,0.0001,35100,0.00022172949002217298,0.23927196686155178
0.001,0.0001,35200,0.00022123893805309737,0.22291408114794312
0.001,0.0001,35300,0.0002207505518763797,0.22892806792043185
0.001,0.0001,35400,0.00022026431718061675,0.23349051208385813
0.001,0.0001,35500,0.00021978021978021975,0.22328934377693094
0.001,0.0001,35600,0.00021929824561403506,0.22131510092297868
0.001,0.0001,35700,0.00021881838074398248,0.2241633985038589
0.001,0.0001,35800,0.0002183406113537118,0.23303717007523136
0.001,0.0001,35900,0.0002178649237472767,0.30973851372027333
0.001,0.0001,36000,0.0002173913043478261,0.23151290333306435
0.001,0.0001,36100,0.00021691973969631235,0.22445799566333297
0.001,0.0001,36200,0.00021645021645021645,0.2239460087698043
0.001,0.0001,36300,0.0002159827213822894,0.2230723387615745
0.001,0.0001,36400,0.00021551724137931031,0.22450743102723378
0.001,0.0001,36500,0.00021505376344086021,0.2235447968525155
0.001,0.0001,36600,0.00021459227467811158,0.2254229538001901
0.001,0.0001,36700,0.00021413276231263385,0.2232650147335467
0.001,0.0001,36800,0.0002136752136752137,0.23293068289982194
0.001,0.0001,36900,0.00021321961620469082,0.39480149077601956
0.001,0.0001,37000,0.0002127659574468085,0.22338157298772393
0.001,0.0001,37100,0.00021231422505307856,0.22558591573215625
0.001,0.0001,37200,0.00021186440677966098,0.22255656680339844
0.001,0.0001,37300,0.00021141649048625792,0.23378394886017093
0.001,0.0001,37400,0.0002109704641350211,0.22330917810262652
0.001,0.0001,37500,0.0002105263157894737,0.22552126842256182
0.001,0.0001,37600,0.0002100840336134454,0.222294008776811
0.001,0.0001,37700,0.00020964360587002098,0.22481420668714214
0.001,0.0001,37800,0.00020920502092050208,0.22217500615350588
0.001,0.0001,37900,0.00020876826722338206,0.22194658837968775
0.001,0.0001,38000,0.00020833333333333332,0.22453233582076523
0.001,0.0001,38100,0.00020790020790020788,0.22173585949764704
0.001,0.0001,38200,0.0002074688796680498,0.2221559813658639
0.001,0.0001,38300,0.00020703933747412008,0.22710630603698853
0.001,0.0001,38400,0.0002066115702479339,0.222138193362657
0.001,0.0001,38500,0.0002061855670103093,0.4250924376324284
0.001,0.0001,38600,0.00020576131687242798,0.22346821337552308
0.001,0.0001,38700,0.0002053388090349076,0.24651163326219389
0.001,0.0001,38800,0.00020491803278688522,0.22282791958774983
0.001,0.0001,38900,0.00020449897750511245,0.22236760648226173
0.001,0.0001,39000,0.0002040816326530612,0.2294320734677734
0.001,0.0001,39100,0.00020366598778004074,0.22327749550977216
0.001,0.0001,39200,0.0002032520325203252,0.22292233434907593
0.001,0.0001,39300,0.0002028397565922921,0.2246167568031498
0.001,0.0001,39400,0.00020242914979757084,0.22696641607096524
0.001,0.0001,39500,0.00020202020202020202,0.22230078063897923
0.001,0.0001,39600,0.00020161290322580642,0.22312806960723708
0.001,0.0001,39700,0.00020120724346076456,0.2239686979024444
0.001,0.0001,39800,0.0002008032128514056,0.4474051535694168
0.001,0.0001,39900,0.0002004008016032064,0.22271628246249298
0.001,0.0001,40000,0.0002,0.22483826188940967
0.001,0.0001,40100,0.00019960079840319363,0.22501912054152862
0.001,0.0001,40200,0.000199203187250996,0.222777400644056
0.001,0.0001,40300,0.00019880715705765408,0.2224356743034187
0.001,0.0001,40400,0.0001984126984126984,0.22306840083454127
0.001,0.0001,40500,0.00019801980198019803,0.4240503542240809
0.001,0.0001,40600,0.0001976284584980237,0.24672567453170968
0.001,0.0001,40700,0.0001972386587771203,0.22924780034049705
0.001,0.0001,40800,0.0001968503937007874,0.42872475966147583
0.001,0.0001,40900,0.00019646365422396858,0.23192861454354424
0.001,0.0001,41000,0.000196078431372549,0.22200801194088832
0.001,0.0001,41100,0.00019569471624266143,0.27211434348097735
0.001,0.0001,41200,0.0001953125,0.22534795480404937
0.001,0.0001,41300,0.0001949317738791423,0.22129968862358715
0.001,0.0001,41400,0.00019455252918287936,0.22127762694746228
0.001,0.0001,41500,0.00019417475728155338,0.2213299067940977
0.001,0.0001,41600,0.0001937984496124031,0.22721521614176005
0.001,0.0001,41700,0.00019342359767891682,0.22251706043046643
0.001,0.0001,41800,0.00019305019305019302,0.2216615914284901
0.001,0.0001,41900,0.00019267822736030826,0.22300335309988042
0.001,0.0001,42000,0.0001923076923076923,0.220269038840731
0.001,0.0001,42100,0.00019193857965451057,0.22053598354662937
0.001,0.0001,42200,0.00019157088122605362,0.22178599335625238
0.001,0.0001,42300,0.00019120458891013384,0.22230929556092727
0.001,0.0001,42400,0.00019083969465648855,0.2207657598814973
0.001,0.0001,42500,0.00019047619047619048,0.246944351762029
0.001,0.0001,42600,0.00019011406844106465,0.36489305759111135
0.001,0.0001,42700,0.00018975332068311195,0.2208117214424387
0.001,0.0001,42800,0.0001893939393939394,0.2204475750301106
0.001,0.0001,42900,0.0001890359168241966,0.24376536677282848
0.001,0.0001,43000,0.00018867924528301889,0.2233351492640744
0.001,0.0001,43100,0.00018832391713747646,0.23281178674123612
0.001,0.0001,43200,0.00018796992481203006,0.22266288099053433
0.001,0.0001,43300,0.0001876172607879925,0.22819219222928552
0.001,0.0001,43400,0.00018726591760299626,0.22472165367151115
0.001,0.0001,43500,0.00018691588785046728,0.23260296045296064
0.001,0.0001,43600,0.00018656716417910448,0.22477489501164433
0.001,0.0001,43700,0.00018621973929236498,0.22297845665618934
0.001,0.0001,43800,0.0001858736059479554,0.22339433541225473
0.001,0.0001,43900,0.00018552875695732838,0.2276789593502396
0.001,0.0001,44000,0.00018518518518518518,0.2204464471938695
0.001,0.0001,44100,0.00018484288354898336,0.2205341708452271
0.001,0.0001,44200,0.00018450184501845018,0.22193515829654017
0.001,0.0001,44300,0.00018416206261510129,0.22137904475791742
0.001,0.0001,44400,0.0001838235294117647,0.2220475462629288
0.001,0.0001,44500,0.0001834862385321101,0.22123335433954697
0.001,0.0001,44600,0.00018315018315018315,0.22291568759933236
0.001,0.0001,44700,0.00018281535648994514,0.22269096769990152
0.001,0.0001,44800,0.0001824817518248175,0.22204509019454916
0.001,0.0001,44900,0.00018214936247723133,0.22346721751105184
0.001,0.0001,45000,0.00018181818181818183,0.2212826807398433
0.001,0.0001,45100,0.00018148820326678767,0.220381522224379
0.001,0.0001,45200,0.00018115942028985505,0.22134866613759036
0.001,0.0001,45300,0.00018083182640144665,0.22254474026448273
0.001,0.0001,45400,0.00018050541516245486,0.2789490996791892
0.001,0.0001,45500,0.00018018018018018018,0.2196493572491945
0.001,0.0001,45600,0.00017985611510791365,0.22096709420635452
0.001,0.0001,45700,0.00017953321364452422,0.23641230274337188
0.001,0.0001,45800,0.00017921146953405018,0.21907429384554536
0.001,0.0001,45900,0.00017889087656529517,0.23667113195900583
0.001,0.0001,46000,0.00017857142857142857,0.22050951488175294
0.001,0.0001,46100,0.00017825311942959,0.2211368588465209
0.001,0.0001,46200,0.00017793594306049823,0.22339357456808176
0.001,0.0001,46300,0.00017761989342806396,0.22074410161900132
0.001,0.0001,46400,0.00017730496453900708,0.22197452265904846
0.001,0.0001,46500,0.00017699115044247788,0.22270757676313194
0.001,0.0001,46600,0.00017667844522968197,0.28447627288846705
0.001,0.0001,46700,0.0001763668430335097,0.22046099827462853
0.001,0.0001,46800,0.000176056338028169,0.2197216650790907
0.001,0.0001,46900,0.00017574692442882248,0.22217819324437485
0.001,0.0001,47000,0.00017543859649122806,0.3236678140782977
0.001,0.0001,47100,0.00017513134851138354,0.22210736284148447
0.001,0.0001,47200,0.0001748251748251748,0.22088413736796192
0.001,0.0001,47300,0.0001745200698080279,0.22160650818894007
0.001,0.0001,47400,0.00017421602787456446,0.21993808126750353
0.001,0.0001,47500,0.00017391304347826088,0.22043824004485685
0.001,0.0001,47600,0.00017361111111111112,0.2214649410898621
0.001,0.0001,47700,0.00017331022530329287,0.22113760977259495
0.001,0.0001,47800,0.00017301038062283736,0.22133341517326777
0.001,0.0001,47900,0.00017271157167530224,0.23521485618110646
0.001,0.0001,48000,0.0001724137931034483,0.2193596438961804
0.001,0.0001,48100,0.0001721170395869191,0.22100821828531036
0.001,0.0001,48200,0.00017182130584192438,0.22082796712965752
0.001,0.0001,48300,0.00017152658662092626,0.2204910257008312
0.001,0.0001,48400,0.00017123287671232877,0.22153638317815774
0.001,0.0001,48500,0.00017094017094017094,0.22105298462142392
0.001,0.0001,48600,0.00017064846416382253,0.2243193578278674
0.001,0.0001,48700,0.00017035775127768313,0.22042324469510244
0.001,0.0001,48800,0.00017006802721088437,0.22079385839525742
0.001,0.0001,48900,0.0001697792869269949,0.22176684411108571
0.001,0.0001,49000,0.0001694915254237288,0.22200332390607044
0.001,0.0001,49100,0.00016920473773265651,0.2223729927688892
0.001,0.0001,49200,0.00016891891891891893,0.22157602147318986
0.001,0.0001,49300,0.00016863406408094433,0.2210022452683536
0.001,0.0001,49400,0.00016835016835016833,0.2193660768715219
0.001,0.0001,49500,0.0001680672268907563,0.31602359179621553
0.001,0.0001,49600,0.00016778523489932885,0.2197200184031636
0.001,0.0001,49700,0.0001675041876046901,0.22580955234234112
0.001,0.0001,49800,0.00016722408026755852,0.26718539673090835
0.001,0.0001,49900,0.0001669449081803005,0.2202554064738515
0.001,0.0001,49945,0.00016681958461923428,0.21798106551536603
0.001,0.0001,49999,0.0001666694444907415,0.22906250801472225
0.001,0.001,0,0.001,8.700000000000001
0.001,0.001,100,0.0009090909090909091,0.8762537800567597
0.001,0.001,200,0.0008333333333333334,0.35290130794014285
0.001,0.001,300,0.0007692307692307692,0.28890024260128216
0.001,0.001,400,0.0007142857142857144,0.2780750736936814
0.001,0.001,500,0.0006666666666666666,0.31088691566513427
0.001,0.001,600,0.000625,0.259157682414646
0.001,0.001,700,0.000588235294117647,0.25188788482624047
0.001,0.001,800,0.0005555555555555556,0.2664342672404257
0.001,0.001,900,0.0005263157894736842,0.267860353251005
0.001,0.001,1000,0.0005,0.25050946595428936
0.001,0.001,1100,0.0004761904761904762,0.2447884606360042
0.001,0.001,1200,0.00045454545454545455,0.24359756192499607
0.001,0.001,1300,0.0004347826086956522,0.2403801276237728
0.001,0.001,1400,0.00041666666666666664,0.2502965887195726
0.001,0.001,1500,0.0004,0.23913920200991723
0.001,0.001,1600,0.0003846153846153846,0.23474161208778252
0.001,0.001,1700,0.00037037037037037035,0.23778106657457568
0.001,0.001,1800,0.0003571428571428572,0.23732037453159485
0.001,0.001,1900,0.0003448275862068965,0.23707223014182152
0.001,0.001,2000,0.0003333333333333333,0.23191451755086964
0.001,0.001,2100,0.0003225806451612903,0.23296128829141458
0.001,0.001,2200,0.0003125,0.23090552467028083
0.001,0.001,2300,0.00030303030303030303,0.23065283806655412
0.001,0.001,2400,0.00029411764705882356,0.23277160095527777
0.001,0.001,2500,0.00028571428571428574,0.2305037324076049
0.001,0.001,2600,0.0002777777777777778,0.2294363350895497
0.001,0.001,2700,0.0002702702702702703,0.2316946278577162
0.001,0.001,2800,0.0002631578947368421,0.2378764095666902
0.001,0.001,2900,0.0002564102564102564,0.23590980285535984
0.001,0.001,3000,0.00025,0.24820891031350595
0.001,0.001,3100,0.00024390243902439027,0.30060609166982166
0.001,0.001,3200,0.0002380952380952381,0.342987945779415
0.001,0.001,3300,0.00023255813953488368,0.22905198475337568
0.001,0.001,3400,0.00022727272727272727,0.23447887904750814
0.001,0.001,3500,0.00022222222222222223,0.22465783311047977
0.001,0.001,3600,0.0002173913043478261,0.24628407154055354
0.001,0.001,3700,0.0002127659574468085,0.2238553433431122
0.001,0.001,3800,0.00020833333333333332,0.2413567172234357
0.001,0.001,3900,0.0002040816326530612,0.22500838937278092
0.001,0.001,4000,0.0002,0.2296540863029881
0.001,0.001,4100,0.00019607843137254904,0.24184836246811006
0.001,0.001,4200,0.0001923076923076923,0.2222094638294918
0.001,0.001,4300,0.00018867924528301889,0.22237546993091123
0.001,0.001,4400,0.00018518518518518518,0.22511351614872227
0.001,0.001,4500,0.00018181818181818183,0.2210553301161643
0.001,0.001,4600,0.00017857142857142857,0.24708137134088276
0.001,0.001,4700,0.00017543859649122806,0.21977119712121285
0.001,0.001,4800,0.0001724137931034483,0.22703736876186956
0.001,0.001,4900,0.0001694915254237288,0.22406421367594123
0.001,0.001,5000,0.00016666666666666666,0.22047119589159067
0.001,0.001,5100,0.0001639344262295082,0.28145115968209716
0.001,0.001,5200,0.00016129032258064516,0.22018774013695308
0.001,0.001,5300,0.00015873015873015873,0.22011744071554856
0.001,0.001,5400,0.00015625,0.22124715760040067
0.001,0.001,5500,0.00015384615384615385,0.2197602493117468
0.001,0.001,5600,0.00015151515151515152,0.21911101576258515
0.001,0.001,5700,0.00014925373134328358,0.21875119699490733
0.001,0.001,5800,0.00014705882352941178,0.2194535531967231
0.001,0.001,5900,0.00014492753623188405,0.2199101649472743
0.001,0.001,6000,0.00014285714285714287,0.22036213798934026
0.001,0.001,6100,0.0001408450704225352,0.22291838977094405
0.001,0.001,6200,0.0001388888888888889,0.21899951660334022
0.001,0.001,6300,0.00013698630136986303,0.23202342479111498
0.001,0.001,6400,0.00013513513513513514,0.2176443145576748
0.001,0.001,6500,0.00013333333333333334,0.21936584806888595
0.001,0.001,6600,0.00013157894736842105,0.21741510601606118
0.001,0.001,6700,0.00012987012987012987,0.2173197766977338
0.001,0.001,6800,0.0001282051282051282,0.2181531954848514
0.001,0.001,6900,0.00012658227848101267,0.21954965171892385
0.001,0.001,7000,0.000125,0.21771034399990827
0.001,0.001,7100,0.00012345679012345677,0.3761108819669683
0.001,0.001,7200,0.00012195121951219514,0.21736386825540233
0.001,0.001,7300,0.00012048192771084337,0.22282055909076598
0.001,0.001,7400,0.00011904761904761905,0.21706767668690768
0.001,0.001,7500,0.00011764705882352942,0.2166067632522963
0.001,0.001,7600,0.00011627906976744184,0.21678552713815746
0.001,0.001,7700,0.00011494252873563219,0.2410721447011283
0.001,0.001,7800,0.00011363636363636364,0.24083163919664072
0.001,0.001,7900,0.00011235955056179776,0.21638289794733898
0.001,0.001,8000,0.00011111111111111112,0.21977255941513593
0.001,0.001,8100,0.00010989010989010989,0.2271469204432226
0.001,0.001,8200,0.00010869565217391305,0.21694018517962804
0.001,0.001,8300,0.00010752688172043011,0.21627870502313123
0.001,0.001,8400,0.00010638297872340425,0.21604316770109774
0.001,0.001,8500,0.00010526315789473685,0.21768451918914464
0.001,0.001,8600,0.00010416666666666667,0.2161302923628473
0.001,0.001,8700,0.00010309278350515463,0.2228020578110408
0.001,0.001,8800,0.0001020408163265306,0.21540448144341132
0.001,0.001,8900,0.00010101010101010101,0.21725735714139582
0.001,0.001,9000,0.0001,0.21588976794082596
0.001,0.001,9100,9.900990099009902e-05,0.2183487692679288
0.001,0.001,9200,9.80392156862745e-05,0.21722583557074987
0.001,0.001,9300,9.708737864077669e-05,0.21582224919179985
0.001,0.001,9400,9.615384615384615e-05,0.21538872318371444
0.001,0.001,9500,9.523809523809524e-05,0.216059659456397
0.001,0.001,9600,9.433962264150944e-05,0.21503273736864437
0.001,0.001,9700,9.345794392523364e-05,0.22495904660374003
0.001,0.001,9800,9.259259259259259e-05,0.21488567901200703
0.001,0.001,9900,9.174311926605505e-05,0.21648411464522815
0.001,0.001,10000,9.090909090909092e-05,0.2156086626539112
0.001,0.001,10100,9.009009009009009e-05,0.21513262230154007
0.001,0.001,10200,8.928571428571429e-05,0.2152137799081411
0.001,0.001,10300,8.849557522123894e-05,0.2150262869167986
0.001,0.001,10400,8.771929824561403e-05,0.21514489437784204
0.001,0.001,10500,8.695652173913044e-05,0.21525753492036873
0.001,0.001,10600,8.620689655172414e-05,0.2228626542499969
0.001,0.001,10700,8.547008547008547e-05,0.21686128562307003
0.001,0.001,10800,8.47457627118644e-05,0.22280537784580204
0.001,0.001,10900,8.403361344537815e-05,0.21497926958166885
0.001,0.001,11000,8.333333333333333e-05,0.21505539038385685
0.001,0.001,11100,8.264462809917356e-05,0.2206842032235232
0.001,0.001,11200,8.19672131147541e-05,0.24817772290537432
0.001,0.001,11300,8.130081300813008e-05,0.21518901326951487
0.001,0.001,11400,8.064516129032258e-05,0.21532954898631632
0.001,0.001,11500,8e-05,0.21470214866013598
0.001,0.001,11600,7.936507936507937e-05,0.2150674920223208
0.001,0.001,11700,7.874015748031496e-05,0.21698751891050552
0.001,0.001,11800,7.8125e-05,0.21518301615255195
0.001,0.001,11900,7.751937984496124e-05,0.21472307177302433
0.001,0.001,12000,7.692307692307693e-05,0.22480835721929845
0.001,0.001,12100,7.633587786259542e-05,0.2143771198344032
0.001,0.001,12200,7.575757575757576e-05,0.21423785888540686
0.001,0.001,12300,7.518796992481203e-05,0.21455698601326864
0.001,0.001,12400,7.462686567164179e-05,0.21377110594546941
0.001,0.001,12500,7.407407407407407e-05,0.2142746023335621
0.001,0.001,12600,7.352941176470589e-05,0.21441239051676275
0.001,0.001,12700,7.2992700729927e-05,0.22534760260065387
0.001,0.001,12800,7.246376811594203e-05,0.21381207537133506
0.001,0.001,12900,7.194244604316547e-05,0.2143484713561804
0.001,0.001,13000,7.142857142857143e-05,0.21373720114660366
0.001,0.001,13100,7.092198581560284e-05,0.21677726943902548
0.001,0.001,13200,7.04225352112676e-05,0.21380163469283175
0.001,0.001,13300,6.993006993006993e-05,0.2140327519078845
0.001,0.001,13400,6.944444444444444e-05,0.2140414258492801
0.001,0.001,13500,6.896551724137931e-05,0.2135904359229368
0.001,0.001,13600,6.849315068493152e-05,0.21410253678457444
0.001,0.001,13700,6.802721088435374e-05,0.21367927359561079
0.001,0.001,13800,6.756756756756757e-05,0.2150179317723802
0.001,0.001,13900,6.711409395973154e-05,0.2136537648954457
0.001,0.001,14000,6.666666666666667e-05,0.2143155046402626
0.001,0.001,14100,6.622516556291391e-05,0.21387026065876683
0.001,0.001,14200,6.578947368421052e-05,0.213582632248274
0.001,0.001,14300,6.5359477124183e-05,0.22302855936182045
0.001,0.001,14400,6.493506493506494e-05,0.21392028124123463
0.001,0.001,14500,6.451612903225807e-05,0.21391378120168802
0.001,0.001,14600,6.41025641025641e-05,0.21373460439960898
0.001,0.001,14700,6.369426751592356e-05,0.21436501857965065
0.001,0.001,14800,6.329113924050633e-05,0.21383716332629749
0.001,0.001,14900,6.289308176100629e-05,0.21393695524782752
0.001,0.001,15000,6.25e-05,0.27588163404600985
0.001,0.001,15100,6.211180124223603e-05,0.21399896949443997
0.001,0.001,15200,6.172839506172838e-05,0.2160611296959048
0.001,0.001,15300,6.134969325153375e-05,0.21451153217321842
0.001,0.001,15400,6.097560975609757e-05,0.21487926794102957
0.001,0.001,15500,6.0606060606060605e-05,0.2135049133132307
0.001,0.001,15600,6.0240963855421684e-05,0.21361549898638504
0.001,0.001,15700,5.9880239520958076e-05,0.21346980306282715
0.001,0.001,15800,5.9523809523809524e-05,0.2142870992082303
0.001,0.001,15900,5.91715976331361e-05,0.2132914431078196
0.001,0.001,16000,5.882352941176471e-05,0.2134305873313816
0.001,0.001,16100,5.8479532163742686e-05,0.21305668125496696
0.001,0.001,16200,5.8139534883720933e-05,0.2136526215225255
0.001,0.001,16300,5.7803468208092484e-05,0.21330050672167344
0.001,0.001,16400,5.7471264367816097e-05,0.21270776036781425
0.001,0.001,16500,5.714285714285714e-05,0.21314221660815919
0.001,0.001,16600,5.681818181818182e-05,0.21328571264115198
0.001,0.001,16700,5.6497175141242944e-05,0.21291926133493377
0.001,0.001,16800,5.617977528089888e-05,0.2129676247431445
0.001,0.001,16900,5.5865921787709505e-05,0.21303506465074398
0.001,0.001,17000,5.555555555555556e-05,0.21326952615390346
0.001,0.001,17100,5.524861878453039e-05,0.21286062574056916
0.001,0.001,17200,5.4945054945054945e-05,0.2129112103337941
0.001,0.001,17300,5.46448087431694e-05,0.21266400312121236
0.001,0.001,17400,5.434782608695652e-05,0.21277245916957566
0.001,0.001,17500,5.4054054054054054e-05,0.22025300813043605
0.001,0.001,17600,5.3763440860215054e-05,0.21306829735352462
0.001,0.001,17700,5.347593582887701e-05,0.21587657198438678
0.001,0.001,17800,5.319148936170213e-05,0.21299369273420093
0.001,0.001,17900,5.2910052910052905e-05,0.22582676685367456
0.001,0.001,18000,5.2631578947368424e-05,0.21373051969983886
0.001,0.001,18100,5.2356020942408376e-05,0.21249165054847852
0.001,0.001,18200,5.208333333333334e-05,0.21308838797281332
0.001,0.001,18300,5.1813471502590674e-05,0.2125325304663008
0.001,0.001,18400,5.1546391752577315e-05,0.21291544810976354
0.001,0.001,18500,5.1282051282051286e-05,0.2125160144156549
0.001,0.001,18600,5.10204081632653e-05,0.24716261754886115
0.001,0.001,18700,5.076142131979696e-05,0.21244392548154684
0.001,0.001,18800,5.0505050505050505e-05,0.21284155346323486
0.001,0.001,18900,5.025125628140703e-05,0.21756652273927338
0.001,0.001,19000,5e-05,0.21212865113889168
0.001,0.001,19100,4.9751243781094526e-05,0.261574298373918
0.001,0.001,19200,4.950495049504951e-05,0.2125222666614957
0.001,0.001,19300,4.926108374384236e-05,0.21544177514692955
0.001,0.001,19400,4.901960784313725e-05,0.21307292993269414
0.001,0.001,19500,4.878048780487805e-05,0.21379403653596438
0.001,0.001,19600,4.8543689320388346e-05,0.21285504592321075
0.001,0.001,19700,4.830917874396136e-05,0.21217645107932867
0.001,0.001,19800,4.807692307692308e-05,0.21243643837496695
0.001,0.001,19900,4.7846889952153105e-05,0.21239394527647487
0.001,0.001,20000,4.761904761904762e-05,0.21276986014250138
0.001,0.001,20100,4.739336492890995e-05,0.21183895387816537
0.001,0.001,20200,4.716981132075472e-05,0.21309976099032948
0.001,0.001,20300,4.694835680751174e-05,0.21251496513654003
0.001,0.001,20400,4.672897196261682e-05,0.2125266020538954
0.001,0.001,20500,4.651162790697675e-05,0.2120290531505022
0.001,0.001,20600,4.6296296296296294e-05,0.21231981266080824
0.001,0.001,20700,4.608294930875576e-05,0.2123486027653625
0.001,0.001,20800,4.587155963302752e-05,0.21234332179416643
0.001,0.001,20900,4.5662100456621e-05,0.21253382468454435
0.001,0.001,21000,4.545454545454546e-05,0.21285738596944256
0.001,0.001,21100,4.524886877828054e-05,0.2124410072403477
0.001,0.001,21200,4.5045045045045046e-05,0.21317244706305385
0.001,0.001,21300,4.484304932735426e-05,0.2123201189325428
0.001,0.001,21400,4.464285714285714e-05,0.21286364991777595
0.001,0.001,21500,4.4444444444444447e-05,0.2124097765971915
0.001,0.001,21600,4.424778761061947e-05,0.2421848913034144
0.001,0.001,21700,4.405286343612335e-05,0.21240262143386787
0.001,0.001,21800,4.3859649122807014e-05,0.21266434094709907
0.001,0.001,21900,4.3668122270742355e-05,0.21806848814713714
0.001,0.001,22000,4.347826086956522e-05,0.2595180158664284
0.001,0.001,22100,4.329004329004329e-05,0.21221740323444152
0.001,0.001,22200,4.310344827586207e-05,0.2121045512003723
0.001,0.001,22300,4.2918454935622314e-05,0.21295165092925666
0.001,0.001,22400,4.2735042735042735e-05,0.21285735497705452
0.001,0.001,22500,4.2553191489361704e-05,0.2124398027787591
0.001,0.001,22600,4.23728813559322e-05,0.21275339259639006
0.001,0.001,22700,4.2194092827004224e-05,0.21192690099926637
0.001,0.001,22800,4.201680672268908e-05,0.2231180877823093
0.001,0.001,22900,4.1841004184100415e-05,0.2421401618473505
0.001,0.001,23000,4.1666666666666665e-05,0.2119600854200191
0.001,0.001,23100,4.149377593360996e-05,0.21200627641868708
0.001,0.001,23200,4.132231404958678e-05,0.21222619283395192
0.001,0.001,23300,4.115226337448559e-05,0.21227609506677203
0.001,0.001,23400,4.098360655737705e-05,0.21189547386607493
0.001,0.001,23500,4.0816326530612245e-05,0.21448837655989694
0.001,0.001,23600,4.065040650406504e-05,0.21204681581753165
0.001,0.001,23700,4.048582995951417e-05,0.21202918566709075
0.001,0.001,23800,4.032258064516129e-05,0.21218409072447136
0.001,0.001,23900,4.0160642570281125e-05,0.212183358214998
0.001,0.001,24000,4e-05,0.21202050175800768
0.001,0.001,24100,3.9840637450199205e-05,0.21279441192992715
0.001,0.001,24200,3.968253968253968e-05,0.21669995255536542
0.001,0.001,24300,3.9525691699604744e-05,0.21486897455478418
0.001,0.001,24400,3.937007874015748e-05,0.21151714551158993
0.001,0.001,24500,3.9215686274509805e-05,0.21164294695182917
0.001,0.001,24600,3.90625e-05,0.21209558048556632
0.001,0.001,24700,3.891050583657588e-05,0.21196699668582047
0.001,0.001,24800,3.875968992248062e-05,0.21457011920106103
0.001,0.001,24900,3.8610038610038606e-05,0.21190970379028873
0.001,0.001,25000,3.846153846153846e-05,0.21198070384954024
0.001,0.001,25100,3.8314176245210727e-05,0.21630899225840902
0.001,0.001,25200,3.816793893129771e-05,0.2117416876090651
0.001,0.001,25300,3.802281368821293e-05,0.22894372724447057
0.001,0.001,25400,3.787878787878788e-05,0.21176985576067178
0.001,0.001,25500,3.7735849056603776e-05,0.21200327195212015
0.001,0.001,25600,3.759398496240601e-05,0.21204304067456825
0.001,0.001,25700,3.745318352059925e-05,0.2118500938831293
0.001,0.001,25800,3.7313432835820896e-05,0.21216556641290973
0.001,0.001,25900,3.717472118959108e-05,0.21152507406434287
0.001,0.001,26000,3.7037037037037037e-05,0.21145582890913817
0.001,0.001,26100,3.690036900369003e-05,0.21150953276073492
0.001,0.001,26200,3.6764705882352945e-05,0.21135159431767667
0.001,0.001,26300,3.663003663003663e-05,0.2117174753818688
0.001,0.001,26400,3.64963503649635e-05,0.21171360882218132
0.001,0.001,26500,3.6363636363636364e-05,0.21153660195659413
0.001,0.001,26600,3.6231884057971014e-05,0.21173765580413728
0.001,0.001,26700,3.610108303249098e-05,0.21179256100410435
0.001,0.001,26800,3.597122302158273e-05,0.21202599777214387
0.001,0.001,26900,3.5842293906810036e-05,0.21158871919129338
0.001,0.001,27000,3.571428571428572e-05,0.21239220626279467
0.001,0.001,27100,3.558718861209964e-05,0.211491543820906
0.001,0.001,27200,3.546099290780142e-05,0.2503056720842924
0.001,0.001,27300,3.53356890459364e-05,0.2119768500529424
0.001,0.001,27400,3.52112676056338e-05,0.212359032083843
0.001,0.001,27500,3.508771929824561e-05,0.21408006672809637
0.001,0.001,27600,3.4965034965034965e-05,0.21255483871197944
0.001,0.001,27700,3.484320557491289e-05,0.21147874243253284
0.001,0.001,27800,3.472222222222222e-05,0.2116387617076103
0.001,0.001,27900,3.460207612456747e-05,0.21503472040746824
0.001,0.001,28000,3.4482758620689657e-05,0.21159401210555842
0.001,0.001,28100,3.436426116838488e-05,0.2118332786865197
0.001,0.001,28200,3.424657534246576e-05,0.2116744104333992
0.001,0.001,28300,3.4129692832764505e-05,0.21171387245270326
0.001,0.001,28400,3.401360544217687e-05,0.2117610069679483
0.001,0.001,28500,3.389830508474576e-05,0.21148769409267196
0.001,0.001,28600,3.3783783783783784e-05,0.220270189425571
0.001,0.001,28700,3.3670033670033675e-05,0.21148448905280284
0.001,0.001,28800,3.355704697986577e-05,0.21143684199663232
0.001,0.001,28900,3.3444816053511705e-05,0.2115420403471669
0.001,0.001,29000,3.3333333333333335e-05,0.21144901491117082
0.001,0.001,29100,3.322259136212625e-05,0.22543799069922735
0.001,0.001,29200,3.3112582781456954e-05,0.21422944755013945
0.001,0.001,29300,3.3003300330033e-05,0.21156234650930603
0.001,0.001,29400,3.289473684210526e-05,0.2114638950566173
0.001,0.001,29500,3.278688524590164e-05,0.21111175709510496
0.001,0.001,29600,3.26797385620915e-05,0.21765029331868782
0.001,0.001,29700,3.2573289902280134e-05,0.2116418683261303
0.001,0.001,29800,3.246753246753247e-05,0.21126653419725822
0.001,0.001,29900,3.2362459546925564e-05,0.21942343813177595
0.001,0.001,30000,3.2258064516129034e-05,0.2115088636512947
0.001,0.001,30100,3.215434083601286e-05,0.21134685184602026
0.001,0.001,30200,3.205128205128205e-05,0.2114950649585996
0.001,0.001,30300,3.194888178913738e-05,0.21189080024156626
0.001,0.001,30400,3.184713375796178e-05,0.21124112279864396
0.001,0.001,30500,3.1746031746031745e-05,0.2141977267474474
0.001,0.001,30600,3.1645569620253167e-05,0.2115475701616057
0.001,0.001,30700,3.154574132492114e-05,0.21162401722636517
0.001,0.001,30800,3.144654088050314e-05,0.2130688479209269
0.001,0.001,30900,3.134796238244514e-05,0.24366421626013013
0.001,0.001,31000,3.125e-05,0.21285467791298243
0.001,0.001,31100,3.115264797507788e-05,0.2124155202396451
0.001,0.001,31200,3.1055900621118014e-05,0.21142472675810395
0.001,0.001,31300,3.0959752321981425e-05,0.21300002380278166
0.001,0.001,31400,3.086419753086419e-05,0.2113431689191426
0.001,0.001,31500,3.076923076923077e-05,0.21124874574100605
0.001,0.001,31600,3.067484662576687e-05,0.21145842473689083
0.001,0.001,31700,3.058103975535168e-05,0.21131300106779521
0.001,0.001,31800,3.0487804878048784e-05,0.21146783446234615
0.001,0.001,31900,3.0395136778115495e-05,0.2114220299618218
0.001,0.001,32000,3.0303030303030302e-05,0.21151495993510824
0.001,0.001,32100,3.0211480362537764e-05,0.21183043130893728
0.001,0.001,32200,3.0120481927710842e-05,0.2115112484269075
0.001,0.001,32300,3.0030030030030033e-05,0.2112959192787005
0.001,0.001,32400,2.9940119760479045e-05,0.2421752510780724
0.001,0.001,32500,2.9850746268656717e-05,0.21136543616455572
0.001,0.001,32600,2.9761904761904762e-05,0.21177120116859138
0.001,0.001,32700,2.9673590504451037e-05,0.21105792248938834
0.001,0.001,32800,2.958579881656805e-05,0.21177219603402372
0.001,0.001,32900,2.9498525073746314e-05,0.21131960581142173
0.001,0.001,33000,2.9411764705882354e-05,0.21501709302607286
0.001,0.001,33100,2.932551319648094e-05,0.2110818189705442
0.001,0.001,33200,2.9239766081871343e-05,0.21124805934871568
0.001,0.001,33300,2.915451895043732e-05,0.21170058085949375
0.001,0.001,33400,2.9069767441860467e-05,0.2112738663605887
0.001,0.001,33500,2.8985507246376814e-05,0.2158243666627346
0.001,0.001,33600,2.8901734104046242e-05,0.21146111557991898
0.001,0.001,33700,2.881844380403458e-05,0.2136200765157422
0.001,0.001,33800,2.8735632183908048e-05,0.21223118832552806
0.001,0.001,33900,2.865329512893983e-05,0.2113676915423685
0.001,0.001,34000,2.857142857142857e-05,0.21165749231817363
0.001,0.001,34100,2.849002849002849e-05,0.2112029036759674
0.001,0.001,34200,2.840909090909091e-05,0.2112053503385752
0.001,0.001,34300,2.8328611898016994e-05,0.21111561193020245
0.001,0.001,34400,2.8248587570621472e-05,0.21860008354119467
0.001,0.001,34500,2.8169014084507043e-05,0.21112083951276003
0.001,0.001,34600,2.808988764044944e-05,0.21145502709409864
0.001,0.001,34700,2.8011204481792714e-05,0.21242149675060837
0.001,0.001,34800,2.7932960893854746e-05,0.21092740637624163
0.001,0.001,34900,2.785515320334262e-05,0.21104882335066336
0.001,0.001,35000,2.777777777777778e-05,0.21107197398332286
0.001,0.001,35100,2.7700831024930747e-05,0.21120012609617927
0.001,0.001,35200,2.7624309392265193e-05,0.2124018559379463
0.001,0.001,35300,2.7548209366391182e-05,0.21099243780792726
0.001,0.001,35400,2.7472527472527473e-05,0.21126935556591003
0.001,0.001,35500,2.7397260273972603e-05,0.21148610156025752
0.001,0.001,35600,2.73224043715847e-05,0.21093694774052155
0.001,0.001,35700,2.7247956403269754e-05,0.21104126914624222
0.001,0.001,35800,2.717391304347826e-05,0.21124886600857362
0.001,0.001,35900,2.7100271002710027e-05,0.2109747231556973
0.001,0.001,36000,2.7027027027027027e-05,0.21444663787760648
0.001,0.001,36100,2.6954177897574123e-05,0.211748064695924
0.001,0.001,36200,2.6881720430107527e-05,0.21081786283976445
0.001,0.001,36300,2.680965147453083e-05,0.21124281365710645
0.001,0.001,36400,2.6737967914438505e-05,0.2114268218154513
0.001,0.001,36500,2.6666666666666667e-05,0.21106515449068688
0.001,0.001,36600,2.6595744680851064e-05,0.21274269124060996
0.001,0.001,36700,2.652519893899204e-05,0.21125706105551195
0.001,0.001,36800,2.6455026455026453e-05,0.21278123412190697
0.001,0.001,36900,2.6385224274406334e-05,0.21114320288660213
0.001,0.001,37000,2.6315789473684212e-05,0.21117752416813035
0.001,0.001,37100,2.6246719160104988e-05,0.21108810697617936
0.001,0.001,37200,2.6178010471204188e-05,0.21119380853155903
0.001,0.001,37300,2.610966057441253e-05,0.21129815411777064
0.001,0.001,37400,2.604166666666667e-05,0.21142195640178285
0.001,0.001,37500,2.5974025974025975e-05,0.21098877297239932
0.001,0.001,37600,2.5906735751295337e-05,0.2109627405228173
0.001,0.001,37700,2.5839793281653746e-05,0.21068669432052237
0.001,0.001,37800,2.5773195876288658e-05,0.21183542768802388
0.001,0.001,37900,2.570694087403599e-05,0.21141642593749685
0.001,0.001,38000,2.5641025641025643e-05,0.22372720520298278
0.001,0.001,38100,2.5575447570332482e-05,0.21104296699906372
0.001,0.001,38200,2.551020408163265e-05,0.21139528715618686
0.001,0.001,38300,2.544529262086514e-05,0.21086597179703365
0.001,0.001,38400,2.538071065989848e-05,0.21090779690204378
0.001,0.001,38500,2.5316455696202533e-05,0.21273382496528176
0.001,0.001,38600,2.5252525252525253e-05,0.2110565834201395
0.001,0.001,38700,2.5188916876574305e-05,0.21112801702650755
0.001,0.001,38800,2.5125628140703515e-05,0.21183725834094566
0.001,0.001,38900,2.506265664160401e-05,0.21096992341953108
0.001,0.001,39000,2.5e-05,0.2112803604059089
0.001,0.001,39100,2.4937655860349125e-05,0.22886006863410685
0.001,0.001,39200,2.4875621890547263e-05,0.2109140580236016
0.001,0.001,39300,2.4813895781637714e-05,0.21097991805999916
0.001,0.001,39400,2.4752475247524754e-05,0.21397418200382678
0.001,0.001,39500,2.469135802469136e-05,0.21240784533487567
0.001,0.001,39600,2.463054187192118e-05,0.21096356110725362
0.001,0.001,39700,2.457002457002457e-05,0.2133817142390838
0.001,0.001,39800,2.4509803921568626e-05,0.21109568950998206
0.001,0.001,39900,2.4449877750611248e-05,0.211331758729989
0.001,0.001,40000,2.4390243902439026e-05,0.21081220822825952
0.001,0.001,40100,2.4330900243309002e-05,0.21508129792652514
0.001,0.001,40200,2.4271844660194173e-05,0.21108385142026626
0.001,0.001,40300,2.4213075060532686e-05,0.21086837273300107
0.001,0.001,40400,2.415458937198068e-05,0.21129489129661042
0.001,0.001,40500,2.4096385542168674e-05,0.21109202083443496
0.001,0.001,40600,2.403846153846154e-05,0.21118592765086563
0.001,0.001,40700,2.398081534772182e-05,0.21117754779343337
0.001,0.001,40800,2.3923444976076552e-05,0.21090799482553457
0.001,0.001,40900,2.3866348448687352e-05,0.21092329967999734
0.001,0.001,41000,2.380952380952381e-05,0.21087292309628342
0.001,0.001,41100,2.375296912114014e-05,0.21084597029583407
0.001,0.001,41200,2.3696682464454976e-05,0.2108604659977934
0.001,0.001,41300,2.3640661938534276e-05,0.21077920122975174
0.001,0.001,41400,2.358490566037736e-05,0.2112268217157289
0.001,0.001,41500,2.3529411764705884e-05,0.2108771752591227
0.001,0.001,41600,2.347417840375587e-05,0.21119627440808836
0.001,0.001,41700,2.34192037470726e-05,0.21081668729270803
0.001,0.001,41800,2.336448598130841e-05,0.21077651451466384
0.001,0.001,41900,2.331002331002331e-05,0.210685890047827
0.001,0.001,42000,2.3255813953488374e-05,0.212384097596655
0.001,0.001,42100,2.3201856148491877e-05,0.21067283931639919
0.001,0.001,42200,2.3148148148148147e-05,0.21078969369354822
0.001,0.001,42300,2.3094688221709005e-05,0.21174414869579863
0.001,0.001,42400,2.304147465437788e-05,0.21091542857404474
0.001,0.001,42500,2.2988505747126437e-05,0.21093586144831383
0.001,0.001,42600,2.293577981651376e-05,0.23352233596428199
0.001,0.001,42700,2.288329519450801e-05,0.21086717312918044
0.001,0.001,42800,2.28310502283105e-05,0.21097992497596968
0.001,0.001,42900,2.2779043280182233e-05,0.2108252128980233
0.001,0.001,43000,2.272727272727273e-05,0.2107566155624798
0.001,0.001,43100,2.2675736961451248e-05,0.21098562235907078
0.001,0.001,43200,2.262443438914027e-05,0.21074071795326765
0.001,0.001,43300,2.257336343115124e-05,0.21090869772069412
0.001,0.001,43400,2.2522522522522523e-05,0.21074258139623037
0.001,0.001,43500,2.2471910112359552e-05,0.21098416050206106
0.001,0.001,43600,2.242152466367713e-05,0.21434305278956337
0.001,0.001,43700,2.2371364653243846e-05,0.2133970309458298
0.001,0.001,43800,2.232142857142857e-05,0.21193132905083087
0.001,0.001,43900,2.2271714922048998e-05,0.21093381950098608
0.001,0.001,44000,2.2222222222222223e-05,0.21419974045786203
0.001,0.001,44100,2.2172949002217295e-05,0.21094014648161058
0.001,0.001,44200,2.2123893805309735e-05,0.21093821581259914
0.001,0.001,44300,2.207505518763797e-05,0.2106942495597715
0.001,0.001,44400,2.2026431718061676e-05,0.21067640962154366
0.001,0.001,44500,2.1978021978021977e-05,0.21071343227047612
0.001,0.001,44600,2.1929824561403507e-05,0.2108038310350328
0.001,0.001,44700,2.188183807439825e-05,0.21358699594662314
0.001,0.001,44800,2.1834061135371177e-05,0.2125408343496546
0.001,0.001,44900,2.178649237472767e-05,0.21080129574113554
0.001,0.001,45000,2.173913043478261e-05,0.21067355532449863
0.001,0.001,45100,2.1691973969631237e-05,0.21064904963046185
0.001,0.001,45200,2.1645021645021645e-05,0.21072008756614213
0.001,0.001,45300,2.159827213822894e-05,0.21063933640716265
0.001,0.001,45400,2.1551724137931036e-05,0.21078098029911027
0.001,0.001,45500,2.1505376344086024e-05,0.21144662175368997
0.001,0.001,45600,2.1459227467811157e-05,0.21072156367605
0.001,0.001,45700,2.141327623126338e-05,0.21095736752334232
0.001,0.001,45800,2.1367521367521368e-05,0.21084351958047898
0.001,0.001,45900,2.1321961620469083e-05,0.2106656211254864
0.001,0.001,46000,2.1276595744680852e-05,0.2108345746736912
0.001,0.001,46100,2.1231422505307857e-05,0.21783982389988096
0.001,0.001,46200,2.11864406779661e-05,0.21072462834120578
0.001,0.001,46300,2.114164904862579e-05,0.21090380198083689
0.001,0.001,46400,2.1097046413502112e-05,0.21060972295789268
0.001,0.001,46500,2.105263157894737e-05,0.2130908323895433
0.001,0.001,46600,2.100840336134454e-05,0.21088240902864552
0.001,0.001,46700,2.0964360587002095e-05,0.2109606064396689
0.001,0.001,46800,2.0920502092050207e-05,0.21084119231237286
0.001,0.001,46900,2.0876826722338206e-05,0.21117725777167304
0.001,0.001,47000,2.0833333333333333e-05,0.21844086072748034
0.001,0.001,47100,2.079002079002079e-05,0.21076096157334148
0.001,0.001,47200,2.074688796680498e-05,0.21080815416197438
0.001,0.001,47300,2.0703933747412007e-05,0.210571571267105
0.001,0.001,47400,2.066115702479339e-05,0.2105065662694168
0.001,0.001,47500,2.0618556701030927e-05,0.21081531536241932
0.001,0.001,47600,2.0576131687242797e-05,0.2107410285218019
0.001,0.001,47700,2.0533880903490758e-05,0.2125110635488601
0.001,0.001,47800,2.0491803278688525e-05,0.2108890191541052
0.001,0.001,47900,2.044989775051125e-05,0.21063288224602922
0.001,0.001,48000,2.0408163265306123e-05,0.21142041637527037
0.001,0.001,48100,2.0366598778004072e-05,0.21157093153794418
0.001,0.001,48200,2.032520325203252e-05,0.2111607640170977
0.001,0.001,48300,2.0283975659229208e-05,0.21076756916535333
0.001,0.001,48400,2.0242914979757085e-05,0.21064542570272524
0.001,0.001,48500,2.0202020202020203e-05,0.21082602010039514
0.001,0.001,48600,2.0161290322580645e-05,0.21198500757239774
0.001,0.001,48700,2.0120724346076457e-05,0.21074023271088807
0.001,0.001,48800,2.0080321285140562e-05,0.21421528628245048
0.001,0.001,48900,2.0040080160320643e-05,0.21083157720655282
0.001,0.001,49000,2e-05,0.21063801106375635
0.001,0.001,49100,1.9960079840319362e-05,0.21050175996339632
0.001,0.001,49200,1.9920318725099602e-05,0.21059170430399984
0.001,0.001,49300,1.9880715705765408e-05,0.21261614339049398
0.001,0.001,49400,1.984126984126984e-05,0.21081990527283748
0.001,0.001,49500,1.9801980198019803e-05,0.2109839178164071
0.001,0.001,49600,1.9762845849802372e-05,0.21075663050269713
0.001,0.001,49700,1.972386587771203e-05,0.21395201169906458
0.001,0.001,49756,1.970210418472693e-05,0.2103644627001635
0.001,0.001,49800,1.968503937007874e-05,0.22345867829701843
0.001,0.001,49900,1.964636542239686e-05,0.2108496774476602
0.001,0.001,49999,1.9608227612306125e-05,0.21085384749574426
0.001,0.01,0,0.001,8.700000000000001
0.001,0.01,100,0.0005,1.1350574823817323
0.001,0.01,200,0.0003333333333333333,0.5891821897365516
0.001,0.01,300,0.00025,0.37342569620921795
0.001,0.01,400,0.0002,0.30806178785483795
0.001,0.01,500,0.00016666666666666666,0.2798718696833598
0.001,0.01,600,0.00014285714285714287,0.2675285021579581
0.001,0.01,700,0.000125,0.2634595838703202
0.001,0.01,800,0.00011111111111111112,0.2587902712430287
0.001,0.01,900,0.0001,0.2600571527818802
0.001,0.01,1000,9.090909090909092e-05,0.254940736011174
0.001,0.01,1100,8.333333333333333e-05,0.2486622191108188
0.001,0.01,1200,7.692307692307693e-05,0.24795551758459283
0.001,0.01,1300,7.142857142857143e-05,0.24235138186318977
0.001,0.01,1400,6.666666666666667e-05,0.23982083847616473
0.001,0.01,1500,6.25e-05,0.23888435054113083
0.001,0.01,1600,5.882352941176471e-05,0.23478233205998636
0.001,0.01,1700,5.555555555555556e-05,0.2361855970625621
0.001,0.01,1800,5.2631578947368424e-05,0.23159737201745154
0.001,0.01,1900,5e-05,0.26336008340512845
0.001,0.01,2000,4.761904761904762e-05,0.23239175086490896
0.001,0.01,2100,4.545454545454546e-05,0.22727021370194644
0.001,0.01,2200,4.347826086956522e-05,0.22610620483894586
0.001,0.01,2300,4.1666666666666665e-05,0.22647151576095392
0.001,0.01,2400,4e-05,0.22362362649847012
0.001,0.01,2500,3.846153846153846e-05,0.2285553010793128
0.001,0.01,2600,3.7037037037037037e-05,0.2228165776256506
0.001,0.01,2700,3.571428571428572e-05,0.2224657149549054
0.001,0.01,2800,3.4482758620689657e-05,0.22519676888293833
0.001,0.01,2900,3.3333333333333335e-05,0.2220849746971491
0.001,0.01,3000,3.2258064516129034e-05,0.2216372670329384
0.001,0.01,3100,3.125e-05,0.22171852276564402
0.001,0.01,3200,3.0303030303030302e-05,0.22107377793442778
0.001,0.01,3300,2.9411764705882354e-05,0.22132756941150927
0.001,0.01,3400,2.857142857142857e-05,0.2206748699238749
0.001,0.01,3500,2.777777777777778e-05,0.22190213140138568
0.001,0.01,3600,2.7027027027027027e-05,0.22050835514309763
0.001,0.01,3700,2.6315789473684212e-05,0.22283386761577637
0.001,0.01,3800,2.5641025641025643e-05,0.22029472501775818
0.001,0.01,3900,2.5e-05,0.22017554352046717
0.001,0.01,4000,2.4390243902439026e-05,0.21990051314788636
0.001,0.01,4100,2.380952380952381e-05,0.21976339385372623
0.001,0.01,4200,2.3255813953488374e-05,0.219611634624485
0.001,0.01,4300,2.272727272727273e-05,0.2208647702634934
0.001,0.01,4400,2.2222222222222223e-05,0.21936720697911472
0.001,0.01,4500,2.173913043478261e-05,0.21921399674850506
0.001,0.01,4600,2.1276595744680852e-05,0.2191867556587782
0.001,0.01,4700,2.0833333333333333e-05,0.21908443171132352
0.001,0.01,4800,2.0408163265306123e-05,0.21897448937179276
0.001,0.01,4900,2e-05,0.21901297072486364
0.001,0.01,5000,1.9607843137254903e-05,0.21869307705285923
0.001,0.01,5100,1.923076923076923e-05,0.21896663999099225
0.001,0.01,5200,1.8867924528301888e-05,0.21858539704432461
0.001,0.01,5300,1.8518518518518518e-05,0.218487164046143
0.001,0.01,5400,1.8181818181818182e-05,0.21846508081376648
0.001,0.01,5500,1.785714285714286e-05,0.21842710578684912
0.001,0.01,5600,1.7543859649122806e-05,0.21822079529452662
0.001,0.01,5700,1.7241379310344828e-05,0.21829189223158926
0.001,0.01,5800,1.694915254237288e-05,0.21850556994524237
0.001,0.01,5900,1.6666666666666667e-05,0.21939337886119947
0.001,0.01,6000,1.639344262295082e-05,0.2185796914692529
0.001,0.01,6100,1.6129032258064517e-05,0.21797676425781443
0.001,0.01,6200,1.5873015873015872e-05,0.21781147677625345
0.001,0.01,6300,1.5625e-05,0.21792550851884518
0.001,0.01,6400,1.5384615384615384e-05,0.2178351219306917
0.001,0.01,6500,1.5151515151515151e-05,0.21777316149301282
0.001,0.01,6600,1.4925373134328359e-05,0.21912127229138406
0.001,0.01,6700,1.4705882352941177e-05,0.21763830858215488
0.001,0.01,6800,1.4492753623188407e-05,0.2245823858461346
0.001,0.01,6900,1.4285714285714285e-05,0.21752414724932728
0.001,0.01,7000,1.4084507042253522e-05,0.21756383658318826
0.001,0.01,7100,1.388888888888889e-05,0.21745518504891104
0.001,0.01,7200,1.3698630136986302e-05,0.2177015566428458
0.001,0.01,7300,1.3513513513513513e-05,0.21755602073637223
0.001,0.01,7400,1.3333333333333333e-05,0.21738073678324332
0.001,0.01,7500,1.3157894736842106e-05,0.21744724923195016
0.001,0.01,7600,1.2987012987012988e-05,0.21734011265271141
0.001,0.01,7700,1.2820512820512822e-05,0.21715748443056715
0.001,0.01,7800,1.2658227848101267e-05,0.21714335037539537
0.001,0.01,7900,1.25e-05,0.21709887311632092
0.001,0.01,8000,1.234567901234568e-05,0.21724981256422038
0.001,0.01,8100,1.2195121951219513e-05,0.2171268236830018
0.001,0.01,8200,1.2048192771084337e-05,0.21702276412498134
0.001,0.01,8300,1.1904761904761905e-05,0.216988133499099
0.001,0.01,8400,1.1764705882352942e-05,0.21687237537317455
0.001,0.01,8500,1.1627906976744187e-05,0.21703903925009954
0.001,0.01,8600,1.1494252873563218e-05,0.2178557173561718
0.001,0.01,8700,1.1363636363636365e-05,0.2167970794047204
0.001,0.01,8800,1.1235955056179776e-05,0.22455552353305547
0.001,0.01,8900,1.1111111111111112e-05,0.2175804403780884
0.001,0.01,9000,1.0989010989010989e-05,0.216987143630777
0.001,0.01,9100,1.0869565217391305e-05,0.2167591574131572
0.001,0.01,9200,1.0752688172043012e-05,0.21665924613271936
0.001,0.01,9300,1.0638297872340426e-05,0.2166660845944008
0.001,0.01,9400,1.0526315789473684e-05,0.21662187871808586
0.001,0.01,9500,1.0416666666666666e-05,0.21664658700222855
0.001,0.01,9600,1.0309278350515464e-05,0.21928839313564405
0.001,0.01,9700,1.0204081632653061e-05,0.2164944428578151
0.001,0.01,9800,1.0101010101010101e-05,0.21654859212268726
0.001,0.01,9900,1e-05,0.21651075837900047
0.001,0.01,10000,9.900990099009901e-06,0.2168513547222657
0.001,0.01,10100,9.803921568627451e-06,0.21646702483768512
0.001,0.01,10200,9.70873786407767e-06,0.2164566387333228
0.001,0.01,10300,9.615384615384616e-06,0.21637286937172304
0.001,0.01,10400,9.523809523809525e-06,0.21660501603783405
0.001,0.01,10500,9.433962264150944e-06,0.21638099587738727
0.001,0.01,10600,9.345794392523365e-06,0.21754486335710405
0.001,0.01,10700,9.259259259259259e-06,0.2163840640312565
0.001,0.01,10800,9.174311926605506e-06,0.21632438065176754
0.001,0.01,10900,9.090909090909091e-06,0.22078510261750864
0.001,0.01,11000,9.00900900900901e-06,0.21619300455798124
0.001,0.01,11100,8.92857142857143e-06,0.2163273162296081
0.001,0.01,11200,8.849557522123894e-06,0.21617046379193144
0.001,0.01,11300,8.771929824561403e-06,0.21618506512420418
0.001,0.01,11400,8.695652173913044e-06,0.2161698507133137
0.001,0.01,11500,8.620689655172414e-06,0.2183691318113751
0.001,0.01,11600,8.547008547008548e-06,0.2173519280954708
0.001,0.01,11700,8.47457627118644e-06,0.21630674067668357
0.001,0.01,11800,8.403361344537815e-06,0.2160514612924907
0.001,0.01,11900,8.333333333333334e-06,0.21614298005281188
0.001,0.01,12000,8.264462809917356e-06,0.21607599463162036
0.001,0.01,12100,8.19672131147541e-06,0.21609172592014422
0.001,0.01,12200,8.130081300813009e-06,0.21598612071453493
0.001,0.01,12300,8.064516129032258e-06,0.21594577679970917
0.001,0.01,12400,8e-06,0.2159134531893506
0.001,0.01,12500,7.936507936507936e-06,0.21593331911389324
0.001,0.01,12600,7.874015748031496e-06,0.2159318037098011
0.001,0.01,12700,7.8125e-06,0.21591422784503633
0.001,0.01,12800,7.751937984496124e-06,0.21589361896808884
0.001,0.01,12900,7.692307692307692e-06,0.2157980020266974
0.001,0.01,13000,7.633587786259541e-06,0.2158399937550034
0.001,0.01,13100,7.575757575757576e-06,0.2158483242923965
0.001,0.01,13200,7.518796992481203e-06,0.21584963918628514
0.001,0.01,13300,7.462686567164179e-06,0.21717776689745258
0.001,0.01,13400,7.4074074074074075e-06,0.21609361049291936
0.001,0.01,13500,7.3529411764705884e-06,0.21586195243331732
0.001,0.01,13600,7.299270072992701e-06,0.21594332018027768
0.001,0.01,13700,7.246376811594203e-06,0.21576621222003067
0.001,0.01,13800,7.194244604316547e-06,0.21574148414886474
0.001,0.01,13900,7.142857142857143e-06,0.2157066260814549
0.001,0.01,14000,7.092198581560284e-06,0.21572799286858446
0.001,0.01,14100,7.042253521126761e-06,0.21562534985497636
0.001,0.01,14200,6.993006993006993e-06,0.2157084228849365
0.001,0.01,14300,6.944444444444445e-06,0.21561956195177093
0.001,0.01,14400,6.896551724137931e-06,0.21941030297697448
0.001,0.01,14500,6.849315068493151e-06,0.2156437595786021
0.001,0.01,14600,6.8027210884353745e-06,0.21565775058376796
0.001,0.01,14700,6.756756756756757e-06,0.21558269733116991
0.001,0.01,14800,6.7114093959731546e-06,0.2155915733120681
0.001,0.01,14900,6.666666666666667e-06,0.21559764016779098
0.001,0.01,15000,6.622516556291391e-06,0.21562421973732715
0.001,0.01,15100,6.578947368421053e-06,0.2155139353659426
0.001,0.01,15200,6.535947712418301e-06,0.2155061270011492
0.001,0.01,15300,6.493506493506494e-06,0.2155761081256502
0.001,0.01,15400,6.451612903225806e-06,0.2154841801182647
0.001,0.01,15500,6.410256410256411e-06,0.21551833524799607
0.001,0.01,15600,6.369426751592357e-06,0.21548924144655934
0.001,0.01,15700,6.329113924050633e-06,0.21545940629086313
0.001,0.01,15800,6.289308176100629e-06,0.21562473081525335
0.001,0.01,15900,6.25e-06,0.21543630194312313
0.001,0.01,16000,6.2111801242236025e-06,0.21540973760466162
0.001,0.01,16100,6.17283950617284e-06,0.21544139936460419
0.001,0.01,16200,6.134969325153374e-06,0.2153826484556769
0.001,0.01,16300,6.0975609756097564e-06,0.21535472706710762
0.001,0.01,16400,6.060606060606061e-06,0.21586061933387976
0.001,0.01,16500,6.024096385542168e-06,0.21539746558563344
0.001,0.01,16600,5.9880239520958085e-06,0.2154095833062007
0.001,0.01,16700,5.9523809523809525e-06,0.2154470003547982
0.001,0.01,16800,5.917159763313609e-06,0.21530843628875387
0.001,0.01,16900,5.882352941176471e-06,0.215373321283493
0.001,0.01,17000,5.847953216374269e-06,0.21576862189746399
0.001,0.01,17100,5.8139534883720935e-06,0.21688074756538045
0.001,0.01,17200,5.780346820809249e-06,0.21545822620638574
0.001,0.01,17300,5.747126436781609e-06,0.21531550153723383
0.001,0.01,17400,5.7142857142857145e-06,0.21533665939274677
0.001,0.01,17500,5.681818181818182e-06,0.21555242891201126
0.001,0.01,17600,5.649717514124294e-06,0.21525382125080228
0.001,0.01,17700,5.617977528089888e-06,0.2152176091937569
0.001,0.01,17800,5.58659217877095e-06,0.21519420658339278
0.001,0.01,17900,5.555555555555556e-06,0.21575425271900364
0.001,0.01,18000,5.524861878453039e-06,0.21516192739940562
0.001,0.01,18100,5.494505494505494e-06,0.2152362041710083
0.001,0.01,18200,5.46448087431694e-06,0.2152115520854874
0.001,0.01,18300,5.4347826086956525e-06,0.2151991643410041
0.001,0.01,18400,5.405405405405405e-06,0.21516536516959028
0.001,0.01,18500,5.376344086021506e-06,0.21514388733595144
0.001,0.01,18600,5.347593582887701e-06,0.21516687749485236
0.001,0.01,18700,5.319148936170213e-06,0.2151201949700891
0.001,0.01,18800,5.291005291005291e-06,0.21513609143960516
0.001,0.01,18900,5.263157894736842e-06,0.21531402724394383
0.001,0.01,19000,5.235602094240837e-06,0.21510673744550374
0.001,0.01,19100,5.208333333333333e-06,0.21514695942162734
0.001,0.01,19200,5.1813471502590676e-06,0.21509863711748936
0.001,0.01,19300,5.154639175257732e-06,0.21508236470764716
0.001,0.01,19400,5.128205128205128e-06,0.21720583396388304
0.001,0.01,19500,5.102040816326531e-06,0.21516563063154978
0.001,0.01,19600,5.076142131979695e-06,0.215037656510714
0.001,0.01,19700,5.050505050505051e-06,0.21507151025900456
0.001,0.01,19800,5.025125628140704e-06,0.21506246963566536
0.001,0.01,19900,5e-06,0.2151680680493001
0.001,0.01,20000,4.975124378109453e-06,0.21649478444607242
0.001,0.01,20100,4.950495049504951e-06,0.2150055501841367
0.001,0.01,20200,4.926108374384236e-06,0.21501709364012833
0.001,0.01,20300,4.901960784313726e-06,0.21502164574268037
0.001,0.01,20400,4.878048780487805e-06,0.21512351214553802
0.001,0.01,20500,4.854368932038835e-06,0.21496641485884857
0.001,0.01,20600,4.830917874396135e-06,0.2155411267565255
0.001,0.01,20700,4.807692307692308e-06,0.214980380787611
0.001,0.01,20800,4.784688995215311e-06,0.214941195741907
0.001,0.01,20900,4.761904761904762e-06,0.21493950208155405
0.001,0.01,21000,4.739336492890995e-06,0.21490197861779525
0.001,0.01,21100,4.716981132075472e-06,0.21504847316271614
0.001,0.01,21200,4.6948356807511736e-06,0.21531090167088704
0.001,0.01,21300,4.6728971962616825e-06,0.2149213663207043
0.001,0.01,21400,4.651162790697674e-06,0.21489178191268493
0.001,0.01,21500,4.6296296296296296e-06,0.21487621887202654
0.001,0.01,21600,4.608294930875576e-06,0.2148740750316053
0.001,0.01,21700,4.587155963302753e-06,0.21489139515632494
0.001,0.01,21800,4.566210045662101e-06,0.21484776446964537
0.001,0.01,21900,4.5454545454545455e-06,0.21488697901083292
0.001,0.01,22000,4.5248868778280546e-06,0.21509701660777222
0.001,0.01,22100,4.504504504504505e-06,0.2148844582007161
0.001,0.01,22200,4.484304932735426e-06,0.21483767411603175
0.001,0.01,22300,4.464285714285715e-06,0.21483732437846936
0.001,0.01,22400,4.444444444444444e-06,0.21481894607748586
0.001,0.01,22500,4.424778761061947e-06,0.21482334994798052
0.001,0.01,22600,4.405286343612335e-06,0.21479620251652895
0.001,0.01,22700,4.3859649122807014e-06,0.21479552239555472
0.001,0.01,22800,4.3668122270742355e-06,0.21491680510407465
0.001,0.01,22900,4.347826086956522e-06,0.21478915148188854
0.001,0.01,23000,4.3290043290043295e-06,0.21485282497126718
0.001,0.01,23100,4.310344827586207e-06,0.21477249244558327
0.001,0.01,23200,4.2918454935622316e-06,0.2147593326823055
0.001,0.01,23300,4.273504273504274e-06,0.21474853706954786
0.001,0.01,23400,4.255319148936171e-06,0.21472436412053436
0.001,0.01,23500,4.23728813559322e-06,0.21468504921252465
0.001,0.01,23600,4.219409282700422e-06,0.21474279315335698
0.001,0.01,23700,4.201680672268908e-06,0.2147086602121928
0.001,0.01,23800,4.184100418410042e-06,0.21470327534568684
0.001,0.01,23900,4.166666666666667e-06,0.21507472132972397
0.001,0.01,24000,4.149377593360996e-06,0.2146905952754062
0.001,0.01,24100,4.132231404958678e-06,0.21469406768378155
0.001,0.01,24200,4.11522633744856e-06,0.2147401515746568
0.001,0.01,24300,4.098360655737705e-06,0.21474334459571132
0.001,0.01,24400,4.081632653061224e-06,0.21477052831743196
0.001,0.01,24500,4.0650406504065046e-06,0.21465143007848037
0.001,0.01,24600,4.048582995951417e-06,0.21464275311916328
0.001,0.01,24700,4.032258064516129e-06,0.21465252567383306
0.001,0.01,24800,4.016064257028113e-06,0.2149516906786691
0.001,0.01,24900,4e-06,0.21462114391590686
0.001,0.01,25000,3.98406374501992e-06,0.2146216224097125
0.001,0.01,25100,3.968253968253968e-06,0.2146899965869386
0.001,0.01,25200,3.952569169960475e-06,0.2146089647132522
0.001,0.01,25300,3.937007874015748e-06,0.2146038462119297
0.001,0.01,25400,3.92156862745098e-06,0.2146216298546085
0.001,0.01,25500,3.90625e-06,0.214591231132512
0.001,0.01,25600,3.891050583657588e-06,0.21546618092660283
0.001,0.01,25700,3.875968992248062e-06,0.21457793315941298
0.001,0.01,25800,3.861003861003861e-06,0.2146522640511725
0.001,0.01,25900,3.846153846153846e-06,0.21458129065522485
0.001,0.01,26000,3.8314176245210725e-06,0.2145730087970653
0.001,0.01,26100,3.816793893129771e-06,0.21455550886422042
0.001,0.01,26200,3.802281368821293e-06,0.21555411214604578
0.001,0.01,26300,3.787878787878788e-06,0.21454358284254874
0.001,0.01,26400,3.7735849056603773e-06,0.21452309954640272
0.001,0.01,26500,3.7593984962406014e-06,0.2145025832040044
0.001,0.01,26600,3.745318352059925e-06,0.21512275100688832
0.001,0.01,26700,3.7313432835820897e-06,0.2145196585429683
0.001,0.01,26800,3.717472118959108e-06,0.21463029340025416
0.001,0.01,26900,3.7037037037037037e-06,0.21455764719073075
0.001,0.01,27000,3.690036900369004e-06,0.21543448103649385
0.001,0.01,27100,3.6764705882352942e-06,0.21448471947311504
0.001,0.01,27200,3.663003663003663e-06,0.21451612600366074
0.001,0.01,27300,3.6496350364963505e-06,0.2145108189657766
0.001,0.01,27400,3.6363636363636366e-06,0.21446938570311844
0.001,0.01,27500,3.6231884057971017e-06,0.21447442175231018
0.001,0.01,27600,3.6101083032490977e-06,0.21443884092431842
0.001,0.01,27700,3.5971223021582737e-06,0.21445904651510772
0.001,0.01,27800,3.5842293906810035e-06,0.21442768249602134
0.001,0.01,27900,3.5714285714285714e-06,0.21449880491968465
0.001,0.01,28000,3.5587188612099647e-06,0.21446573443922728
0.001,0.01,28100,3.546099290780142e-06,0.21444261322172065
0.001,0.01,28200,3.5335689045936394e-06,0.21441978253835686
0.001,0.01,28300,3.5211267605633804e-06,0.21441235279735865
0.001,0.01,28400,3.5087719298245615e-06,0.2144167079801102
0.001,0.01,28500,3.4965034965034966e-06,0.21444564912233316
0.001,0.01,28600,3.4843205574912894e-06,0.21438793281483798
0.001,0.01,28700,3.4722222222222224e-06,0.2144061488898826
0.001,0.01,28800,3.4602076124567473e-06,0.21439612355695892
0.001,0.01,28900,3.4482758620689654e-06,0.21440389417248112
0.001,0.01,29000,3.436426116838488e-06,0.2143800947068243
0.001,0.01,29100,3.4246575342465754e-06,0.21436672777415147
0.001,0.01,29200,3.4129692832764506e-06,0.2143783795897086
0.001,0.01,29300,3.4013605442176872e-06,0.21438023690714514
0.001,0.01,29400,3.3898305084745763e-06,0.2143710967827737
0.001,0.01,29500,3.3783783783783783e-06,0.21435376874475065
0.001,0.01,29600,3.367003367003367e-06,0.21439947004556006
0.001,0.01,29700,3.3557046979865773e-06,0.2145086903911155
0.001,0.01,29800,3.3444816053511705e-06,0.21434293261142706
0.001,0.01,29900,3.3333333333333333e-06,0.21432164971526954
0.001,0.01,30000,3.3222591362126247e-06,0.21432621371472738
0.001,0.01,30100,3.3112582781456956e-06,0.21428482907307198
0.001,0.01,30200,3.3003300330033004e-06,0.21429701814836663
0.001,0.01,30300,3.2894736842105265e-06,0.21430677970396964
0.001,0.01,30400,3.278688524590164e-06,0.21451333437481607
0.001,0.01,30500,3.2679738562091506e-06,0.21433047424394286
0.001,0.01,30600,3.2573289902280133e-06,0.2142841245589825
0.001,0.01,30700,3.246753246753247e-06,0.2142989432494639
0.001,0.01,30800,3.2362459546925567e-06,0.21426713121279206
0.001,0.01,30900,3.225806451612903e-06,0.2142640523181092
0.001,0.01,31000,3.215434083601286e-06,0.21437665707579287
0.001,0.01,31100,3.2051282051282054e-06,0.21426541096709426
0.001,0.01,31200,3.1948881789137383e-06,0.2142875603944105
0.001,0.01,31300,3.1847133757961785e-06,0.21482423993801975
0.001,0.01,31400,3.1746031746031746e-06,0.21430577315146032
0.001,0.01,31500,3.1645569620253167e-06,0.21429834487235397
0.001,0.01,31600,3.1545741324921135e-06,0.21426205352504749
0.001,0.01,31700,3.1446540880503146e-06,0.21423413962574916
0.001,0.01,31800,3.134796238244514e-06,0.21449537056739984
0.001,0.01,31900,3.125e-06,0.2149715210806146
0.001,0.01,32000,3.1152647975077884e-06,0.21433239589229852
0.001,0.01,32100,3.1055900621118013e-06,0.2142346451972641
0.001,0.01,32200,3.0959752321981426e-06,0.21419851531467768
0.001,0.01,32300,3.08641975308642e-06,0.2142370518900503
0.001,0.01,32400,3.076923076923077e-06,0.21420245232923746
0.001,0.01,32500,3.067484662576687e-06,0.21418660266431258
0.001,0.01,32600,3.0581039755351682e-06,0.21433356896606373
0.001,0.01,32700,3.0487804878048782e-06,0.21416689469631836
0.001,0.01,32800,3.03951367781155e-06,0.21420181364634933
0.001,0.01,32900,3.0303030303030305e-06,0.21417987670903915
0.001,0.01,33000,3.0211480362537765e-06,0.21419247630310384
0.001,0.01,33100,3.012048192771084e-06,0.2141728088955517
0.001,0.01,33200,3.003003003003003e-06,0.21418186096410285
0.001,0.01,33300,2.9940119760479042e-06,0.21421215179445838
0.001,0.01,33400,2.9850746268656716e-06,0.21448448978030155
0.001,0.01,33500,2.9761904761904763e-06,0.21476926091612478
0.001,0.01,33600,2.967359050445104e-06,0.2141396255587856
0.001,0.01,33700,2.9585798816568047e-06,0.21414727458210894
0.001,0.01,33800,2.9498525073746313e-06,0.21430884582810425
0.001,0.01,33900,2.9411764705882355e-06,0.21676299444709307
0.001,0.01,34000,2.932551319648094e-06,0.21411790141015477
0.001,0.01,34100,2.9239766081871347e-06,0.2145543241270491
0.001,0.01,34200,2.915451895043732e-06,0.21410654388154268
0.001,0.01,34300,2.9069767441860468e-06,0.21413400850330272
0.001,0.01,34400,2.898550724637681e-06,0.2141340168557973
0.001,0.01,34500,2.8901734104046244e-06,0.21408705789297378
0.001,0.01,34600,2.8818443804034585e-06,0.21408603386506883
0.001,0.01,34700,2.8735632183908046e-06,0.2140982094905091
0.001,0.01,34800,2.865329512893983e-06,0.21408072120031252
0.001,0.01,34900,2.8571428571428573e-06,0.21408366523903088
0.001,0.01,35000,2.8490028490028492e-06,0.21409385986554086
0.001,0.01,35100,2.840909090909091e-06,0.21408479813764725
0.001,0.01,35200,2.8328611898017e-06,0.21407533675625354
0.001,0.01,35300,2.824858757062147e-06,0.21408341165683853
0.001,0.01,35400,2.8169014084507042e-06,0.21407395373041255
0.001,0.01,35500,2.808988764044944e-06,0.2140811440608109
0.001,0.01,35600,2.8011204481792718e-06,0.21407286765610414
0.001,0.01,35700,2.793296089385475e-06,0.2140963982826663
0.001,0.01,35800,2.785515320334262e-06,0.21404023689563015
0.001,0.01,35900,2.777777777777778e-06,0.21403847304284945
0.001,0.01,36000,2.7700831024930747e-06,0.2140471586115519
0.001,0.01,36100,2.7624309392265196e-06,0.21403808264106672
0.001,0.01,36200,2.7548209366391185e-06,0.21402481661647765
0.001,0.01,36300,2.747252747252747e-06,0.21409228736101352
0.001,0.01,36400,2.7397260273972604e-06,0.21401888530389346
0.001,0.01,36500,2.73224043715847e-06,0.21400902610433128
0.001,0.01,36600,2.7247956403269755e-06,0.21399555554617145
0.001,0.01,36700,2.7173913043478263e-06,0.21431533729016655
0.001,0.01,36800,2.7100271002710026e-06,0.21407900549219028
0.001,0.01,36900,2.7027027027027026e-06,0.21399879575391306
0.001,0.01,37000,2.6954177897574123e-06,0.21409543530049924
0.001,0.01,37100,2.688172043010753e-06,0.21400185268346603
0.001,0.01,37200,2.680965147453083e-06,0.21418072914096387
0.001,0.01,37300,2.6737967914438504e-06,0.21399704412753928
0.001,0.01,37400,2.666666666666667e-06,0.2144202760792567
0.001,0.01,37500,2.6595744680851065e-06,0.21396128622892485
0.001,0.01,37600,2.6525198938992043e-06,0.2139659088879582
0.001,0.01,37700,2.6455026455026455e-06,0.21395413149454906
0.001,0.01,37800,2.6385224274406333e-06,0.21395166769033613
0.001,0.01,37900,2.631578947368421e-06,0.2140671788100573
0.001,0.01,38000,2.6246719160104988e-06,0.21423306140705894
0.001,0.01,38100,2.6178010471204187e-06,0.21394502133158386
0.001,0.01,38200,2.6109660574412534e-06,0.2139308284637417
0.001,0.01,38300,2.6041666666666666e-06,0.2139631994048394
0.001,0.01,38400,2.5974025974025976e-06,0.21394520662558636
0.001,0.01,38500,2.5906735751295338e-06,0.21394480524992252
0.001,0.01,38600,2.583979328165375e-06,0.21394251350351157
0.001,0.01,38700,2.577319587628866e-06,0.21392763642365004
0.001,0.01,38800,2.570694087403599e-06,0.2139269820950548
0.001,0.01,38900,2.564102564102564e-06,0.21511419199590764
0.001,0.01,39000,2.5575447570332483e-06,0.21392952405149768
0.001,0.01,39100,2.5510204081632653e-06,0.21630377156808903
0.001,0.01,39200,2.5445292620865143e-06,0.2139153700049371
0.001,0.01,39300,2.5380710659898476e-06,0.2139200585529262
0.001,0.01,39400,2.531645569620253e-06,0.2139240510897213
0.001,0.01,39500,2.5252525252525253e-06,0.2139019253222295
0.001,0.01,39600,2.5188916876574307e-06,0.21390749336608778
0.001,0.01,39700,2.512562814070352e-06,0.213881767242262
0.001,0.01,39800,2.506265664160401e-06,0.2141063483181591
0.001,0.01,39900,2.5e-06,0.21387889823255707
0.001,0.01,40000,2.4937655860349126e-06,0.21387900439317892
0.001,0.01,40100,2.4875621890547264e-06,0.21472345210459043
0.001,0.01,40200,2.481389578163772e-06,0.21394113052172603
0.001,0.01,40300,2.4752475247524753e-06,0.21389012893500767
0.001,0.01,40400,2.469135802469136e-06,0.2142930261076775
0.001,0.01,40500,2.463054187192118e-06,0.2139254452311939
0.001,0.01,40600,2.457002457002457e-06,0.2143629532345337
0.001,0.01,40700,2.450980392156863e-06,0.21384696132793773
0.001,0.01,40800,2.4449877750611246e-06,0.21384134043529507
0.001,0.01,40900,2.4390243902439023e-06,0.21389858200998588
0.001,0.01,41000,2.4330900243309005e-06,0.2138495313765425
0.001,0.01,41100,2.4271844660194174e-06,0.2138946342602975
0.001,0.01,41200,2.421307506053269e-06,0.21381930608807137
0.001,0.01,41300,2.4154589371980677e-06,0.21606412352127213
0.001,0.01,41400,2.4096385542168676e-06,0.2138307749751772
0.001,0.01,41500,2.403846153846154e-06,0.2138316725381526
0.001,0.01,41600,2.3980815347721824e-06,0.21402871320510447
0.001,0.01,41700,2.3923444976076554e-06,0.21394962648414045
0.001,0.01,41800,2.386634844868735e-06,0.21381949774041265
0.001,0.01,41900,2.380952380952381e-06,0.21380576771366022
0.001,0.01,42000,2.375296912114014e-06,0.21441609284380478
0.001,0.01,42100,2.3696682464454976e-06,0.21380322949446579
0.001,0.01,42200,2.364066193853428e-06,0.21382947081149595
0.001,0.01,42300,2.358490566037736e-06,0.2138061319576574
0.001,0.01,42400,2.3529411764705885e-06,0.2138353695557614
0.001,0.01,42500,2.3474178403755868e-06,0.2138087682737515
0.001,0.01,42600,2.34192037470726e-06,0.21379305597579817
0.001,0.01,42700,2.3364485981308413e-06,0.2140258341447228
0.001,0.01,42800,2.331002331002331e-06,0.21377912994839754
0.001,0.01,42900,2.325581395348837e-06,0.21376830820607237
0.001,0.01,43000,2.320185614849188e-06,0.21377964637358926
0.001,0.01,43100,2.3148148148148148e-06,0.21377624323235345
0.001,0.01,43200,2.3094688221709006e-06,0.21399578300631295
0.001,0.01,43300,2.304147465437788e-06,0.21402984089049465
0.001,0.01,43400,2.2988505747126437e-06,0.2137478393507452
0.001,0.01,43500,2.2935779816513764e-06,0.21375828698200727
0.001,0.01,43600,2.288329519450801e-06,0.21374683529953736
0.001,0.01,43700,2.2831050228310503e-06,0.21375243911137748
0.001,0.01,43800,2.2779043280182233e-06,0.2143699651948789
0.001,0.01,43900,2.2727272727272728e-06,0.21374148345825023
0.001,0.01,44000,2.2675736961451247e-06,0.21374822095982524
0.001,0.01,44100,2.2624434389140273e-06,0.2138128601272425
0.001,0.01,44200,2.2573363431151243e-06,0.21373818260299085
0.001,0.01,44300,2.2522522522522524e-06,0.21392514684820926
0.001,0.01,44400,2.247191011235955e-06,0.21372034738705029
0.001,0.01,44500,2.242152466367713e-06,0.21372410891182503
0.001,0.01,44600,2.237136465324385e-06,0.21370971045398943
0.001,0.01,44700,2.2321428571428573e-06,0.21372130065067796
0.001,0.01,44800,2.2271714922048998e-06,0.213725066520877
0.001,0.01,44900,2.222222222222222e-06,0.21378024414408645
0.001,0.01,45000,2.2172949002217296e-06,0.2137130907373886
0.001,0.01,45100,2.2123893805309734e-06,0.21372522603906263
0.001,0.01,45200,2.207505518763797e-06,0.2137237641079639
0.001,0.01,45300,2.2026431718061673e-06,0.2136965017924299
0.001,0.01,45400,2.197802197802198e-06,0.214208709727608
0.001,0.01,45500,2.1929824561403507e-06,0.21388966249523075
0.001,0.01,45600,2.188183807439825e-06,0.2136971068904168
0.001,0.01,45700,2.1834061135371177e-06,0.21369586828203901
0.001,0.01,45800,2.1786492374727668e-06,0.21367065981678363
0.001,0.01,45900,2.173913043478261e-06,0.21369972684420716
0.001,0.01,46000,2.1691973969631237e-06,0.21367321876529552
0.001,0.01,46100,2.1645021645021648e-06,0.21368284904628285
0.001,0.01,46200,2.159827213822894e-06,0.21367381474777272
0.001,0.01,46300,2.1551724137931035e-06,0.21366517003821894
0.001,0.01,46400,2.1505376344086023e-06,0.21369557266879377
0.001,0.01,46500,2.1459227467811158e-06,0.2137522444721815
0.001,0.01,46600,2.1413276231263384e-06,0.21400253196392865
0.001,0.01,46700,2.136752136752137e-06,0.21369004766566219
0.001,0.01,46800,2.132196162046908e-06,0.21365584339362304
0.001,0.01,46900,2.1276595744680853e-06,0.21364595193731378
0.001,0.01,47000,2.1231422505307858e-06,0.21365866945563902
0.001,0.01,47100,2.11864406779661e-06,0.21369143135016605
0.001,0.01,47200,2.114164904862579e-06,0.21363784740910366
0.001,0.01,47300,2.109704641350211e-06,0.2136554056435782
0.001,0.01,47400,2.105263157894737e-06,0.21366619342357593
0.001,0.01,47500,2.100840336134454e-06,0.21393362972294977
0.001,0.01,47600,2.0964360587002096e-06,0.21362159497606986
0.001,0.01,47700,2.092050209205021e-06,0.2136093516690064
0.001,0.01,47800,2.0876826722338207e-06,0.21369894722791874
0.001,0.01,47900,2.0833333333333334e-06,0.21361457107529874
0.001,0.01,48000,2.079002079002079e-06,0.21362442442199714
0.001,0.01,48100,2.074688796680498e-06,0.21368075665200714
0.001,0.01,48200,2.070393374741201e-06,0.21361132342594596
0.001,0.01,48300,2.066115702479339e-06,0.21363186862335037
0.001,0.01,48400,2.061855670103093e-06,0.21359493184981565
0.001,0.01,48500,2.05761316872428e-06,0.21360451689311502
0.001,0.01,48600,2.053388090349076e-06,0.21360631999683688
0.001,0.01,48700,2.0491803278688526e-06,0.21375225576708845
0.001,0.01,48800,2.044989775051125e-06,0.21364284851847518
0.001,0.01,48900,2.040816326530612e-06,0.21358407268612142
0.001,0.01,49000,2.0366598778004075e-06,0.21360339211184434
0.001,0.01,49100,2.0325203252032523e-06,0.21358011987992134
0.001,0.01,49200,2.028397565922921e-06,0.21356254022157434
0.001,0.01,49300,2.0242914979757085e-06,0.21360251893298104
0.001,0.01,49400,2.02020202020202e-06,0.21391606220346296
0.001,0.01,49500,2.0161290322580646e-06,0.21358932791098528
0.001,0.01,49600,2.012072434607646e-06,0.21356344082873754
0.001,0.01,49700,2.0080321285140564e-06,0.21373061563362986
0.001,0.01,49800,2.004008016032064e-06,0.21355716435862798
0.001,0.01,49900,2e-06,0.21357003049053042
0.001,0.01,49987,1.9965260446822527e-06,0.21354251607058342
0.001,0.01,49999,1.9960478253058943e-06,0.2138928747812935
0.005,0.0,0,0.005,8.700000000000001
0.005,0.0,100,0.005,1.505116895557545
0.005,0.0,200,0.005,0.716459230113013
0.005,0.0,300,0.005,0.740211756365866
0.005,0.0,400,0.005,0.7817100150262888
0.005,0.0,500,0.005,0.9920144762233205
0.005,0.0,600,0.005,4.626006830088475
0.005,0.0,700,0.005,0.6774044066034124
0.005,0.0,800,0.005,0.6944869835484396
0.005,0.0,900,0.005,2.039819239400571
0.005,0.0,1000,0.005,2.1595856661660378
0.005,0.0,1100,0.005,1.115130670667939
0.005,0.0,1200,0.005,3.979496004609934
0.005,0.0,1300,0.005,4.7356147022579425
0.005,0.0,1400,0.005,7.805141486094286
0.005,0.0,1500,0.005,3.708286142397358
0.005,0.0,1600,0.005,2.153697366503854
0.005,0.0,1700,0.005,0.8962903808269636
0.005,0.0,1800,0.005,1.1944826999214087
0.005,0.0,1900,0.005,0.8317247683743776
0.005,0.0,2000,0.005,0.8651431425506309
0.005,0.0,2100,0.005,1.0283036679760191
0.005,0.0,2200,0.005,0.8322110716585793
0.005,0.0,2300,0.005,4.830852311114834
0.005,0.0,2400,0.005,8.304473486341935
0.005,0.0,2500,0.005,0.8608482923039622
0.005,0.0,2600,0.005,0.9032553647062894
0.005,0.0,2700,0.005,0.5991494291937035
0.005,0.0,2800,0.005,0.7880355688965299
0.005,0.0,2900,0.005,0.7441627134459982
0.005,0.0,3000,0.005,0.7975520651062284
0.005,0.0,3100,0.005,0.7436776660923081
0.005,0.0,3200,0.005,0.7426944106325418
0.005,0.0,3300,0.005,3.605979116090542
0.005,0.0,3400,0.005,0.8268770866539292
0.005,0.0,3500,0.005,3.891627506494671
0.005,0.0,3600,0.005,3.4668774509712716
0.005,0.0,3700,0.005,0.7157110326654881
0.005,0.0,3800,0.005,1.737762965786493
0.005,0.0,3900,0.005,1.0864977339297144
0.005,0.0,4000,0.005,0.8402239848738854
0.005,0.0,4100,0.005,0.766488864983762
0.005,0.0,4200,0.005,1.195001492967449
0.005,0.0,4300,0.005,0.8724674026476409
0.005,0.0,4400,0.005,0.8848193603746651
0.005,0.0,4500,0.005,0.8627531085876864
0.005,0.0,4600,0.005,1.0241093429026795
0.005,0.0,4700,0.005,0.9362093062151452
0.005,0.0,4800,0.005,0.6866975726258894
0.005,0.0,4900,0.005,0.7513706497773288
0.005,0.0,5000,0.005,1.3375413582238702
0.005,0.0,5100,0.005,0.6386903395338961
0.005,0.0,5200,0.005,0.7884189581550737
0.005,0.0,5300,0.005,0.6822803939623582
0.005,0.0,5400,0.005,4.364587880423219
0.005,0.0,5500,0.005,8.610539248853687
0.005,0.0,5600,0.005,0.7234601469628137
0.005,0.0,5700,0.005,0.7317354165367104
0.005,0.0,5800,0.005,1.0585523907762615
0.005,0.0,5900,0.005,0.6293621352606689
0.005,0.0,6000,0.005,1.5170364593187096
0.005,0.0,6100,0.005,0.8101190092070909
0.005,0.0,6200,0.005,0.8211386790272319
0.005,0.0,6300,0.005,0.8037473977251247
0.005,0.0,6400,0.005,0.971888991611921
0.005,0.0,6500,0.005,0.8280202456332829
0.005,0.0,6600,0.005,0.8245613737041594
0.005,0.0,6700,0.005,8.860449234071547
0.005,0.0,6800,0.005,4.08589205728203
0.005,0.0,6900,0.005,0.9471423187438517
0.005,0.0,7000,0.005,0.9638510171452094
0.005,0.0,7100,0.005,0.7979161660287118
0.005,0.0,7200,0.005,0.8210745695106996
0.005,0.0,7300,0.005,5.924339586818553
0.005,0.0,7400,0.005,2.3332470635225677
0.005,0.0,7500,0.005,0.6082984546343524
0.005,0.0,7600,0.005,6.568620351301339
0.005,0.0,7700,0.005,5.463316681843587
0.005,0.0,7800,0.005,0.8717304256055374
0.005,0.0,7900,0.005,0.7198738712961561
0.005,0.0,8000,0.005,0.7337948721443642
0.005,0.0,8100,0.005,0.8349816509696409
0.005,0.0,8200,0.005,0.7027765702193753
0.005,0.0,8300,0.005,0.9714169083561054
0.005,0.0,8400,0.005,0.6568793214255262
0.005,0.0,8500,0.005,0.6939007752129098
0.005,0.0,8600,0.005,0.6610120015187696
0.005,0.0,8700,0.005,0.867187738499755
0.005,0.0,8800,0.005,0.7519990395767395
0.005,0.0,8900,0.005,0.8477083049432287
0.005,0.0,9000,0.005,0.7156276437578766
0.005,0.0,9100,0.005,0.7725385673390947
0.005,0.0,9200,0.005,0.8607525180148587
0.005,0.0,9300,0.005,0.8821914329208524
0.005,0.0,9400,0.005,0.8238763245813618
0.005,0.0,9500,0.005,0.7613808698235798
0.005,0.0,9600,0.005,0.8469943439412266
0.005,0.0,9700,0.005,6.244750098106141
0.005,0.0,9800,0.005,0.8519918806223306
0.005,0.0,9900,0.005,0.8648484662813816
0.005,0.0,10000,0.005,0.8479628583352835
0.005,0.0,10100,0.005,0.8150406686186163
0.005,0.0,10200,0.005,3.816487060936625
0.005,0.0,10300,0.005,0.7421265646183047
0.005,0.0,10400,0.005,0.7704889396448289
0.005,0.0,10500,0.005,0.6994824824004426
0.005,0.0,10600,0.005,1.7301795039862549
0.005,0.0,10700,0.005,0.7099207670622193
0.005,0.0,10800,0.005,0.9561464372137591
0.005,0.0,10900,0.005,0.8275186438056351
0.005,0.0,11000,0.005,0.7647231719062959
0.005,0.0,11100,0.005,8.094945338068532
0.005,0.0,11200,0.005,0.9058918771826013
0.005,0.0,11300,0.005,0.656039962041021
0.005,0.0,11400,0.005,0.8184292327554858
0.005,0.0,11500,0.005,1.872409165822921
0.005,0.0,11600,0.005,4.1721822448925225
0.005,0.0,11700,0.005,0.9280357059061272
0.005,0.0,11800,0.005,0.7918174289544981
0.005,0.0,11900,0.005,0.852116084809285
0.005,0.0,12000,0.005,0.8680258616865137
0.005,0.0,12100,0.005,1.080316866755572
0.005,0.0,12200,0.005,0.9730426354934163
0.005,0.0,12300,0.005,3.2159787847182075
0.005,0.0,12400,0.005,0.7937062875047983
0.005,0.0,12500,0.005,1.030090372182821
0.005,0.0,12600,0.005,3.5061811283850726
0.005,0.0,12700,0.005,3.782653971399446
0.005,0.0,12800,0.005,4.489967798515954
0.005,0.0,12900,0.005,0.7872137704199
0.005,0.0,13000,0.005,0.7137899324055541
0.005,0.0,13100,0.005,0.7551132239772234
0.005,0.0,13200,0.005,0.7576074929319949
0.005,0.0,13300,0.005,4.123073185254437
0.005,0.0,13400,0.005,0.8985296076732052
0.005,0.0,13500,0.005,6.7686710292016
0.005,0.0,13600,0.005,6.547501812866141
0.005,0.0,13700,0.005,7.843299843044592
0.005,0.0,13800,0.005,3.600801717431267
0.005,0.0,13900,0.005,0.5968766662401612
0.005,0.0,14000,0.005,0.6954121589477189
0.005,0.0,14100,0.005,0.9409907450302566
0.005,0.0,14200,0.005,0.886902791857275
0.005,0.0,14300,0.005,0.7107645438122638
0.005,0.0,14400,0.005,0.6823200232270804
0.005,0.0,14500,0.005,3.6975760922762033
0.005,0.0,14600,0.005,3.008078832693856
0.005,0.0,14700,0.005,1.217980066191977
0.005,0.0,14800,0.005,0.7918344997603515
0.005,0.0,14899,0.005,0.5233982905237589
0.005,0.0,14900,0.005,0.6786227409933557
0.005,0.0,15000,0.005,0.9532083609969499
0.005,0.0,15100,0.005,0.8303994733280142
0.005,0.0,15200,0.005,0.7403201946883557
0.005,0.0,15300,0.005,0.858978085077293
0.005,0.0,15400,0.005,1.1050622014478297
0.005,0.0,15500,0.005,0.8803630959784039
0.005,0.0,15600,0.005,0.9739967911920164
0.005,0.0,15700,0.005,4.814289021748872
0.005,0.0,15800,0.005,6.733865997837372
0.005,0.0,15900,0.005,6.66454706599393
0.005,0.0,16000,0.005,8.999919603185866
0.005,0.0,16100,0.005,0.8367047834724421
0.005,0.0,16200,0.005,0.8426419500123818
0.005,0.0,16300,0.005,0.7980865590450147
0.005,0.0,16400,0.005,0.9187403872774875
0.005,0.0,16500,0.005,1.1098666287618546
0.005,0.0,16600,0.005,0.8936869262948773
0.005,0.0,16700,0.005,0.7375418166265012
0.005,0.0,16800,0.005,0.8587000710559556
0.005,0.0,16900,0.005,0.6883165755089384
0.005,0.0,17000,0.005,0.7561747158661
0.005,0.0,17100,0.005,0.7063191335411103
0.005,0.0,17200,0.005,0.6419905575312116
0.005,0.0,17300,0.005,6.622609046648425
0.005,0.0,17400,0.005,0.8159797597222107
0.005,0.0,17500,0.005,0.8433907710603512
0.005,0.0,17600,0.005,0.7864596807656553
0.005,0.0,17700,0.005,4.088430922215126
0.005,0.0,17800,0.005,3.3476152933360828
0.005,0.0,17900,0.005,0.8587217638349239
0.005,0.0,18000,0.005,2.253423186257055
0.005,0.0,18100,0.005,0.7445431826916541
0.005,0.0,18200,0.005,2.543097499971662
0.005,0.0,18300,0.005,0.9763276757918765
0.005,0.0,18400,0.005,5.960644131906365
0.005,0.0,18500,0.005,0.9241321953431542
0.005,0.0,18600,0.005,5.417056622190258
0.005,0.0,18700,0.005,3.95616867236572
0.005,0.0,18800,0.005,0.7953915603830223
0.005,0.0,18900,0.005,0.7688506385560465
0.005,0.0,19000,0.005,0.7029142014029678
0.005,0.0,19100,0.005,0.7406959345869655
0.005,0.0,19200,0.005,0.691183607137249
0.005,0.0,19300,0.005,0.6737981811420612
0.005,0.0,19400,0.005,1.1362393525651808
0.005,0.0,19500,0.005,8.187956150290725
0.005,0.0,19600,0.005,0.9436949347679404
0.005,0.0,19700,0.005,0.924562657907318
0.005,0.0,19800,0.005,0.9035979916442332
0.005,0.0,19900,0.005,1.1696135606744662
0.005,0.0,20000,0.005,0.9029565596333823
0.005,0.0,20100,0.005,0.8410676206908193
0.005,0.0,20200,0.005,0.6465933354105554
0.005,0.0,20300,0.005,4.448553602746638
0.005,0.0,20400,0.005,0.8143965875069435
0.005,0.0,20500,0.005,0.7765328777292938
0.005,0.0,20600,0.005,0.7596259420585516
0.005,0.0,20700,0.005,0.6750161826091587
0.005,0.0,20800,0.005,0.6117193368763894
0.005,0.0,20900,0.005,1.0723791610247986
0.005,0.0,21000,0.005,0.9259651648769962
0.005,0.0,21100,0.005,0.8569239968785481
0.005,0.0,21200,0.005,2.877726655162477
0.005,0.0,21300,0.005,0.9214972205031989
0.005,0.0,21400,0.005,0.8298084259636533
0.005,0.0,21500,0.005,0.8374971769590597
0.005,0.0,21600,0.005,0.7376834872505842
0.005,0.0,21700,0.005,1.0142373710767552
0.005,0.0,21800,0.005,0.7739796120467943
0.005,0.0,21900,0.005,0.8755708700930457
0.005,0.0,22000,0.005,0.9470130217562567
0.005,0.0,22100,0.005,0.8204882682943336
0.005,0.0,22200,0.005,0.5921516056788703
0.005,0.0,22300,0.005,0.7644049458593443
0.005,0.0,22400,0.005,0.8136825969357944
0.005,0.0,22500,0.005,0.7077852095711152
0.005,0.0,22600,0.005,0.7875058974364314
0.005,0.0,22700,0.005,0.7018864289908715
0.005,0.0,22800,0.005,0.7257964338562733
0.005,0.0,22900,0.005,0.7137470022914991
0.005,0.0,23000,0.005,0.9720508957634526
0.005,0.0,23100,0.005,0.8240199884611694
0.005,0.0,23200,0.005,0.8048889149785012
0.005,0.0,23300,0.005,0.8521201972389402
0.005,0.0,23400,0.005,0.8765064352085499
0.005,0.0,23500,0.005,0.8105983610198053
0.005,0.0,23600,0.005,0.818485624499927
0.005,0.0,23700,0.005,0.7603762312980675
0.005,0.0,23800,0.005,5.048798486908491
0.005,0.0,23900,0.005,3.72900899966545
0.005,0.0,24000,0.005,0.9141123279955866
0.005,0.0,24100,0.005,0.8705410620306566
0.005,0.0,24200,0.005,0.8245838269239034
0.005,0.0,24300,0.005,0.7961088389440558
0.005,0.0,24400,0.005,5.963019735061385
0.005,0.0,24500,0.005,1.0923665762708816
0.005,0.0,24600,0.005,0.9871121038441736
0.005,0.0,24700,0.005,2.4845803420363843
0.005,0.0,24800,0.005,7.967332997799912
0.005,0.0,24900,0.005,8.67164640534972
0.005,0.0,25000,0.005,0.8551003511167051
0.005,0.0,25100,0.005,0.8643701508235824
0.005,0.0,25200,0.005,0.9142841478176124
0.005,0.0,25300,0.005,0.7468106311057124
0.005,0.0,25400,0.005,0.7599502041495049
0.005,0.0,25500,0.005,0.8045109860792533
0.005,0.0,25600,0.005,0.818860489975465
0.005,0.0,25700,0.005,3.3796083791150804
0.005,0.0,25800,0.005,0.631604782541894
0.005,0.0,25900,0.005,0.8926074021407555
0.005,0.0,26000,0.005,0.696566105780702
0.005,0.0,26100,0.005,0.7336440687123058
0.005,0.0,26200,0.005,0.7904017984559998
0.005,0.0,26300,0.005,0.6195767738678997
0.005,0.0,26400,0.005,5.935069522877463
0.005,0.0,26500,0.005,5.222781551595965
0.005,0.0,26600,0.005,0.8506123705274953
0.005,0.0,26700,0.005,0.7390211219212892
0.005,0.0,26800,0.005,0.9830237488212821
0.005,0.0,26900,0.005,0.8142591493275171
0.005,0.0,27000,0.005,0.8028043495018817
0.005,0.0,27100,0.005,6.925532021202498
0.005,0.0,27200,0.005,4.30091184235225
0.005,0.0,27300,0.005,8.607000932742451
0.005,0.0,27400,0.005,1.1273908827553192
0.005,0.0,27500,0.005,0.880706508676574
0.005,0.0,27600,0.005,0.7556295002359694
0.005,0.0,27700,0.005,0.8147695541452842
0.005,0.0,27800,0.005,0.8734375304135548
0.005,0.0,27900,0.005,0.8559035195831222
0.005,0.0,28000,0.005,0.7294000856037507
0.005,0.0,28100,0.005,0.6377917384288214
0.005,0.0,28200,0.005,0.9248278957783721
0.005,0.0,28300,0.005,0.6378356182334413
0.005,0.0,28400,0.005,2.60098448434897
0.005,0.0,28500,0.005,0.834773135448617
0.005,0.0,28600,0.005,0.8471074581293345
0.005,0.0,28700,0.005,0.7889895697101746
0.005,0.0,28800,0.005,0.7272492162265797
0.005,0.0,28900,0.005,0.7517124471543263
0.005,0.0,29000,0.005,0.9258578946346386
0.005,0.0,29100,0.005,1.2002604418056808
0.005,0.0,29200,0.005,0.6742290567075163
0.005,0.0,29300,0.005,0.8392550322685666
0.005,0.0,29400,0.005,0.7861353905721119
0.005,0.0,29500,0.005,9.460285294671301
0.005,0.0,29600,0.005,0.8735141428889193
0.005,0.0,29700,0.005,0.8300120835298239
0.005,0.0,29800,0.005,0.6978965942769724
0.005,0.0,29900,0.005,0.9753576211288539
0.005,0.0,30000,0.005,0.6264049286947981
0.005,0.0,30100,0.005,0.8468607489365158
0.005,0.0,30200,0.005,6.1680157977651415
0.005,0.0,30300,0.005,0.9448649366025492
0.005,0.0,30400,0.005,3.6077857580157398
0.005,0.0,30500,0.005,0.8420115024825924
0.005,0.0,30600,0.005,0.7767235316249745
0.005,0.0,30700,0.005,0.7444417028398229
0.005,0.0,30800,0.005,0.8167214871866673
0.005,0.0,30900,0.005,0.809671967220548
0.005,0.0,31000,0.005,0.6785187364657502
0.005,0.0,31100,0.005,0.6267130908765104
0.005,0.0,31200,0.005,6.497338773722744
0.005,0.0,31300,0.005,1.2049469127143206
0.005,0.0,31400,0.005,0.7142179076246613
0.005,0.0,31500,0.005,0.7920092993645538
0.005,0.0,31600,0.005,2.960738905015681
0.005,0.0,31700,0.005,4.353808803709793
0.005,0.0,31800,0.005,0.8386015811818062
0.005,0.0,31900,0.005,0.9045505679671659
0.005,0.0,32000,0.005,1.1588088783987485
0.005,0.0,32100,0.005,0.8878106087905695
0.005,0.0,32200,0.005,0.7766530006552632
0.005,0.0,32300,0.005,0.9419616143771289
0.005,0.0,32400,0.005,0.8255548701394395
0.005,0.0,32500,0.005,1.1372562127579324
0.005,0.0,32600,0.005,2.4502488382314014
0.005,0.0,32700,0.005,1.293767869422477
0.005,0.0,32800,0.005,1.6836606391126825
0.005,0.0,32900,0.005,0.8486401828701501
0.005,0.0,33000,0.005,0.8777808330937892
0.005,0.0,33100,0.005,0.9175700884236747
0.005,0.0,33200,0.005,0.8599305804674258
0.005,0.0,33300,0.005,1.2599338813333998
0.005,0.0,33400,0.005,5.576243832089599
0.005,0.0,33500,0.005,0.6751526665790447
0.005,0.0,33600,0.005,0.7334337025314845
0.005,0.0,33700,0.005,8.271196891054705
0.005,0.0,33800,0.005,8.241690936593539
0.005,0.0,33900,0.005,1.516870507518572
0.005,0.0,34000,0.005,0.8618325451665275
0.005,0.0,34100,0.005,0.8126265110539144
0.005,0.0,34200,0.005,0.6851271091178853
0.005,0.0,34300,0.005,0.7595851905374277
0.005,0.0,34400,0.005,2.1305269319863065
0.005,0.0,34500,0.005,0.6046314320846498
0.005,0.0,34600,0.005,0.6960667668462079
0.005,0.0,34700,0.005,0.9441800036638717
0.005,0.0,34800,0.005,0.7773069023607251
0.005,0.0,34900,0.005,2.864052221540322
0.005,0.0,35000,0.005,0.9498536031993889
0.005,0.0,35100,0.005,0.6963148489936002
0.005,0.0,35200,0.005,0.8263336530167402
0.005,0.0,35300,0.005,0.8106263873575652
0.005,0.0,35400,0.005,0.788826271633737
0.005,0.0,35500,0.005,0.7391795327305527
0.005,0.0,35600,0.005,8.927581155665974
0.005,0.0,35700,0.005,1.734343089515444
0.005,0.0,35800,0.005,0.9076746446519075
0.005,0.0,35900,0.005,0.886218712208581
0.005,0.0,36000,0.005,0.8765696017528739
0.005,0.0,36100,0.005,0.835914313995427
0.005,0.0,36200,0.005,0.8703080185827723
0.005,0.0,36300,0.005,0.7375905282564634
0.005,0.0,36400,0.005,0.7765154782802847
0.005,0.0,36500,0.005,0.6437639665653536
0.005,0.0,36600,0.005,0.9618818305776726
0.005,0.0,36700,0.005,0.788913764764435
0.005,0.0,36800,0.005,0.7783937504144571
0.005,0.0,36900,0.005,0.7952139187549252
0.005,0.0,37000,0.005,0.7185604934074368
0.005,0.0,37100,0.005,0.8174046784502501
0.005,0.0,37200,0.005,0.7950862162500453
0.005,0.0,37300,0.005,0.635650354353629
0.005,0.0,37400,0.005,0.8198564937809447
0.005,0.0,37500,0.005,0.7399621646238088
0.005,0.0,37600,0.005,9.825676754988255
0.005,0.0,37700,0.005,0.8532998223296371
0.005,0.0,37800,0.005,0.7997128544521137
0.005,0.0,37900,0.005,0.8506519040437371
0.005,0.0,38000,0.005,0.8286042374091677
0.005,0.0,38100,0.005,0.8627911413375617
0.005,0.0,38200,0.005,0.7185419645431006
0.005,0.0,38300,0.005,0.8714313671162448
0.005,0.0,38400,0.005,1.5538425581132724
0.005,0.0,38500,0.005,0.8998249909647202
0.005,0.0,38600,0.005,4.487847591816091
0.005,0.0,38700,0.005,2.990411117682298
0.005,0.0,38800,0.005,0.8453583089092
0.005,0.0,38900,0.005,0.8305281295402983
0.005,0.0,39000,0.005,2.649340949694789
0.005,0.0,39100,0.005,0.7640332490743321
0.005,0.0,39200,0.005,0.9061359844693866
0.005,0.0,39300,0.005,0.823985805332838
0.005,0.0,39400,0.005,0.7889454195112474
0.005,0.0,39500,0.005,0.8182513719371777
0.005,0.0,39600,0.005,0.743761268211884
0.005,0.0,39700,0.005,0.85569929452412
0.005,0.0,39800,0.005,0.7426352147510269
0.005,0.0,39900,0.005,0.9045663554467522
0.005,0.0,40000,0.005,0.7508421272393424
0.005,0.0,40100,0.005,5.533475586413689
0.005,0.0,40200,0.005,1.0854674143667635
0.005,0.0,40300,0.005,0.8005964722012126
0.005,0.0,40400,0.005,6.463889725840547
0.005,0.0,40500,0.005,0.9226347925612405
0.005,0.0,40600,0.005,0.7871740416720954
0.005,0.0,40700,0.005,0.7562902128822959
0.005,0.0,40800,0.005,0.7044310316312664
0.005,0.0,40900,0.005,0.8241871451015566
0.005,0.0,41000,0.005,0.7265724452396292
0.005,0.0,41100,0.005,4.227825808211401
0.005,0.0,41200,0.005,0.6638642119684839
0.005,0.0,41300,0.005,7.630549218453299
0.005,0.0,41400,0.005,1.113568499990205
0.005,0.0,41500,0.005,0.9008339625089413
0.005,0.0,41600,0.005,4.854670197850083
0.005,0.0,41700,0.005,0.9155542092612425
0.005,0.0,41800,0.005,2.8406386640671344
0.005,0.0,41900,0.005,0.9756942448943732
0.005,0.0,42000,0.005,1.4763728065587802
0.005,0.0,42100,0.005,0.8864108844921899
0.005,0.0,42200,0.005,0.7450115495701686
0.005,0.0,42300,0.005,0.8627373477618804
0.005,0.0,42400,0.005,0.7162417789842392
0.005,0.0,42500,0.005,9.282732188964351
0.005,0.0,42600,0.005,6.825741402551568
0.005,0.0,42700,0.005,1.019581208226035
0.005,0.0,42800,0.005,3.5523244184217906
0.005,0.0,42900,0.005,7.418849281747804
0.005,0.0,43000,0.005,1.0994874717820182
0.005,0.0,43100,0.005,1.1647926606920502
0.005,0.0,43200,0.005,0.7482512030455238
0.005,0.0,43300,0.005,0.7997185440517244
0.005,0.0,43400,0.005,0.7731641013608825
0.005,0.0,43500,0.005,0.8006973282833855
0.005,0.0,43600,0.005,2.7635243957084716
0.005,0.0,43700,0.005,1.0044763092331166
0.005,0.0,43800,0.005,5.051417528716965
0.005,0.0,43900,0.005,7.1544135581551505
0.005,0.0,44000,0.005,0.834189182505883
0.005,0.0,44100,0.005,0.9956778902542973
0.005,0.0,44200,0.005,0.7758777973318668
0.005,0.0,44300,0.005,0.8052215208285278
0.005,0.0,44400,0.005,3.0674591214261158
0.005,0.0,44500,0.005,0.9688123734144081
0.005,0.0,44600,0.005,0.6311675381457498
0.005,0.0,44700,0.005,1.160277251996086
0.005,0.0,44800,0.005,0.9248075079571206
0.005,0.0,44900,0.005,0.9505664736307529
0.005,0.0,45000,0.005,0.7419380480070111
0.005,0.0,45100,0.005,0.9442521938269686
0.005,0.0,45200,0.005,0.8694560490978483
0.005,0.0,45300,0.005,0.7581651476844253
0.005,0.0,45400,0.005,0.671496508550488
0.005,0.0,45500,0.005,0.89066541430144
0.005,0.0,45600,0.005,1.0627475416728056
0.005,0.0,45700,0.005,8.11457146098392
0.005,0.0,45800,0.005,0.7970606680505031
0.005,0.0,45900,0.005,0.8571528747865499
0.005,0.0,46000,0.005,0.89170124841552
0.005,0.0,46100,0.005,0.7074818161337774
0.005,0.0,46200,0.005,1.4724888002320164
0.005,0.0,46300,0.005,0.7769390438223569
0.005,0.0,46400,0.005,7.786635040915191
0.005,0.0,46500,0.005,8.445706137722532
0.005,0.0,46600,0.005,1.5021226597038746
0.005,0.0,46700,0.005,0.7515040513357331
0.005,0.0,46800,0.005,0.6874051596777958
0.005,0.0,46900,0.005,6.945048590151296
0.005,0.0,47000,0.005,6.032167991946563
0.005,0.0,47100,0.005,3.82226273818444
0.005,0.0,47200,0.005,0.7755523058188063
0.005,0.0,47300,0.005,0.7896089976020991
0.005,0.0,47400,0.005,0.7921435536659196
0.005,0.0,47500,0.005,0.9048744395739738
0.005,0.0,47600,0.005,0.9552848581208578
0.005,0.0,47700,0.005,0.7860913445359473
0.005,0.0,47800,0.005,0.770020634382297
0.005,0.0,47900,0.005,0.9085215537663585
0.005,0.0,48000,0.005,1.1480015818660823
0.005,0.0,48100,0.005,0.7214916742810076
0.005,0.0,48200,0.005,0.7335219103426369
0.005,0.0,48300,0.005,0.7668802742371471
0.005,0.0,48400,0.005,0.7385110811415144
0.005,0.0,48500,0.005,0.9749717924867145
0.005,0.0,48600,0.005,0.6091069783116326
0.005,0.0,48700,0.005,3.8172464491912947
0.005,0.0,48800,0.005,1.0429806398735058
0.005,0.0,48900,0.005,0.6514511936361327
0.005,0.0,49000,0.005,0.7587058257317036
0.005,0.0,49100,0.005,2.295941659982721
0.005,0.0,49200,0.005,8.121487080391512
0.005,0.0,49300,0.005,0.890922283490559
0.005,0.0,49400,0.005,0.6039849023277865
0.005,0.0,49500,0.005,0.7437164936309407
0.005,0.0,49600,0.005,0.7020452206987529
0.005,0.0,49700,0.005,0.7392925491823643
0.005,0.0,49800,0.005,0.7399190772012317
0.005,0.0,49900,0.005,0.7151556872796048
0.005,0.0,49999,0.005,0.9228883474530043
0.005,0.0001,0,0.005,8.700000000000001
0.005,0.0001,100,0.0049504950495049506,0.8812109084509754
0.005,0.0001,200,0.004901960784313725,1.046945443532681
0.005,0.0001,300,0.0048543689320388345,0.6718100662453084
0.005,0.0001,400,0.004807692307692308,0.7182595870240508
0.005,0.0001,500,0.0047619047619047615,0.7990715138796026
0.005,0.0001,600,0.0047169811320754715,0.7509835426508144
0.005,0.0001,700,0.004672897196261682,0.6915333832572417
0.005,0.0001,800,0.004629629629629629,1.9203920774087075
0.005,0.0001,900,0.004587155963302752,0.6725383360089638
0.005,0.0001,1000,0.004545454545454545,5.564910656073721
0.005,0.0001,1100,0.0045045045045045045,3.1104772143512998
0.005,0.0001,1200,0.004464285714285714,0.6051180256240157
0.005,0.0001,1300,0.004424778761061948,2.859667496965304
0.005,0.0001,1400,0.0043859649122807015,2.978067497781824
0.005,0.0001,1500,0.004347826086956522,0.6698844302139508
0.005,0.0001,1600,0.004310344827586208,0.5819114886645889
0.005,0.0001,1700,0.004273504273504274,0.6588060665709776
0.005,0.0001,1800,0.00423728813559322,0.8582089125114448
0.005,0.0001,1900,0.004201680672268908,0.6227992703087248
0.005,0.0001,2000,0.004166666666666667,0.6889420232150865
0.005,0.0001,2100,0.004132231404958678,0.6444934072895951
0.005,0.0001,2200,0.004098360655737705,0.6467230553623597
0.005,0.0001,2300,0.0040650406504065045,0.7042311233602946
0.005,0.0001,2400,0.004032258064516129,0.6230746505935929
0.005,0.0001,2500,0.004,0.6391622935789922
0.005,0.0001,2600,0.003968253968253968,0.7650079736086943
0.005,0.0001,2700,0.003937007874015748,0.6671894313925801
0.005,0.0001,2800,0.00390625,0.6956223529386161
0.005,0.0001,2900,0.003875968992248062,0.799907843395478
0.005,0.0001,3000,0.003846153846153846,1.3284877551835126
0.005,0.0001,3100,0.003816793893129771,0.5713703312557106
0.005,0.0001,3200,0.003787878787878788,0.5306271364427071
0.005,0.0001,3300,0.0037593984962406013,0.6544652729786367
0.005,0.0001,3400,0.0037313432835820895,3.7556533802918817
0.005,0.0001,3500,0.0037037037037037034,0.5274484780363635
0.005,0.0001,3600,0.003676470588235294,0.4900213786793648
0.005,0.0001,3700,0.0036496350364963502,3.145315398802915
0.005,0.0001,3800,0.003623188405797102,0.653805894118347
0.005,0.0001,3900,0.003597122302158273,1.371751265301606
0.005,0.0001,4000,0.0035714285714285718,0.6237018649880165
0.005,0.0001,4100,0.0035460992907801418,0.573352287946086
0.005,0.0001,4200,0.0035211267605633804,0.5574941386542214
0.005,0.0001,4300,0.003496503496503497,0.5005623825008966
0.005,0.0001,4400,0.0034722222222222225,0.4632397460424848
0.005,0.0001,4500,0.003448275862068966,0.5446562509245811
0.005,0.0001,4600,0.0034246575342465756,0.5476782446136477
0.005,0.0001,4700,0.0034013605442176874,0.5626078756441463
0.005,0.0001,4800,0.0033783783783783786,0.48879208769105
0.005,0.0001,4900,0.003355704697986577,0.531905949292172
0.005,0.0001,5000,0.0033333333333333335,0.5200431406178295
0.005,0.0001,5100,0.0033112582781456954,2.4852423329757327
0.005,0.0001,5200,0.003289473684210526,0.6043741442821262
0.005,0.0001,5300,0.0032679738562091504,0.5548781277929069
0.005,0.0001,5400,0.0032467532467532465,0.5222212561892395
0.005,0.0001,5500,0.0032258064516129032,0.5809953996414028
0.005,0.0001,5600,0.003205128205128205,0.5473251000145594
0.005,0.0001,5700,0.003184713375796178,0.49428200224233987
0.005,0.0001,5800,0.0031645569620253164,0.42535121258979935
0.005,0.0001,5900,0.003144654088050314,0.5985767391661454
0.005,0.0001,6000,0.0031249999999999997,2.9774109009105985
0.005,0.0001,6100,0.0031055900621118015,0.46326683298297416
0.005,0.0001,6200,0.0030864197530864196,0.47877003848487387
0.005,0.0001,6300,0.003067484662576687,3.7273961794830313
0.005,0.0001,6400,0.0030487804878048777,0.5541901308809851
0.005,0.0001,6500,0.0030303030303030307,0.44809566675011414
0.005,0.0001,6600,0.003012048192771084,0.45856127819905945
0.005,0.0001,6700,0.0029940119760479044,0.45652113001235295
0.005,0.0001,6800,0.002976190476190476,0.5241422334266446
0.005,0.0001,6900,0.002958579881656805,3.1532280217354636
0.005,0.0001,7000,0.0029411764705882353,0.6088893217714524
0.005,0.0001,7100,0.0029239766081871348,0.45381011738749266
0.005,0.0001,7200,0.002906976744186046,0.5027040245268319
0.005,0.0001,7300,0.0028901734104046246,0.8245786673304345
0.005,0.0001,7400,0.0028735632183908046,0.45858381718548435
0.005,0.0001,7500,0.002857142857142857,0.5011491355203515
0.005,0.0001,7600,0.002840909090909091,0.5237156428759239
0.005,0.0001,7700,0.002824858757062147,0.4516879086173883
0.005,0.0001,7800,0.0028089887640449437,0.5767720520005061
0.005,0.0001,7900,0.002793296089385475,0.5030068661033523
0.005,0.0001,8000,0.002777777777777778,0.4428104378907891
0.005,0.0001,8100,0.0027624309392265192,2.844177116105209
0.005,0.0001,8200,0.002747252747252747,2.4560761599506375
0.005,0.0001,8300,0.00273224043715847,0.46296893040427917
0.005,0.0001,8400,0.002717391304347826,0.6225663673765707
0.005,0.0001,8500,0.0027027027027027024,0.5024773269917082
0.005,0.0001,8600,0.002688172043010753,0.436064528078578
0.005,0.0001,8700,0.00267379679144385,3.328687598866383
0.005,0.0001,8800,0.0026595744680851068,0.5096244146122146
0.005,0.0001,8900,0.0026455026455026454,0.41460853068383974
0.005,0.0001,9000,0.0026315789473684214,0.47340295477471434
0.005,0.0001,9100,0.0026178010471204186,0.43338336743599737
0.005,0.0001,9200,0.002604166666666667,0.4287380419383151
0.005,0.0001,9300,0.0025906735751295333,0.46864597023024973
0.005,0.0001,9400,0.002577319587628866,1.8144825497697974
0.005,0.0001,9500,0.002564102564102564,0.47802535574262206
0.005,0.0001,9600,0.0025510204081632655,2.6041413781494187
0.005,0.0001,9700,0.0025380710659898475,0.4753854264013342
0.005,0.0001,9800,0.0025252525252525255,0.4117961201855128
0.005,0.0001,9900,0.0025125628140703514,0.46420849453913093
0.005,0.0001,10000,0.0025,0.3836707423854733
0.005,0.0001,10100,0.0024875621890547268,1.2598431547755893
0.005,0.0001,10200,0.0024752475247524753,0.4120094336772946
0.005,0.0001,10300,0.002463054187192118,0.5168057050343641
0.005,0.0001,10400,0.0024509803921568627,0.45844562126986244
0.005,0.0001,10500,0.002439024390243903,0.4154650797996621
0.005,0.0001,10600,0.0024271844660194173,0.36278500590855717
0.005,0.0001,10700,0.0024154589371980675,0.43178785143197396
0.005,0.0001,10800,0.002403846153846154,0.3878333335141474
0.005,0.0001,10900,0.002392344497607656,4.15445207789759
0.005,0.0001,11000,0.0023809523809523807,0.47078311880539586
0.005,0.0001,11100,0.0023696682464454974,0.41138039746584254
0.005,0.0001,11200,0.0023584905660377358,0.4371640412784354
0.005,0.0001,11300,0.002347417840375587,0.3797633224623217
0.005,0.0001,11400,0.002336448598130841,0.41517011359718553
0.005,0.0001,11500,0.0023255813953488367,0.4278752325478687
0.005,0.0001,11600,0.0023148148148148147,0.4038790903280832
0.005,0.0001,11700,0.002304147465437788,0.4216169672161368
0.005,0.0001,11800,0.002293577981651376,0.4184065110073557
0.005,0.0001,11900,0.0022831050228310505,0.38350486525648225
0.005,0.0001,12000,0.0022727272727272726,0.4172399964554565
0.005,0.0001,12100,0.0022624434389140274,0.4124020108283704
0.005,0.0001,12200,0.0022522522522522527,0.40248553849172136
0.005,0.0001,12300,0.002242152466367713,0.4396062678034442
0.005,0.0001,12400,0.002232142857142857,0.38738871008934106
0.005,0.0001,12500,0.0022222222222222222,0.43517334986603295
0.005,0.0001,12600,0.002212389380530974,0.43027434574372114
0.005,0.0001,12700,0.0022026431718061676,0.6778020698706333
0.005,0.0001,12800,0.0021929824561403508,0.4212359458828141
0.005,0.0001,12900,0.002183406113537118,0.4393191970159948
0.005,0.0001,13000,0.002173913043478261,0.43256584658153824
0.005,0.0001,13100,0.0021645021645021645,0.4258866082510185
0.005,0.0001,13200,0.0021551724137931034,0.42162518803673926
0.005,0.0001,13300,0.002145922746781116,0.4318363597333748
0.005,0.0001,13400,0.002136752136752137,0.39348996222480354
0.005,0.0001,13500,0.002127659574468085,0.40628413725870316
0.005,0.0001,13600,0.0021186440677966097,2.579922483186212
0.005,0.0001,13700,0.002109704641350211,0.42669921024195706
0.005,0.0001,13800,0.002100840336134454,0.805884641210368
0.005,0.0001,13900,0.0020920502092050207,1.623945225596373
0.005,0.0001,14000,0.002083333333333333,0.4222224463234321
0.005,0.0001,14100,0.002074688796680498,0.3699209556718692
0.005,0.0001,14200,0.002066115702479339,0.38837815701309
0.005,0.0001,14300,0.0020576131687242796,0.3659253398570665
0.005,0.0001,14400,0.002049180327868852,0.3860948915408128
0.005,0.0001,14500,0.002040816326530612,0.4186882310978589
0.005,0.0001,14600,0.0020325203252032522,0.3701744560571847
0.005,0.0001,14700,0.002024291497975709,0.4160273371169357
0.005,0.0001,14800,0.0020161290322580645,0.36543342366033993
0.005,0.0001,14900,0.002008032128514056,0.3753304718399756
0.005,0.0001,15000,0.002,0.39055116206061913
0.005,0.0001,15100,0.0019920318725099606,0.41563630559578824
0.005,0.0001,15200,0.001984126984126984,0.5543323093781174
0.005,0.0001,15300,0.001976284584980237,0.44302760208071434
0.005,0.0001,15400,0.001968503937007874,0.3655520743392495
0.005,0.0001,15500,0.00196078431372549,0.39686604655334234
0.005,0.0001,15600,0.001953125,0.616683780742294
0.005,0.0001,15700,0.0019455252918287936,0.40860273920053647
0.005,0.0001,15800,0.001937984496124031,0.38748712283431264
0.005,0.0001,15900,0.0019305019305019305,0.3471065597761083
0.005,0.0001,16000,0.001923076923076923,0.36631392559504805
0.005,0.0001,16100,0.0019157088122605363,0.3828476987900159
0.005,0.0001,16200,0.0019083969465648854,0.3780931119913908
0.005,0.0001,16300,0.0019011406844106466,1.666300829151223
0.005,0.0001,16400,0.001893939393939394,0.6042395192847365
0.005,0.0001,16500,0.0018867924528301885,0.4472053098230797
0.005,0.0001,16600,0.0018796992481203006,0.4660519622353913
0.005,0.0001,16700,0.0018726591760299626,0.5556799291377044
0.005,0.0001,16800,0.0018656716417910447,0.36608248382407216
0.005,0.0001,16900,0.0018587360594795536,0.3422484402835764
0.005,0.0001,17000,0.0018518518518518517,0.36727056593565066
0.005,0.0001,17100,0.001845018450184502,0.3891061187836071
0.005,0.0001,17200,0.0018382352941176473,0.38256248875491455
0.005,0.0001,17300,0.0018315018315018315,0.3501894349968614
0.005,0.0001,17400,0.0018248175182481751,0.32038921816052895
0.005,0.0001,17500,0.0018181818181818182,0.36354824484610193
0.005,0.0001,17600,0.001811594202898551,1.1909506119486606
0.005,0.0001,17700,0.0018050541516245488,0.3594440050097835
0.005,0.0001,17800,0.0017985611510791366,0.3767457926341904
0.005,0.0001,17900,0.0017921146953405018,0.42141094881109353
0.005,0.0001,18000,0.0017857142857142859,0.3339171830630765
0.005,0.0001,18100,0.0017793594306049821,0.3672804387011998
0.005,0.0001,18200,0.0017730496453900709,0.40296699991151536
0.005,0.0001,18300,0.0017667844522968198,0.43930917555963456
0.005,0.0001,18400,0.0017605633802816902,0.3750241549834723
0.005,0.0001,18500,0.0017543859649122807,0.34803047037260637
0.005,0.0001,18600,0.001748251748251748,2.4294279277720676
0.005,0.0001,18700,0.0017421602787456446,0.34400142016448676
0.005,0.0001,18800,0.0017361111111111112,0.38709750234910517
0.005,0.0001,18900,0.0017301038062283738,0.33895020333629905
0.005,0.0001,19000,0.0017241379310344825,0.40333086852041394
0.005,0.0001,19100,0.001718213058419244,1.1887427840758487
0.005,0.0001,19200,0.0017123287671232878,0.45691834001677095
0.005,0.0001,19300,0.0017064846416382253,0.3641392543266291
0.005,0.0001,19400,0.0017006802721088433,0.33719804005355314
0.005,0.0001,19500,0.001694915254237288,0.36410567790725634
0.005,0.0001,19600,0.0016891891891891893,0.48921414164965793
0.005,0.0001,19700,0.0016835016835016834,1.4342946206698959
0.005,0.0001,19800,0.0016778523489932883,0.34984505778607733
0.005,0.0001,19900,0.0016722408026755853,0.32197929144147386
0.005,0.0001,20000,0.0016666666666666668,0.34362544252092053
0.005,0.0001,20100,0.0016611295681063121,0.38645109319729304
0.005,0.0001,20200,0.0016556291390728477,0.3289328556329224
0.005,0.0001,20300,0.00165016501650165,0.35189949678075716
0.005,0.0001,20400,0.001644736842105263,0.3217470309574844
0.005,0.0001,20500,0.001639344262295082,1.2413729047514104
0.005,0.0001,20600,0.0016339869281045752,0.3919016136888003
0.005,0.0001,20700,0.0016286644951140064,0.33067980557139554
0.005,0.0001,20800,0.0016233766233766233,0.34411120908338405
0.005,0.0001,20900,0.0016181229773462782,2.4329549806964734
0.005,0.0001,21000,0.0016129032258064516,0.33197250934292444
0.005,0.0001,21100,0.0016077170418006429,0.37234873682107406
0.005,0.0001,21200,0.0016025641025641025,0.34154944261420145
0.005,0.0001,21300,0.0015974440894568692,0.36514579412391635
0.005,0.0001,21400,0.001592356687898089,0.3372433759237748
0.005,0.0001,21500,0.0015873015873015873,0.3489338161817802
0.005,0.0001,21600,0.0015822784810126582,0.31652419502324536
0.005,0.0001,21700,0.001577287066246057,0.3394481231229917
0.005,0.0001,21800,0.001572327044025157,0.31217528401091676
0.005,0.0001,21900,0.0015673981191222572,1.092745636680373
0.005,0.0001,22000,0.0015624999999999999,0.3258815101730065
0.005,0.0001,22100,0.001557632398753894,0.34978623543237186
0.005,0.0001,22200,0.0015527950310559005,0.325253088040349
0.005,0.0001,22300,0.0015479876160990713,0.497906056239633
0.005,0.0001,22400,0.0015432098765432098,0.31896757529424796
0.005,0.0001,22500,0.0015384615384615385,1.3506792243853796
0.005,0.0001,22600,0.0015337423312883434,0.48617116760586854
0.005,0.0001,22700,0.0015290519877675841,1.722238896996405
0.005,0.0001,22800,0.0015243902439024389,0.33596082719363507
0.005,0.0001,22900,0.001519756838905775,1.2941809857851705
0.005,0.0001,23000,0.0015151515151515152,0.33254547384637406
0.005,0.0001,23100,0.0015105740181268882,0.3187350910338449
0.005,0.0001,23200,0.001506024096385542,0.5275466719688869
0.005,0.0001,23300,0.0015015015015015015,0.32646602829920884
0.005,0.0001,23400,0.001497005988023952,1.1878588865760156
0.005,0.0001,23500,0.0014925373134328358,0.31954293090237695
0.005,0.0001,23600,0.001488095238095238,1.209039476917493
0.005,0.0001,23700,0.001483679525222552,0.33477309252744347
0.005,0.0001,23800,0.0014792899408284025,0.30513636428311475
0.005,0.0001,23900,0.0014749262536873156,0.4528630857309942
0.005,0.0001,24000,0.0014705882352941176,0.3269603853342776
0.005,0.0001,24100,0.001466275659824047,0.332697991098634
0.005,0.0001,24200,0.0014619883040935674,0.31419652905987233
0.005,0.0001,24300,0.0014577259475218659,0.3434568578877819
0.005,0.0001,24400,0.0014534883720930232,0.3603104806109193
0.005,0.0001,24500,0.0014492753623188406,0.31824781451599204
0.005,0.0001,24600,0.0014450867052023123,2.0182286854677254
0.005,0.0001,24700,0.001440922190201729,1.4400894936088227
0.005,0.0001,24800,0.0014367816091954023,0.32103481405768497
0.005,0.0001,24900,0.0014326647564469914,1.9995761404985037
0.005,0.0001,25000,0.0014285714285714286,0.3322968335931079
0.005,0.0001,25100,0.0014245014245014244,0.5589952636765307
0.005,0.0001,25200,0.0014204545454545455,1.7109225520309694
0.005,0.0001,25300,0.0014164305949008497,0.3158714565255959
0.005,0.0001,25400,0.0014124293785310734,0.3310825781959692
0.005,0.0001,25500,0.001408450704225352,0.31667038435686373
0.005,0.0001,25600,0.0014044943820224719,0.30929317011670987
0.005,0.0001,25700,0.0014005602240896359,0.3240816779980763
0.005,0.0001,25800,0.0013966480446927375,1.9825702344880387
0.005,0.0001,25900,0.001392757660167131,0.3134728399589655
0.005,0.0001,26000,0.001388888888888889,0.6334913638593807
0.005,0.0001,26100,0.0013850415512465374,0.31896092399265963
0.005,0.0001,26200,0.0013812154696132596,0.3344010170001862
0.005,0.0001,26300,0.001377410468319559,0.32419178814397426
0.005,0.0001,26400,0.0013736263736263735,1.2077944549366966
0.005,0.0001,26500,0.0013698630136986301,0.31824345068723253
0.005,0.0001,26600,0.001366120218579235,0.3471337189813541
0.005,0.0001,26700,0.0013623978201634877,0.3258969432451823
0.005,0.0001,26800,0.001358695652173913,0.3074089816351855
0.005,0.0001,26900,0.0013550135501355014,0.32730643533899484
0.005,0.0001,27000,0.0013513513513513512,0.36014044978964427
0.005,0.0001,27100,0.0013477088948787063,0.3176014342377945
0.005,0.0001,27200,0.0013440860215053762,0.5719147163361917
0.005,0.0001,27300,0.0013404825737265416,0.3991167606436377
0.005,0.0001,27400,0.001336898395721925,0.5605361427422808
0.005,0.0001,27500,0.0013333333333333333,0.326127555084133
0.005,0.0001,27600,0.0013297872340425532,0.30050429330569584
0.005,0.0001,27700,0.001326259946949602,0.3188976353004676
0.005,0.0001,27800,0.0013227513227513227,0.3305466297066656
0.005,0.0001,27900,0.0013192612137203166,0.3234386852002181
0.005,0.0001,28000,0.0013157894736842105,0.3291727481882567
0.005,0.0001,28100,0.0013123359580052493,0.3108578874730805
0.005,0.0001,28200,0.0013089005235602093,0.2921881735260719
0.005,0.0001,28300,0.0013054830287206266,0.31030835960777264
0.005,0.0001,28400,0.0013020833333333333,0.32514581245623286
0.005,0.0001,28500,0.0012987012987012987,0.3152162701715906
0.005,0.0001,28600,0.0012953367875647667,0.6678507014066426
0.005,0.0001,28700,0.0012919896640826874,0.39555565368575174
0.005,0.0001,28800,0.001288659793814433,0.3151916670381468
0.005,0.0001,28900,0.0012853470437017994,0.4037807639454581
0.005,0.0001,29000,0.001282051282051282,0.3234528602048606
0.005,0.0001,29100,0.001278772378516624,0.3022036694009964
0.005,0.0001,29200,0.0012755102040816328,0.3192122338666087
0.005,0.0001,29300,0.0012722646310432569,0.7135403257046757
0.005,0.0001,29400,0.001269035532994924,0.3123893394079372
0.005,0.0001,29500,0.0012658227848101266,1.918941243573623
0.005,0.0001,29600,0.0012626262626262627,0.30644899676187576
0.005,0.0001,29700,0.0012594458438287153,0.2982276432030899
0.005,0.0001,29800,0.001256281407035176,0.3127658589944463
0.005,0.0001,29900,0.0012531328320802004,0.3393481294313305
0.005,0.0001,30000,0.00125,0.3013591525199415
0.005,0.0001,30100,0.0012468827930174565,0.310469370676835
0.005,0.0001,30200,0.0012437810945273634,0.2988915432902677
0.005,0.0001,30300,0.0012406947890818859,0.3117618605266741
0.005,0.0001,30400,0.0012376237623762376,0.3474464337810283
0.005,0.0001,30500,0.0012345679012345677,1.0592181927262625
0.005,0.0001,30600,0.001231527093596059,0.281384071602621
0.005,0.0001,30700,0.0012285012285012285,0.3039684302938539
0.005,0.0001,30800,0.0012254901960784314,0.3166244064953679
0.005,0.0001,30900,0.0012224938875305623,0.2856329196794707
0.005,0.0001,31000,0.0012195121951219514,0.31216402547515615
0.005,0.0001,31100,0.0012165450121654502,0.3255012077102977
0.005,0.0001,31200,0.0012135922330097086,0.31025874239932005
0.005,0.0001,31300,0.0012106537530266342,0.3113288322373931
0.005,0.0001,31400,0.0012077294685990338,1.3007979056648247
0.005,0.0001,31500,0.0012048192771084336,0.35173142126337237
0.005,0.0001,31600,0.001201923076923077,0.3128473322240355
0.005,0.0001,31700,0.0011990407673860913,1.5431008045109478
0.005,0.0001,31800,0.001196172248803828,0.3009446925957391
0.005,0.0001,31900,0.0011933174224343678,0.28582785097386276
0.005,0.0001,32000,0.0011904761904761904,0.31024407415912264
0.005,0.0001,32100,0.0011876484560570072,0.3224779582718674
0.005,0.0001,32200,0.0011848341232227487,0.2983575337897288
0.005,0.0001,32300,0.001182033096926714,0.2905472355855132
0.005,0.0001,32400,0.0011792452830188679,0.3050820428815808
0.005,0.0001,32500,0.0011764705882352942,0.3846457697627109
0.005,0.0001,32600,0.0011737089201877935,0.3040784682851127
0.005,0.0001,32700,0.0011709601873536302,0.3164181057184068
0.005,0.0001,32800,0.0011682242990654205,0.29857472532038853
0.005,0.0001,32900,0.0011655011655011655,0.2809596614459794
0.005,0.0001,33000,0.0011627906976744184,0.2943354060336913
0.005,0.0001,33100,0.001160092807424594,0.3320423423336791
0.005,0.0001,33200,0.0011574074074074073,0.2887226629973543
0.005,0.0001,33300,0.0011547344110854503,0.3023085105480183
0.005,0.0001,33400,0.001152073732718894,0.37002744937141574
0.005,0.0001,33500,0.001149425287356322,0.31207369553298714
0.005,0.0001,33600,0.001146788990825688,0.31450372578927055
0.005,0.0001,33700,0.0011441647597254005,0.34959821219151643
0.005,0.0001,33800,0.0011415525114155248,0.29262299887359344
0.005,0.0001,33900,0.0011389521640091116,0.30080586624760475
0.005,0.0001,34000,0.0011363636363636363,0.2898335643316067
0.005,0.0001,34100,0.0011337868480725624,0.2976125520327555
0.005,0.0001,34200,0.0011312217194570137,0.3093015491242657
0.005,0.0001,34300,0.0011286681715575622,0.2968660578769948
0.005,0.0001,34400,0.0011261261261261263,0.31133708724018216
0.005,0.0001,34500,0.0011235955056179774,0.2953687528761838
0.005,0.0001,34600,0.0011210762331838565,0.7414879028067951
0.005,0.0001,34700,0.0011185682326621922,0.29314960644325266
0.005,0.0001,34800,0.0011160714285714285,0.2859015906792445
0.005,0.0001,34900,0.0011135857461024498,0.3055894815202663
0.005,0.0001,35000,0.0011111111111111111,0.2997053952563907
0.005,0.0001,35100,0.0011086474501108647,0.8062852672509999
0.005,0.0001,35200,0.001106194690265487,0.2857867197358461
0.005,0.0001,35300,0.0011037527593818985,1.8096901889924797
0.005,0.0001,35400,0.0011013215859030838,0.2837002900004474
0.005,0.0001,35500,0.0010989010989010987,0.301771497439923
0.005,0.0001,35600,0.0010964912280701754,0.3092394248733118
0.005,0.0001,35700,0.0010940919037199124,0.293302543761839
0.005,0.0001,35800,0.001091703056768559,0.39405848582631886
0.005,0.0001,35900,0.0010893246187363835,0.2885474629424891
0.005,0.0001,36000,0.0010869565217391304,0.2995647063593313
0.005,0.0001,36100,0.0010845986984815619,0.69691680795411
0.005,0.0001,36200,0.0010822510822510823,0.2953170422817969
0.005,0.0001,36300,0.001079913606911447,0.28437617679219895
0.005,0.0001,36400,0.0010775862068965517,0.2709695373315518
0.005,0.0001,36500,0.001075268817204301,0.29341318569792463
0.005,0.0001,36600,0.001072961373390558,0.9411170354447695
0.005,0.0001,36700,0.0010706638115631692,0.29099107886699543
0.005,0.0001,36800,0.0010683760683760685,0.6255167902419934
0.005,0.0001,36900,0.0010660980810234541,0.2876217758447302
0.005,0.0001,37000,0.0010638297872340426,0.3071151668603821
0.005,0.0001,37100,0.0010615711252653928,0.2924013715329677
0.005,0.0001,37200,0.0010593220338983049,0.2994277475913632
0.005,0.0001,37300,0.0010570824524312895,0.28379431910694086
0.005,0.0001,37400,0.0010548523206751054,0.2938513337691489
0.005,0.0001,37500,0.0010526315789473684,0.27469493891117536
0.005,0.0001,37600,0.001050420168067227,0.2847372949599096
0.005,0.0001,37700,0.0010482180293501049,0.2709269485165119
0.005,0.0001,37800,0.0010460251046025104,0.28601892214817815
0.005,0.0001,37900,0.0010438413361169103,0.29221614841933463
0.005,0.0001,38000,0.0010416666666666664,1.2243645173039173
0.005,0.0001,38100,0.0010395010395010393,0.3123904300902569
0.005,0.0001,38200,0.001037344398340249,1.0102948863280954
0.005,0.0001,38300,0.0010351966873706005,0.2924967550621139
0.005,0.0001,38400,0.0010330578512396695,0.5612496501166742
0.005,0.0001,38500,0.0010309278350515464,0.28505564567914404
0.005,0.0001,38600,0.0010288065843621398,1.6686504040521237
0.005,0.0001,38700,0.001026694045174538,0.2823713236689199
0.005,0.0001,38800,0.001024590163934426,0.3217849124147061
0.005,0.0001,38900,0.0010224948875255623,0.27998284228770637
0.005,0.0001,39000,0.001020408163265306,0.3018230296286394
0.005,0.0001,39100,0.0010183299389002036,0.28588965516990256
0.005,0.0001,39200,0.0010162601626016261,0.2996475647047455
0.005,0.0001,39300,0.0010141987829614604,0.7472428568371904
0.005,0.0001,39400,0.0010121457489878543,0.2821164689060258
0.005,0.0001,39500,0.00101010101010101,0.29434111129275725
0.005,0.0001,39600,0.001008064516129032,0.28341074880687434
0.005,0.0001,39700,0.0010060362173038228,0.2929954523495338
0.005,0.0001,39800,0.001004016064257028,0.37805968807887175
0.005,0.0001,39900,0.001002004008016032,0.28780382796998033
0.005,0.0001,40000,0.001,0.29713295796159234
0.005,0.0001,40100,0.0009980039920159682,0.2854011958407483
0.005,0.0001,40200,0.00099601593625498,0.3076387556583903
0.005,0.0001,40300,0.0009940357852882703,0.9810928467207916
0.005,0.0001,40400,0.000992063492063492,0.2845725869999179
0.005,0.0001,40500,0.0009900990099009901,0.2981806453384641
0.005,0.0001,40600,0.0009881422924901185,0.2854415848254445
0.005,0.0001,40700,0.0009861932938856016,0.39133602182299465
0.005,0.0001,40800,0.000984251968503937,0.2898697176756875
0.005,0.0001,40900,0.000982318271119843,0.2798381327684555
0.005,0.0001,41000,0.000980392156862745,0.2879369930485711
0.005,0.0001,41100,0.0009784735812133072,0.27335246350110076
0.005,0.0001,41200,0.0009765625,0.3014913318094564
0.005,0.0001,41300,0.0009746588693957116,0.28620718838266823
0.005,0.0001,41400,0.0009727626459143968,0.30258388004189485
0.005,0.0001,41500,0.000970873786407767,0.2855212540578128
0.005,0.0001,41600,0.0009689922480620155,0.27353657761576555
0.005,0.0001,41700,0.0009671179883945841,0.2827105562180883
0.005,0.0001,41800,0.0009652509652509652,0.46756550746348435
0.005,0.0001,41900,0.0009633911368015414,0.27999767400735076
0.005,0.0001,42000,0.0009615384615384615,0.2888873124747622
0.005,0.0001,42100,0.0009596928982725529,0.27314508125553444
0.005,0.0001,42200,0.0009578544061302681,0.2878980294701596
0.005,0.0001,42300,0.0009560229445506692,0.2720989524252313
0.005,0.0001,42400,0.0009541984732824427,0.2922626320935338
0.005,0.0001,42500,0.0009523809523809524,0.2680067677649162
0.005,0.0001,42600,0.0009505703422053233,0.28030243312080283
0.005,0.0001,42700,0.0009487666034155597,0.2880877193952518
0.005,0.0001,42800,0.000946969696969697,0.28194436397462214
0.005,0.0001,42900,0.000945179584120983,0.2922929910500214
0.005,0.0001,43000,0.0009433962264150943,0.2916882949418421
0.005,0.0001,43100,0.0009416195856873823,0.4432687616843113
0.005,0.0001,43200,0.0009398496240601503,0.27944923269591093
0.005,0.0001,43300,0.0009380863039399625,0.26949717656465894
0.005,0.0001,43400,0.0009363295880149813,0.28017594944457613
0.005,0.0001,43500,0.0009345794392523364,0.28856788277046336
0.005,0.0001,43600,0.0009328358208955224,0.2843727390233754
0.005,0.0001,43700,0.000931098696461825,0.28371520171890396
0.005,0.0001,43800,0.000929368029739777,0.27260871721480917
0.005,0.0001,43900,0.0009276437847866418,0.27610833393895007
0.005,0.0001,44000,0.0009259259259259259,0.2644802596603445
0.005,0.0001,44100,0.0009242144177449168,0.9954498966137681
0.005,0.0001,44200,0.000922509225092251,0.28318990492709856
0.005,0.0001,44300,0.0009208103130755064,0.2708149207876549
0.005,0.0001,44400,0.0009191176470588235,0.2765482106721792
0.005,0.0001,44500,0.0009174311926605504,0.2954774553888252
0.005,0.0001,44600,0.0009157509157509158,0.27768899261864366
0.005,0.0001,44700,0.0009140767824497257,0.28358296675538663
0.005,0.0001,44800,0.0009124087591240876,0.2765043660498198
0.005,0.0001,44900,0.0009107468123861566,1.3589574087915426
0.005,0.0001,45000,0.0009090909090909091,0.2728575191909464
0.005,0.0001,45100,0.0009074410163339384,0.4071405886211646
0.005,0.0001,45200,0.0009057971014492753,0.3007739915729373
0.005,0.0001,45300,0.0009041591320072332,0.27435328209292853
0.005,0.0001,45400,0.0009025270758122744,0.2836225809426117
0.005,0.0001,45500,0.0009009009009009009,0.27465332977823
0.005,0.0001,45600,0.0008992805755395683,0.2804498973146357
0.005,0.0001,45700,0.0008976660682226211,0.6393741589229354
0.005,0.0001,45800,0.0008960573476702509,0.27460242163868365
0.005,0.0001,45900,0.0008944543828264759,0.26560959982048327
0.005,0.0001,46000,0.0008928571428571428,0.2823197321269389
0.005,0.0001,46100,0.00089126559714795,0.848115775998665
0.005,0.0001,46200,0.0008896797153024911,0.27839909754420283
0.005,0.0001,46300,0.0008880994671403197,0.36646650851787343
0.005,0.0001,46400,0.0008865248226950354,0.27432178049452016
0.005,0.0001,46500,0.0008849557522123894,0.27393961252896026
0.005,0.0001,46600,0.0008833922261484099,0.27997936989848
0.005,0.0001,46700,0.0008818342151675486,0.5376436498021289
0.005,0.0001,46800,0.000880281690140845,0.2751488487095557
0.005,0.0001,46900,0.0008787346221441124,0.8548580485133976
0.005,0.0001,47000,0.0008771929824561404,0.2717066147964049
0.005,0.0001,47100,0.0008756567425569177,0.9186069261401348
0.005,0.0001,47200,0.000874125874125874,0.2708704373354284
0.005,0.0001,47300,0.0008726003490401395,0.26442477726815883
0.005,0.0001,47400,0.0008710801393728223,0.26929283988591224
0.005,0.0001,47500,0.0008695652173913044,0.27709025379903796
0.005,0.0001,47600,0.0008680555555555556,0.2854806164627078
0.005,0.0001,47700,0.0008665511265164644,0.27485577623772056
0.005,0.0001,47800,0.0008650519031141869,1.142124209050047
0.005,0.0001,47900,0.0008635578583765112,0.27204471360631177
0.005,0.0001,47948,0.0008628425484917512,0.2557826717825216
0.005,0.0001,48000,0.0008620689655172415,0.29671606363294856
0.005,0.0001,48100,0.0008605851979345954,0.26914075079012834
0.005,0.0001,48200,0.000859106529209622,0.27306343551612444
0.005,0.0001,48300,0.0008576329331046312,0.28056580620056804
0.005,0.0001,48400,0.0008561643835616439,0.3713845740805784
0.005,0.0001,48500,0.0008547008547008546,0.282491648565995
0.005,0.0001,48600,0.0008532423208191126,0.2851565510351554
0.005,0.0001,48700,0.0008517887563884157,0.2787265944794247
0.005,0.0001,48800,0.0008503401360544218,0.2656412522625391
0.005,0.0001,48900,0.0008488964346349745,0.2738527226287897
0.005,0.0001,49000,0.000847457627118644,0.28325142359650735
0.005,0.0001,49100,0.0008460236886632825,0.2735513814558201
0.005,0.0001,49200,0.0008445945945945946,0.2851886017346005
0.005,0.0001,49300,0.0008431703204047217,0.2695564101368353
0.005,0.0001,49400,0.0008417508417508417,0.7754766337205236
0.005,0.0001,49500,0.0008403361344537815,0.2672072352714997
0.005,0.0001,49600,0.0008389261744966443,0.27786796110556217
0.005,0.0001,49700,0.0008375209380234505,0.26854621626785213
0.005,0.0001,49800,0.0008361204013377926,0.28410080720300007
0.005,0.0001,49900,0.0008347245409015025,0.26824579992569697
0.005,0.0001,49999,0.0008333472224537076,0.27971974713556835
0.005,0.001,0,0.005,8.700000000000001
0.005,0.001,100,0.004545454545454545,0.8453645143655122
0.005,0.001,200,0.004166666666666667,0.6478141306224772
0.005,0.001,300,0.003846153846153846,0.7027150345929416
0.005,0.001,400,0.0035714285714285718,0.5320392742198576
0.005,0.001,500,0.0033333333333333335,0.5309401227739888
0.005,0.001,600,0.0031249999999999997,0.834668774323922
0.005,0.001,700,0.0029411764705882353,0.46207752392788765
0.005,0.001,800,0.002777777777777778,1.1500385688593617
0.005,0.001,900,0.0026315789473684214,0.5203321372692028
0.005,0.001,1000,0.0025,0.42827036891344095
0.005,0.001,1100,0.0023809523809523807,1.04071640790827
0.005,0.001,1200,0.0022727272727272726,0.39991983256601527
0.005,0.001,1300,0.002173913043478261,0.42074407008181613
0.005,0.001,1400,0.002083333333333333,0.4224437755015951
0.005,0.001,1500,0.002,3.0925247230224784
0.005,0.001,1600,0.001923076923076923,0.3624168518233505
0.005,0.001,1700,0.0018518518518518517,0.3738812299251259
0.005,0.001,1800,0.0017857142857142859,0.39429295666497
0.005,0.001,1900,0.0017241379310344825,0.3410257043932567
0.005,0.001,2000,0.0016666666666666668,0.35484972094582645
0.005,0.001,2100,0.0016129032258064516,0.3582608428719477
0.005,0.001,2200,0.0015624999999999999,0.3358721217427006
0.005,0.001,2300,0.0015151515151515152,0.36418714941834013
0.005,0.001,2400,0.0014705882352941176,0.3250095668419447
0.005,0.001,2500,0.0014285714285714286,0.33112403332393336
0.005,0.001,2600,0.001388888888888889,0.37527303901277037
0.005,0.001,2700,0.0013513513513513512,0.31301563248208353
0.005,0.001,2800,0.0013157894736842105,0.31522637349455074
0.005,0.001,2900,0.001282051282051282,0.31700880098508444
0.005,0.001,3000,0.00125,0.3371994545173853
0.005,0.001,3100,0.0012195121951219514,0.4996736935146456
0.005,0.001,3200,0.0011904761904761904,0.322684665976177
0.005,0.001,3300,0.0011627906976744184,0.31399573978819356
0.005,0.001,3400,0.0011363636363636363,0.31474998137366283
0.005,0.001,3500,0.0011111111111111111,0.2913658228397756
0.005,0.001,3600,0.0010869565217391304,0.29599385658950006
0.005,0.001,3700,0.0010638297872340426,1.4663261350873977
0.005,0.001,3800,0.0010416666666666664,0.28095361417888876
0.005,0.001,3900,0.001020408163265306,0.2929002093481147
0.005,0.001,4000,0.001,0.27592357010510593
0.005,0.001,4100,0.000980392156862745,0.6987433464774429
0.005,0.001,4200,0.0009615384615384615,0.2769350835135821
0.005,0.001,4300,0.0009433962264150943,0.28531058859630065
0.005,0.001,4400,0.0009259259259259259,0.2886440081586229
0.005,0.001,4500,0.0009090909090909091,0.2755635202404996
0.005,0.001,4600,0.0008928571428571428,0.2841741979486141
0.005,0.001,4700,0.0008771929824561404,0.2832353235605483
0.005,0.001,4800,0.0008620689655172415,0.2754520118296159
0.005,0.001,4900,0.000847457627118644,0.2675411373752682
0.005,0.001,5000,0.0008333333333333334,0.5400664377703174
0.005,0.001,5100,0.000819672131147541,0.2688001136806463
0.005,0.001,5200,0.0008064516129032258,0.28210887852511835
0.005,0.001,5300,0.0007936507936507937,0.27725944231531646
0.005,0.001,5400,0.0007812499999999999,0.27453981135738736
0.005,0.001,5500,0.0007692307692307692,0.3339580055549982
0.005,0.001,5600,0.0007575757575757576,0.3124821389547647
0.005,0.001,5700,0.0007462686567164179,0.2654837223568966
0.005,0.001,5800,0.0007352941176470588,0.2699375505494622
0.005,0.001,5900,0.0007246376811594203,0.26133679993933806
0.005,0.001,6000,0.0007142857142857143,0.2684919766314854
0.005,0.001,6100,0.000704225352112676,0.25697008704442154
0.005,0.001,6200,0.0006944444444444445,0.2777815579143218
0.005,0.001,6300,0.0006849315068493151,0.5856636013232221
0.005,0.001,6400,0.0006756756756756756,0.25130147881625253
0.005,0.001,6500,0.0006666666666666666,0.25698381236601886
0.005,0.001,6600,0.0006578947368421052,0.26343304339255186
0.005,0.001,6700,0.0006493506493506494,0.26098403349816274
0.005,0.001,6800,0.000641025641025641,0.25432453426852475
0.005,0.001,6900,0.0006329113924050633,0.4141693817422675
0.005,0.001,7000,0.000625,0.2825334063028815
0.005,0.001,7100,0.0006172839506172838,0.2572293654544302
0.005,0.001,7200,0.0006097560975609757,0.2507357416792922
0.005,0.001,7300,0.0006024096385542168,0.25434924796328406
0.005,0.001,7400,0.0005952380952380952,0.25630377151337486
0.005,0.001,7500,0.0005882352941176471,0.2510261243142228
0.005,0.001,7600,0.0005813953488372092,0.29369385083283045
0.005,0.001,7700,0.000574712643678161,0.2587591660354144
0.005,0.001,7800,0.0005681818181818182,0.24736307424145645
0.005,0.001,7900,0.0005617977528089887,0.2540488671233296
0.005,0.001,8000,0.0005555555555555556,0.24071942359801365
0.005,0.001,8100,0.0005494505494505495,0.2496250729453031
0.005,0.001,8200,0.0005434782608695652,0.2524649337906692
0.005,0.001,8300,0.0005376344086021505,0.2564526236035001
0.005,0.001,8400,0.0005319148936170213,0.2508826570971803
0.005,0.001,8500,0.0005263157894736842,0.25339822171089926
0.005,0.001,8600,0.0005208333333333333,0.24649878681151238
0.005,0.001,8700,0.0005154639175257731,0.24575241402717052
0.005,0.001,8800,0.000510204081632653,0.2467023322259843
0.005,0.001,8900,0.000505050505050505,0.2531449451747135
0.005,0.001,9000,0.0005,0.3783665836303521
0.005,0.001,9100,0.0004950495049504951,0.24601157401958465
0.005,0.001,9200,0.0004901960784313725,0.24858145036425064
0.005,0.001,9300,0.0004854368932038835,0.23891046381619402
0.005,0.001,9400,0.00048076923076923074,0.2572575156368374
0.005,0.001,9500,0.0004761904761904762,0.3935239210960015
0.005,0.001,9600,0.0004716981132075472,0.2420677951418098
0.005,0.001,9700,0.0004672897196261682,0.24028264409933622
0.005,0.001,9800,0.0004629629629629629,0.24538317850836888
0.005,0.001,9900,0.0004587155963302752,0.35519153547400073
0.005,0.001,10000,0.00045454545454545455,0.24195566686211065
0.005,0.001,10100,0.00045045045045045046,0.24027103037107683
0.005,0.001,10200,0.0004464285714285714,0.23860680785828958
0.005,0.001,10300,0.0004424778761061947,0.2481476844600997
0.005,0.001,10400,0.0004385964912280702,0.23914374395181334
0.005,0.001,10500,0.0004347826086956522,0.237419023078164
0.005,0.001,10600,0.00043103448275862074,0.24512350123096127
0.005,0.001,10700,0.0004273504273504273,0.2370984048867627
0.005,0.001,10800,0.000423728813559322,0.2372466187962255
0.005,0.001,10900,0.00042016806722689073,0.27843039606749204
0.005,0.001,11000,0.0004166666666666667,0.23521831286510356
0.005,0.001,11100,0.0004132231404958678,0.23896506667188472
0.005,0.001,11200,0.0004098360655737705,0.23850068358526078
0.005,0.001,11300,0.0004065040650406504,0.2351762525231091
0.005,0.001,11400,0.0004032258064516129,0.23502321394447384
0.005,0.001,11500,0.0004,0.24575307604694566
0.005,0.001,11600,0.0003968253968253968,0.6361650307340441
0.005,0.001,11700,0.0003937007874015748,0.2342318738908911
0.005,0.001,11800,0.00039062499999999997,0.24953902214446677
0.005,0.001,11900,0.0003875968992248062,0.23951652783696245
0.005,0.001,12000,0.0003846153846153846,0.2329634117080185
0.005,0.001,12100,0.0003816793893129771,0.24166729464802345
0.005,0.001,12200,0.0003787878787878788,0.30090698698491664
0.005,0.001,12300,0.0003759398496240601,0.234892199307605
0.005,0.001,12400,0.00037313432835820896,0.24432206613074284
0.005,0.001,12500,0.00037037037037037035,0.24541415862854077
0.005,0.001,12600,0.0003676470588235294,0.23829765911655182
0.005,0.001,12700,0.000364963503649635,0.2329133439725403
0.005,0.001,12800,0.00036231884057971015,0.23511425346836967
0.005,0.001,12900,0.00035971223021582735,0.23671664360309294
0.005,0.001,13000,0.00035714285714285714,0.24955744468199564
0.005,0.001,13100,0.0003546099290780142,0.2414273013046896
0.005,0.001,13200,0.000352112676056338,0.5533317865481621
0.005,0.001,13300,0.00034965034965034965,0.2310679353752498
0.005,0.001,13400,0.00034722222222222224,0.2352040188268687
0.005,0.001,13500,0.0003448275862068966,0.23527417135235365
0.005,0.001,13600,0.00034246575342465754,0.2463615206000987
0.005,0.001,13700,0.0003401360544217687,0.23468356598666465
0.005,0.001,13800,0.0003378378378378378,0.2327635385929215
0.005,0.001,13900,0.0003355704697986577,0.576870048289886
0.005,0.001,14000,0.0003333333333333333,0.23238031129718184
0.005,0.001,14100,0.00033112582781456954,0.2301286456418286
0.005,0.001,14200,0.0003289473684210526,0.23216422794618286
0.005,0.001,14300,0.000326797385620915,0.23496292522759163
0.005,0.001,14400,0.0003246753246753247,0.23214710323346938
0.005,0.001,14500,0.0003225806451612903,0.48612593154873485
0.005,0.001,14600,0.0003205128205128205,0.23122615480675612
0.005,0.001,14700,0.0003184713375796178,0.22874746020405162
0.005,0.001,14800,0.00031645569620253165,0.2307650484701414
0.005,0.001,14900,0.00031446540880503143,0.23033477086310936
0.005,0.001,15000,0.0003125,0.2287704038228198
0.005,0.001,15100,0.0003105590062111801,0.22906971386187291
0.005,0.001,15200,0.0003086419753086419,0.22958488461379994
0.005,0.001,15300,0.00030674846625766873,0.2314555604462566
0.005,0.001,15400,0.00030487804878048786,0.22853253935954088
0.005,0.001,15500,0.00030303030303030303,0.23084660309686122
0.005,0.001,15600,0.0003012048192771084,0.2374612262634629
0.005,0.001,15700,0.00029940119760479036,0.32323041999306934
0.005,0.001,15800,0.0002976190476190476,0.22834605867748875
0.005,0.001,15900,0.00029585798816568053,0.22906562945090658
0.005,0.001,16000,0.00029411764705882356,0.23148058347595155
0.005,0.001,16100,0.00029239766081871346,0.291397595469602
0.005,0.001,16200,0.00029069767441860465,0.24505776816116817
0.005,0.001,16300,0.00028901734104046245,0.23029412834146895
0.005,0.001,16400,0.0002873563218390805,0.31826584095921784
0.005,0.001,16500,0.00028571428571428574,0.22980724128098715
0.005,0.001,16600,0.0002840909090909091,0.23133657521054474
0.005,0.001,16700,0.0002824858757062147,0.2293581484991207
0.005,0.001,16800,0.00028089887640449435,0.22651995077554118
0.005,0.001,16900,0.0002793296089385475,0.22827331116921767
0.005,0.001,17000,0.0002777777777777778,0.22721395038167547
0.005,0.001,17100,0.0002762430939226519,0.22644998001331362
0.005,0.001,17200,0.0002747252747252747,0.2886259304546498
0.005,0.001,17300,0.000273224043715847,0.2265731902550544
0.005,0.001,17400,0.00027173913043478256,0.2287557950222111
0.005,0.001,17500,0.0002702702702702703,0.22645830585974772
0.005,0.001,17600,0.00026881720430107527,0.22596572366328235
0.005,0.001,17700,0.00026737967914438503,0.22894200532693
0.005,0.001,17800,0.00026595744680851064,0.2412616419219905
0.005,0.001,17900,0.0002645502645502645,0.22969015327754957
0.005,0.001,18000,0.0002631578947368421,0.22993115386837273
0.005,0.001,18100,0.00026178010471204186,0.22625495330358372
0.005,0.001,18200,0.00026041666666666666,0.22705388948132027
0.005,0.001,18300,0.00025906735751295336,0.22716866880633219
0.005,0.001,18400,0.00025773195876288655,0.22830525197738785
0.005,0.001,18500,0.0002564102564102564,0.2278925291777708
0.005,0.001,18600,0.0002551020408163265,0.22713329537622778
0.005,0.001,18700,0.0002538071065989848,0.22997247081747552
0.005,0.001,18800,0.0002525252525252525,0.2895184736957202
0.005,0.001,18900,0.00025125628140703515,0.27778710789521616
0.005,0.001,19000,0.00025,0.22570639443807355
0.005,0.001,19100,0.0002487562189054726,0.22523589961723806
0.005,0.001,19200,0.00024752475247524753,0.22904693774662657
0.005,0.001,19300,0.0002463054187192118,0.25262714456502805
0.005,0.001,19400,0.00024509803921568627,0.22410438599538685
0.005,0.001,19500,0.00024390243902439024,0.22564223202749664
0.005,0.001,19600,0.00024271844660194174,0.23289631230758218
0.005,0.001,19700,0.00024154589371980678,0.22541944220802898
0.005,0.001,19800,0.00024038461538461537,0.22411862148453257
0.005,0.001,19900,0.00023923444976076553,0.22953403867957448
0.005,0.001,20000,0.0002380952380952381,0.24277710454957818
0.005,0.001,20100,0.00023696682464454974,0.23094814091336902
0.005,0.001,20200,0.0002358490566037736,0.3241857319637888
0.005,0.001,20300,0.00023474178403755868,0.22396980360388055
0.005,0.001,20400,0.0002336448598130841,0.22634802700047482
0.005,0.001,20500,0.00023255813953488373,0.2251535702229807
0.005,0.001,20600,0.00023148148148148146,0.22339932842400112
0.005,0.001,20700,0.0002304147465437788,0.22390721866142343
0.005,0.001,20800,0.0002293577981651376,0.22871194280892862
0.005,0.001,20900,0.00022831050228310502,0.22651806773046268
0.005,0.001,21000,0.00022727272727272727,0.22451741157860142
0.005,0.001,21100,0.0002262443438914027,0.23115237831760552
0.005,0.001,21200,0.00022522522522522523,0.22372871287456023
0.005,0.001,21300,0.0002242152466367713,0.22420337176839256
0.005,0.001,21400,0.0002232142857142857,0.22562182812672882
0.005,0.001,21500,0.00022222222222222223,0.22542931896414464
0.005,0.001,21600,0.00022123893805309734,0.22353042424170805
0.005,0.001,21700,0.00022026431718061675,0.32265917489606477
0.005,0.001,21800,0.0002192982456140351,0.22945280742080992
0.005,0.001,21900,0.00021834061135371177,0.22298088799112142
0.005,0.001,22000,0.0002173913043478261,0.22400841289710857
0.005,0.001,22100,0.00021645021645021645,0.22251434033042644
0.005,0.001,22200,0.00021551724137931037,0.2222596690636093
0.005,0.001,22300,0.00021459227467811158,0.2211934634157474
0.005,0.001,22400,0.00021367521367521365,0.23987228961249077
0.005,0.001,22500,0.0002127659574468085,0.22271668287259874
0.005,0.001,22600,0.000211864406779661,0.2204019288813106
0.005,0.001,22700,0.0002109704641350211,0.23200293062377358
0.005,0.001,22800,0.00021008403361344536,0.22300153386999977
0.005,0.001,22900,0.00020920502092050208,0.2271920259492664
0.005,0.001,23000,0.00020833333333333335,0.22341435010275007
0.005,0.001,23100,0.0002074688796680498,0.2247567614809074
0.005,0.001,23200,0.0002066115702479339,0.22599722454123716
0.005,0.001,23300,0.00020576131687242798,0.22314706471952858
0.005,0.001,23400,0.00020491803278688525,0.22315594378643244
0.005,0.001,23500,0.00020408163265306123,0.2272653381079476
0.005,0.001,23600,0.0002032520325203252,0.2222411340683396
0.005,0.001,23700,0.00020242914979757087,0.2209995072048872
0.005,0.001,23800,0.00020161290322580645,0.24204569061677256
0.005,0.001,23900,0.0002008032128514056,0.22360293915876478
0.005,0.001,24000,0.0002,0.22669883260814766
0.005,0.001,24100,0.000199203187250996,0.23003718207538668
0.005,0.001,24200,0.0001984126984126984,0.22293750056367634
0.005,0.001,24300,0.0001976284584980237,0.2231850354303319
0.005,0.001,24400,0.0001968503937007874,0.23424907664836883
0.005,0.001,24500,0.000196078431372549,0.2247428408820882
0.005,0.001,24600,0.00019531249999999998,0.22294348475136494
0.005,0.001,24700,0.0001945525291828794,0.22274178576060233
0.005,0.001,24800,0.0001937984496124031,0.22046531525822716
0.005,0.001,24900,0.00019305019305019305,0.22259883398935898
0.005,0.001,25000,0.0001923076923076923,0.22172526769914366
0.005,0.001,25100,0.00019157088122605365,0.21945676986352863
0.005,0.001,25200,0.00019083969465648855,0.2237388439593367
0.005,0.001,25300,0.00019011406844106463,0.22516610776632862
0.005,0.001,25400,0.0001893939393939394,0.22331466304949882
0.005,0.001,25500,0.00018867924528301886,0.2427777384093478
0.005,0.001,25600,0.00018796992481203006,0.22079781784951716
0.005,0.001,25700,0.00018726591760299626,0.22104237565601606
0.005,0.001,25800,0.00018656716417910448,0.22070445355203117
0.005,0.001,25900,0.0001858736059479554,0.22156568679303115
0.005,0.001,26000,0.00018518518518518518,0.22320686068114184
0.005,0.001,26100,0.00018450184501845018,0.2214274592817341
0.005,0.001,26200,0.0001838235294117647,0.23123423135701077
0.005,0.001,26300,0.00018315018315018315,0.2231091590860586
0.005,0.001,26400,0.0001824817518248175,0.21947229821964154
0.005,0.001,26500,0.00018181818181818183,0.23983644769417878
0.005,0.001,26600,0.00018115942028985507,0.2774054004258809
0.005,0.001,26700,0.0001805054151624549,0.2572895090071224
0.005,0.001,26800,0.00017985611510791367,0.21935738111043548
0.005,0.001,26900,0.00017921146953405018,0.3188048328303675
0.005,0.001,27000,0.00017857142857142857,0.2222487868252616
0.005,0.001,27100,0.0001779359430604982,0.2205590262084815
0.005,0.001,27200,0.0001773049645390071,0.2238519431250587
0.005,0.001,27300,0.00017667844522968197,0.22057121281962047
0.005,0.001,27400,0.000176056338028169,0.22282157600581118
0.005,0.001,27500,0.00017543859649122808,0.2205066720813694
0.005,0.001,27600,0.00017482517482517483,0.22122271403971916
0.005,0.001,27700,0.00017421602787456446,0.22099155500362935
0.005,0.001,27800,0.00017361111111111112,0.21986217662751034
0.005,0.001,27900,0.00017301038062283736,0.22130086986676734
0.005,0.001,28000,0.0001724137931034483,0.22104957532248268
0.005,0.001,28100,0.00017182130584192438,0.22172644591041302
0.005,0.001,28200,0.00017123287671232877,0.21969684607597695
0.005,0.001,28300,0.00017064846416382253,0.219908761673321
0.005,0.001,28400,0.00017006802721088434,0.22007423852999847
0.005,0.001,28500,0.00016949152542372882,0.22061359395931787
0.005,0.001,28600,0.0001689189189189189,0.2198317806087138
0.005,0.001,28700,0.00016835016835016836,0.22369805121458985
0.005,0.001,28800,0.00016778523489932885,0.2475490596289989
0.005,0.001,28900,0.00016722408026755852,0.21999756940637302
0.005,0.001,29000,0.00016666666666666666,0.22171052868718608
0.005,0.001,29100,0.0001661129568106312,0.2302898718540891
0.005,0.001,29200,0.00016556291390728477,0.21977067469479536
0.005,0.001,29300,0.00016501650165016502,0.2204493711129939
0.005,0.001,29400,0.0001644736842105263,0.22181935541904702
0.005,0.001,29500,0.0001639344262295082,0.2224671601569706
0.005,0.001,29600,0.0001633986928104575,0.22026274724146458
0.005,0.001,29700,0.00016286644951140066,0.22023580996824815
0.005,0.001,29800,0.00016233766233766234,0.22410737492576072
0.005,0.001,29900,0.00016181229773462783,0.22101997032913068
0.005,0.001,30000,0.00016129032258064516,0.2190888063077708
0.005,0.001,30100,0.0001607717041800643,0.21922042263934005
0.005,0.001,30200,0.00016025641025641026,0.22371190071694455
0.005,0.001,30300,0.0001597444089456869,0.21901551594175422
0.005,0.001,30400,0.0001592356687898089,0.22285708305425203
0.005,0.001,30500,0.00015873015873015873,0.2375205954124164
0.005,0.001,30600,0.00015822784810126583,0.21959358825516637
0.005,0.001,30700,0.0001577287066246057,0.21993586701709958
0.005,0.001,30800,0.00015723270440251572,0.22244796759590738
0.005,0.001,30900,0.0001567398119122257,0.21943509560170102
0.005,0.001,31000,0.00015625,0.28110097097988923
0.005,0.001,31100,0.00015576323987538941,0.22099055231233114
0.005,0.001,31200,0.00015527950310559004,0.21863828222393067
0.005,0.001,31300,0.00015479876160990713,0.2201454330024282
0.005,0.001,31400,0.00015432098765432096,0.2191647385468994
0.005,0.001,31500,0.00015384615384615385,0.22224116394292373
0.005,0.001,31600,0.00015337423312883436,0.21974614120490737
0.005,0.001,31700,0.0001529051987767584,0.22102761337319637
0.005,0.001,31800,0.00015243902439024393,0.22078233733333338
0.005,0.001,31900,0.0001519756838905775,0.24179275300086936
0.005,0.001,32000,0.00015151515151515152,0.21963382998855008
0.005,0.001,32100,0.00015105740181268882,0.22030349669730562
0.005,0.001,32200,0.0001506024096385542,0.2201912116891478
0.005,0.001,32300,0.00015015015015015017,0.221562908813363
0.005,0.001,32400,0.0001497005988023952,0.21946476239538043
0.005,0.001,32500,0.00014925373134328358,0.21952266525645522
0.005,0.001,32600,0.0001488095238095238,0.21883781659911947
0.005,0.001,32700,0.0001483679525222552,0.2187830026278183
0.005,0.001,32800,0.00014792899408284027,0.2189362794216303
0.005,0.001,32900,0.00014749262536873156,0.2189568986830389
0.005,0.001,33000,0.00014705882352941178,0.2188018613423308
0.005,0.001,33100,0.0001466275659824047,0.2184764438880117
0.005,0.001,33200,0.00014619883040935673,0.21756169725434424
0.005,0.001,33300,0.00014577259475218661,0.23317053357617512
0.005,0.001,33400,0.00014534883720930232,0.22690555912384713
0.005,0.001,33500,0.00014492753623188405,0.22849048180531106
0.005,0.001,33600,0.00014450867052023122,0.2939605461172482
0.005,0.001,33700,0.0001440922190201729,0.312626588811336
0.005,0.001,33800,0.00014367816091954025,0.22075744476532735
0.005,0.001,33900,0.00014326647564469916,0.226898779031476
0.005,0.001,34000,0.00014285714285714287,0.21961658826096309
0.005,0.001,34100,0.00014245014245014244,0.21873285526260522
0.005,0.001,34200,0.00014204545454545454,0.21892023891584717
0.005,0.001,34300,0.00014164305949008498,0.21916498388614034
0.005,0.001,34400,0.00014124293785310735,0.2186297804431392
0.005,0.001,34500,0.00014084507042253522,0.309581755604537
0.005,0.001,34600,0.00014044943820224718,0.219926980048549
0.005,0.001,34700,0.00014005602240896358,0.22042923862307762
0.005,0.001,34800,0.00013966480446927373,0.23343184228391972
0.005,0.001,34900,0.0001392757660167131,0.22145666888233323
0.005,0.001,35000,0.0001388888888888889,0.21922865951594556
0.005,0.001,35100,0.00013850415512465372,0.21738974592226792
0.005,0.001,35200,0.00013812154696132595,0.21823135446132086
0.005,0.001,35300,0.0001377410468319559,0.2182769210265636
0.005,0.001,35400,0.00013736263736263736,0.2335865110304373
0.005,0.001,35500,0.000136986301369863,0.22694442688467278
0.005,0.001,35600,0.0001366120218579235,0.21683417928493626
0.005,0.001,35700,0.00013623978201634875,0.21834059387528157
0.005,0.001,35800,0.00013586956521739128,0.2560070128088612
0.005,0.001,35900,0.00013550135501355014,0.24092448117818416
0.005,0.001,36000,0.00013513513513513514,0.2184113199155695
0.005,0.001,36100,0.0001347708894878706,0.24628816474986165
0.005,0.001,36200,0.00013440860215053763,0.21925641864191095
0.005,0.001,36300,0.00013404825737265414,0.21931363879665272
0.005,0.001,36400,0.00013368983957219252,0.2184254877659691
0.005,0.001,36500,0.00013333333333333334,0.21826073418894215
0.005,0.001,36600,0.00013297872340425532,0.21818510661292084
0.005,0.001,36700,0.0001326259946949602,0.22077203978567483
0.005,0.001,36800,0.00013227513227513226,0.2943374634412143
0.005,0.001,36900,0.00013192612137203166,0.21766264188939594
0.005,0.001,37000,0.00013157894736842105,0.22251064037091273
0.005,0.001,37100,0.00013123359580052493,0.22650905011914504
0.005,0.001,37200,0.00013089005235602093,0.2181018240432147
0.005,0.001,37300,0.00013054830287206266,0.21848989559822551
0.005,0.001,37400,0.00013020833333333333,0.21705249315016406
0.005,0.001,37500,0.00012987012987012987,0.2502562934289088
0.005,0.001,37600,0.00012953367875647668,0.22783034921124923
0.005,0.001,37700,0.00012919896640826872,0.2178433749670184
0.005,0.001,37800,0.00012886597938144327,0.2204852558633908
0.005,0.001,37900,0.00012853470437017997,0.26970068608704667
0.005,0.001,38000,0.0001282051282051282,0.2298984133957037
0.005,0.001,38100,0.0001278772378516624,0.21969461214291525
0.005,0.001,38200,0.00012755102040816325,0.2173690746528553
0.005,0.001,38300,0.0001272264631043257,0.2335587747404155
0.005,0.001,38400,0.0001269035532994924,0.21664019401299853
0.005,0.001,38500,0.00012658227848101267,0.21933950793997198
0.005,0.001,38600,0.00012626262626262626,0.21784141231043627
0.005,0.001,38700,0.00012594458438287153,0.220877508671765
0.005,0.001,38800,0.00012562814070351757,0.21781371797577512
0.005,0.001,38900,0.00012531328320802005,0.21918904820608606
0.005,0.001,39000,0.000125,0.21722967491273135
0.005,0.001,39100,0.00012468827930174563,0.21732349530592132
0.005,0.001,39200,0.0001243781094527363,0.23241335968625795
0.005,0.001,39300,0.00012406947890818859,0.21896052810090888
0.005,0.001,39400,0.00012376237623762376,0.22040807590969225
0.005,0.001,39500,0.0001234567901234568,0.22471878755887678
0.005,0.001,39600,0.0001231527093596059,0.2175782088258537
0.005,0.001,39700,0.00012285012285012285,0.21645890028794373
0.005,0.001,39800,0.00012254901960784314,0.21804660284688843
0.005,0.001,39900,0.00012224938875305625,0.21665832433563703
0.005,0.001,40000,0.00012195121951219512,0.21879410833725838
0.005,0.001,40100,0.000121654501216545,0.21737232479384827
0.005,0.001,40200,0.00012135922330097087,0.21769333295207902
0.005,0.001,40300,0.00012106537530266343,0.21769774697406497
0.005,0.001,40400,0.00012077294685990339,0.21711268208459034
0.005,0.001,40500,0.00012048192771084338,0.21682449518708902
0.005,0.001,40600,0.00012019230769230769,0.21719051649047122
0.005,0.001,40700,0.0001199040767386091,0.21894618644762256
0.005,0.001,40800,0.00011961722488038277,0.21837268602114737
0.005,0.001,40900,0.00011933174224343676,0.21728266949610944
0.005,0.001,41000,0.00011904761904761905,0.21698091345638643
0.005,0.001,41100,0.00011876484560570071,0.21768834443918778
0.005,0.001,41200,0.00011848341232227487,0.22646824798106838
0.005,0.001,41300,0.00011820330969267139,0.21701441820249348
0.005,0.001,41400,0.0001179245283018868,0.21777952123482255
0.005,0.001,41500,0.00011764705882352942,0.25554142825189674
0.005,0.001,41600,0.00011737089201877934,0.21999458139470404
0.005,0.001,41700,0.000117096018735363,0.21692282238781901
0.005,0.001,41800,0.00011682242990654205,0.21663421276909622
0.005,0.001,41900,0.00011655011655011655,0.22003658871990128
0.005,0.001,42000,0.00011627906976744187,0.2169765272946122
0.005,0.001,42100,0.0001160092807424594,0.21583217551823577
0.005,0.001,42200,0.00011574074074074073,0.21884819095907093
0.005,0.001,42300,0.00011547344110854502,0.21620255806561095
0.005,0.001,42400,0.0001152073732718894,0.2177354913804435
0.005,0.001,42500,0.00011494252873563218,0.3075448600746048
0.005,0.001,42600,0.0001146788990825688,0.21968606749208863
0.005,0.001,42700,0.00011441647597254004,0.21841565782826752
0.005,0.001,42800,0.00011415525114155251,0.22669272291470105
0.005,0.001,42900,0.00011389521640091117,0.3363517990843309
0.005,0.001,43000,0.00011363636363636364,0.2280896435109707
0.005,0.001,43100,0.00011337868480725623,0.22910797700212168
0.005,0.001,43200,0.00011312217194570135,0.21704461310115475
0.005,0.001,43300,0.0001128668171557562,0.21717181535761082
0.005,0.001,43400,0.00011261261261261261,0.21608224850908758
0.005,0.001,43500,0.00011235955056179776,0.21716722464497207
0.005,0.001,43600,0.00011210762331838565,0.21799901613085754
0.005,0.001,43700,0.00011185682326621923,0.21622834479535605
0.005,0.001,43800,0.00011160714285714285,0.21783747861716735
0.005,0.001,43900,0.00011135857461024499,0.2169801823757131
0.005,0.001,44000,0.00011111111111111112,0.23735846407905464
0.005,0.001,44100,0.00011086474501108647,0.21731394561826617
0.005,0.001,44200,0.00011061946902654867,0.21629074573589688
0.005,0.001,44300,0.00011037527593818983,0.22400159085713184
0.005,0.001,44400,0.00011013215859030837,0.21567531480013888
0.005,0.001,44500,0.00010989010989010989,0.2179896061050179
0.005,0.001,44600,0.00010964912280701755,0.2182888067062904
0.005,0.001,44700,0.00010940919037199124,0.23411716430439702
0.005,0.001,44800,0.00010917030567685588,0.21567852646836752
0.005,0.001,44900,0.00010893246187363835,0.21688347503640434
0.005,0.001,45000,0.00010869565217391305,0.21634479353143973
0.005,0.001,45100,0.00010845986984815618,0.2153912366771686
0.005,0.001,45200,0.00010822510822510823,0.2192590819105827
0.005,0.001,45300,0.00010799136069114471,0.22322964706454548
0.005,0.001,45400,0.00010775862068965518,0.21656549893813676
0.005,0.001,45500,0.00010752688172043011,0.21641791163885404
0.005,0.001,45600,0.00010729613733905579,0.2472746354437791
0.005,0.001,45700,0.00010706638115631691,0.21546216666389703
0.005,0.001,45800,0.00010683760683760682,0.21570369600161687
0.005,0.001,45900,0.00010660980810234542,0.21717249406966974
0.005,0.001,46000,0.00010638297872340425,0.21586131105717282
0.005,0.001,46100,0.00010615711252653928,0.23029168074083706
0.005,0.001,46200,0.0001059322033898305,0.216087424085684
0.005,0.001,46300,0.00010570824524312896,0.21621121306543514
0.005,0.001,46400,0.00010548523206751055,0.216018681494595
0.005,0.001,46500,0.00010526315789473685,0.24036876200695262
0.005,0.001,46600,0.00010504201680672268,0.21623340655635945
0.005,0.001,46700,0.00010482180293501048,0.21536973802905718
0.005,0.001,46800,0.00010460251046025104,0.21687360212005996
0.005,0.001,46900,0.00010438413361169103,0.21566795779874426
0.005,0.001,47000,0.00010416666666666667,0.21779079841933532
0.005,0.001,47100,0.00010395010395010396,0.21528038630135535
0.005,0.001,47200,0.0001037344398340249,0.24685444501120335
0.005,0.001,47300,0.00010351966873706004,0.22394095675551604
0.005,0.001,47400,0.00010330578512396695,0.21813793639339976
0.005,0.001,47500,0.00010309278350515464,0.21933168602639644
0.005,0.001,47600,0.00010288065843621399,0.2160645513506731
0.005,0.001,47700,0.0001026694045174538,0.21752910166714365
0.005,0.001,47800,0.00010245901639344262,0.2174583985929515
0.005,0.001,47900,0.00010224948875255624,0.21574252673385436
0.005,0.001,48000,0.00010204081632653062,0.21622892497365567
0.005,0.001,48100,0.00010183299389002037,0.2158690265431301
0.005,0.001,48200,0.0001016260162601626,0.21668725574655184
0.005,0.001,48300,0.00010141987829614604,0.217213803056537
0.005,0.001,48400,0.00010121457489878543,0.21684303791058301
0.005,0.001,48500,0.00010101010101010101,0.2162690711927685
0.005,0.001,48600,0.00010080645161290323,0.21577026550705058
0.005,0.001,48700,0.00010060362173038229,0.21715232969684112
0.005,0.001,48800,0.0001004016064257028,0.21670329468870791
0.005,0.001,48900,0.0001002004008016032,0.21547749927842896
0.005,0.001,49000,0.0001,0.3215977360434416
0.005,0.001,49100,9.98003992015968e-05,0.2159201826725383
0.005,0.001,49200,9.9601593625498e-05,0.21515477102810995
0.005,0.001,49300,9.940357852882703e-05,0.2159980003996093
0.005,0.001,49400,9.92063492063492e-05,0.21563510734185778
0.005,0.001,49500,9.900990099009902e-05,0.2162209182654558
0.005,0.001,49539,9.893349690338154e-05,0.2143955217021247
0.005,0.001,49600,9.881422924901186e-05,0.21580599657551602
0.005,0.001,49700,9.861932938856015e-05,0.21603940652737064
0.005,0.001,49800,9.84251968503937e-05,0.21545480306363907
0.005,0.001,49900,9.823182711198429e-05,0.21617232918999615
0.005,0.001,49999,9.804113806153061e-05,0.21602601747108707
0.005,0.01,0,0.005,8.700000000000001
0.005,0.01,100,0.0025,0.5225864371657075
0.005,0.01,200,0.0016666666666666668,0.46923515784129044
0.005,0.01,300,0.00125,0.3319779100985776
0.005,0.01,400,0.001,0.3011325913816834
0.005,0.01,500,0.0008333333333333334,0.2839309573006086
0.005,0.01,600,0.0007142857142857143,0.30393845276696674
0.005,0.01,700,0.000625,0.26414259411819885
0.005,0.01,800,0.0005555555555555556,0.25642178743261346
0.005,0.01,900,0.0005,0.2624617583440547
0.005,0.01,1000,0.00045454545454545455,0.24838065687921318
0.005,0.01,1100,0.0004166666666666667,0.24889518555021395
0.005,0.01,1200,0.0003846153846153846,0.23868184656199404
0.005,0.01,1300,0.00035714285714285714,0.2365280282105191
0.005,0.01,1400,0.0003333333333333333,0.23648197372902496
0.005,0.01,1500,0.0003125,0.23274360010545392
0.005,0.01,1600,0.00029411764705882356,0.23416487987226392
0.005,0.01,1700,0.0002777777777777778,0.23667926090374886
0.005,0.01,1800,0.0002631578947368421,0.23179578357281702
0.005,0.01,1900,0.00025,0.22916613175929165
0.005,0.01,2000,0.0002380952380952381,0.2470807038349956
0.005,0.01,2100,0.00022727272727272727,0.22700748010627278
0.005,0.01,2200,0.0002173913043478261,0.25327859510109413
0.005,0.01,2300,0.00020833333333333335,0.25612459265552884
0.005,0.01,2400,0.0002,0.29962865556317597
0.005,0.01,2500,0.0001923076923076923,0.22301497620785932
0.005,0.01,2600,0.00018518518518518518,0.22359341053900897
0.005,0.01,2700,0.00017857142857142857,0.2220339180923399
0.005,0.01,2800,0.0001724137931034483,0.2221657321897346
0.005,0.01,2900,0.00016666666666666666,0.2214212734059722
0.005,0.01,3000,0.00016129032258064516,0.31983165297448923
0.005,0.01,3100,0.00015625,0.22101123680958207
0.005,0.01,3200,0.00015151515151515152,0.2212513813017352
0.005,0.01,3300,0.00014705882352941178,0.32298739541370414
0.005,0.01,3400,0.00014285714285714287,0.22007286562981127
0.005,0.01,3500,0.0001388888888888889,0.295133951941688
0.005,0.01,3600,0.00013513513513513514,0.21923453184441394
0.005,0.01,3700,0.00013157894736842105,0.22639976257048716
0.005,0.01,3800,0.0001282051282051282,0.22101493764464875
0.005,0.01,3900,0.000125,0.21915040914007727
0.005,0.01,4000,0.00012195121951219512,0.2190091109301685
0.005,0.01,4100,0.00011904761904761905,0.2187101137320623
0.005,0.01,4200,0.00011627906976744187,0.28592777047084134
0.005,0.01,4300,0.00011363636363636364,0.21767639336610878
0.005,0.01,4400,0.00011111111111111112,0.2689539140200855
0.005,0.01,4500,0.00010869565217391305,0.21787652891677453
0.005,0.01,4600,0.00010638297872340425,0.21603152805160525
0.005,0.01,4700,0.00010416666666666667,0.21964654930302302
0.005,0.01,4800,0.00010204081632653062,0.21786762737600926
0.005,0.01,4900,0.0001,0.21768694341613748
0.005,0.01,5000,9.80392156862745e-05,0.21742606296149342
0.005,0.01,5100,9.615384615384615e-05,0.21744424235429713
0.005,0.01,5200,9.433962264150943e-05,0.22141966050229592
0.005,0.01,5300,9.259259259259259e-05,0.21641806050358903
0.005,0.01,5400,9.090909090909092e-05,0.2159106674967723
0.005,0.01,5500,8.928571428571429e-05,0.21526872436862954
0.005,0.01,5600,8.771929824561404e-05,0.21617109421001043
0.005,0.01,5700,8.620689655172414e-05,0.2155229626186832
0.005,0.01,5800,8.474576271186441e-05,0.2228035690608422
0.005,0.01,5900,8.333333333333333e-05,0.23005045829249232
0.005,0.01,6000,8.19672131147541e-05,0.21505171503765325
0.005,0.01,6100,8.064516129032258e-05,0.21645127687483928
0.005,0.01,6200,7.936507936507937e-05,0.21532235893510032
0.005,0.01,6300,7.8125e-05,0.21510222328681472
0.005,0.01,6400,7.692307692307693e-05,0.21504345575999428
0.005,0.01,6500,7.575757575757576e-05,0.21460963230602098
0.005,0.01,6600,7.462686567164179e-05,0.2149185177820591
0.005,0.01,6700,7.352941176470589e-05,0.21502708527429737
0.005,0.01,6800,7.246376811594203e-05,0.216786159037142
0.005,0.01,6900,7.142857142857143e-05,0.22349978225292466
0.005,0.01,7000,7.042253521126761e-05,0.21395720056061024
0.005,0.01,7100,6.944444444444444e-05,0.21435594029551222
0.005,0.01,7200,6.84931506849315e-05,0.21420148596376826
0.005,0.01,7300,6.756756756756757e-05,0.2532651858900444
0.005,0.01,7400,6.666666666666667e-05,0.2149209821289216
0.005,0.01,7500,6.578947368421052e-05,0.2143280121854392
0.005,0.01,7600,6.493506493506494e-05,0.21397552265910658
0.005,0.01,7700,6.41025641025641e-05,0.21470036293855682
0.005,0.01,7800,6.329113924050633e-05,0.21420853021872585
0.005,0.01,7900,6.25e-05,0.21411750509162883
0.005,0.01,8000,6.17283950617284e-05,0.21413325776147138
0.005,0.01,8100,6.097560975609756e-05,0.2137435795063719
0.005,0.01,8200,6.024096385542169e-05,0.21852299065377298
0.005,0.01,8300,5.9523809523809524e-05,0.21431631619175728
0.005,0.01,8400,5.882352941176471e-05,0.21380307217391104
0.005,0.01,8500,5.8139534883720933e-05,0.21342279580409104
0.005,0.01,8600,5.747126436781609e-05,0.2139744689401476
0.005,0.01,8700,5.681818181818182e-05,0.2136048200407839
0.005,0.01,8800,5.617977528089888e-05,0.21757802139453478
0.005,0.01,8900,5.555555555555556e-05,0.21367984602148982
0.005,0.01,9000,5.4945054945054945e-05,0.2134296957640902
0.005,0.01,9100,5.4347826086956524e-05,0.2154216467551864
0.005,0.01,9200,5.3763440860215054e-05,0.21309261526042458
0.005,0.01,9300,5.319148936170213e-05,0.2134712184815591
0.005,0.01,9400,5.2631578947368424e-05,0.21365797321765723
0.005,0.01,9500,5.208333333333334e-05,0.22179621966851287
0.005,0.01,9600,5.154639175257732e-05,0.21320816057639924
0.005,0.01,9700,5.102040816326531e-05,0.21312262828092154
0.005,0.01,9800,5.0505050505050505e-05,0.21296787727300945
0.005,0.01,9900,5e-05,0.21349004705301294
0.005,0.01,10000,4.950495049504951e-05,0.21522657666905276
0.005,0.01,10100,4.901960784313725e-05,0.21329714784806503
0.005,0.01,10200,4.854368932038835e-05,0.21290324419008713
0.005,0.01,10300,4.807692307692308e-05,0.21525315625952612
0.005,0.01,10400,4.761904761904762e-05,0.21283195182074163
0.005,0.01,10500,4.7169811320754715e-05,0.21320474264284456
0.005,0.01,10600,4.672897196261682e-05,0.2144401041092102
0.005,0.01,10700,4.6296296296296294e-05,0.21286282671068782
0.005,0.01,10800,4.587155963302752e-05,0.21689675050492468
0.005,0.01,10900,4.545454545454546e-05,0.2132344202240974
0.005,0.01,11000,4.5045045045045046e-05,0.2132422624772493
0.005,0.01,11100,4.464285714285714e-05,0.21272861457000533
0.005,0.01,11200,4.424778761061947e-05,0.2126865066100483
0.005,0.01,11300,4.385964912280702e-05,0.21763676582588454
0.005,0.01,11400,4.347826086956522e-05,0.2125854484368046
0.005,0.01,11500,4.310344827586207e-05,0.21240374174168852
0.005,0.01,11600,4.2735042735042735e-05,0.2129112324518069
0.005,0.01,11700,4.2372881355932206e-05,0.21393341407299873
0.005,0.01,11800,4.201680672268908e-05,0.21264746072247742
0.005,0.01,11900,4.1666666666666665e-05,0.21308068665939026
0.005,0.01,12000,4.132231404958678e-05,0.21288330159090582
0.005,0.01,12100,4.098360655737705e-05,0.21187086660191087
0.005,0.01,12200,4.065040650406504e-05,0.2207031661675315
0.005,0.01,12300,4.032258064516129e-05,0.2123183229606428
0.005,0.01,12400,4e-05,0.21212065249687714
0.005,0.01,12500,3.968253968253968e-05,0.21222819109015098
0.005,0.01,12600,3.937007874015748e-05,0.21244952596313138
0.005,0.01,12700,3.90625e-05,0.21208508660563444
0.005,0.01,12800,3.875968992248062e-05,0.21504843247189376
0.005,0.01,12900,3.846153846153846e-05,0.21261788118769964
0.005,0.01,13000,3.816793893129771e-05,0.2125546625769322
0.005,0.01,13100,3.787878787878788e-05,0.21253856435126248
0.005,0.01,13200,3.759398496240601e-05,0.2141689300736153
0.005,0.01,13300,3.7313432835820896e-05,0.2117896789460559
0.005,0.01,13400,3.7037037037037037e-05,0.212340436948463
0.005,0.01,13500,3.6764705882352945e-05,0.23355260411978038
0.005,0.01,13600,3.649635036496351e-05,0.2236148962935103
0.005,0.01,13700,3.6231884057971014e-05,0.21279008740478475
0.005,0.01,13800,3.597122302158273e-05,0.21230963333016506
0.005,0.01,13900,3.571428571428572e-05,0.21225186385479822
0.005,0.01,14000,3.546099290780142e-05,0.21194699876070544
0.005,0.01,14100,3.5211267605633805e-05,0.2119887797971462
0.005,0.01,14200,3.4965034965034965e-05,0.21988937656564725
0.005,0.01,14300,3.472222222222222e-05,0.2120836669463017
0.005,0.01,14400,3.4482758620689657e-05,0.22596442092426075
0.005,0.01,14500,3.424657534246575e-05,0.21235477367870342
0.005,0.01,14600,3.401360544217687e-05,0.21167450517625297
0.005,0.01,14700,3.3783783783783784e-05,0.21167863548331425
0.005,0.01,14800,3.3557046979865775e-05,0.21231340005420943
0.005,0.01,14900,3.3333333333333335e-05,0.21346853183480952
0.005,0.01,15000,3.3112582781456954e-05,0.21283844408140326
0.005,0.01,15100,3.289473684210526e-05,0.211827335782914
0.005,0.01,15200,3.2679738562091506e-05,0.2118275090456338
0.005,0.01,15300,3.246753246753247e-05,0.21194844163076956
0.005,0.01,15400,3.2258064516129034e-05,0.21175521124737154
0.005,0.01,15500,3.205128205128205e-05,0.2114690488108411
0.005,0.01,15600,3.184713375796179e-05,0.21407918115446184
0.005,0.01,15700,3.1645569620253167e-05,0.21190204977068022
0.005,0.01,15800,3.144654088050314e-05,0.2116101533678471
0.005,0.01,15900,3.125e-05,0.2117083411501601
0.005,0.01,16000,3.1055900621118014e-05,0.2115106489919381
0.005,0.01,16100,3.08641975308642e-05,0.21266378730204905
0.005,0.01,16200,3.067484662576687e-05,0.21234688476405356
0.005,0.01,16300,3.048780487804878e-05,0.21160693514238546
0.005,0.01,16400,3.0303030303030302e-05,0.21177873974440492
0.005,0.01,16500,3.0120481927710845e-05,0.22076244816416787
0.005,0.01,16600,2.994011976047904e-05,0.21149305082556824
0.005,0.01,16700,2.9761904761904762e-05,0.21174503034122436
0.005,0.01,16800,2.9585798816568047e-05,0.21234385169880807
0.005,0.01,16900,2.9411764705882354e-05,0.21149586819036048
0.005,0.01,17000,2.9239766081871346e-05,0.21208834562781304
0.005,0.01,17100,2.9069767441860467e-05,0.2114023690861506
0.005,0.01,17200,2.8901734104046242e-05,0.21177560812910512
0.005,0.01,17300,2.8735632183908045e-05,0.21134003644417096
0.005,0.01,17400,2.857142857142857e-05,0.21149077612298878
0.005,0.01,17500,2.840909090909091e-05,0.21156297941629648
0.005,0.01,17600,2.824858757062147e-05,0.21172076405739973
0.005,0.01,17700,2.808988764044944e-05,0.21131552200635234
0.005,0.01,17800,2.793296089385475e-05,0.21188766195922087
0.005,0.01,17900,2.777777777777778e-05,0.2119380277370797
0.005,0.01,18000,2.7624309392265193e-05,0.21145335859047926
0.005,0.01,18100,2.7472527472527473e-05,0.21431866452067383
0.005,0.01,18200,2.73224043715847e-05,0.21335324615090553
0.005,0.01,18300,2.7173913043478262e-05,0.2112904825181336
0.005,0.01,18400,2.7027027027027027e-05,0.22051904644447257
0.005,0.01,18500,2.6881720430107527e-05,0.21129881427649183
0.005,0.01,18600,2.6737967914438505e-05,0.23773331030192255
0.005,0.01,18700,2.6595744680851064e-05,0.21159686982695222
0.005,0.01,18800,2.6455026455026456e-05,0.21150065874152
0.005,0.01,18900,2.6315789473684212e-05,0.21121661385261564
0.005,0.01,19000,2.6178010471204188e-05,0.2113079333096597
0.005,0.01,19100,2.604166666666667e-05,0.2112184947549398
0.005,0.01,19200,2.5906735751295337e-05,0.21131631408579518
0.005,0.01,19300,2.577319587628866e-05,0.2113211755827283
0.005,0.01,19400,2.5641025641025643e-05,0.21156522747339532
0.005,0.01,19500,2.5510204081632654e-05,0.22231292810334347
0.005,0.01,19600,2.5380710659898476e-05,0.2111580743764271
0.005,0.01,19700,2.5252525252525253e-05,0.2112859088577546
0.005,0.01,19800,2.5125628140703518e-05,0.21389300516162058
0.005,0.01,19900,2.5e-05,0.2111277970212678
0.005,0.01,20000,2.4875621890547263e-05,0.21220834172694095
0.005,0.01,20100,2.4752475247524754e-05,0.2112507381989962
0.005,0.01,20200,2.4630541871921184e-05,0.22768893464263876
0.005,0.01,20300,2.4509803921568626e-05,0.21482372868840366
0.005,0.01,20400,2.4390243902439026e-05,0.21148079483172585
0.005,0.01,20500,2.4271844660194176e-05,0.2114167903840409
0.005,0.01,20600,2.4154589371980676e-05,0.2236918951212458
0.005,0.01,20700,2.403846153846154e-05,0.21112197282547485
0.005,0.01,20800,2.3923444976076556e-05,0.21240340355270054
0.005,0.01,20900,2.380952380952381e-05,0.21126115087046016
0.005,0.01,21000,2.3696682464454976e-05,0.2110882749639572
0.005,0.01,21100,2.3584905660377357e-05,0.21104790806858015
0.005,0.01,21200,2.347417840375587e-05,0.21123326803198864
0.005,0.01,21300,2.336448598130841e-05,0.21290807943104514
0.005,0.01,21400,2.3255813953488374e-05,0.21083556204343587
0.005,0.01,21500,2.3148148148148147e-05,0.21103063911477213
0.005,0.01,21600,2.304147465437788e-05,0.21156328450480166
0.005,0.01,21700,2.293577981651376e-05,0.21534968020844972
0.005,0.01,21800,2.2831050228310503e-05,0.2109856228257617
0.005,0.01,21900,2.272727272727273e-05,0.21103363929224642
0.005,0.01,22000,2.262443438914027e-05,0.21111964652079335
0.005,0.01,22100,2.2522522522522523e-05,0.21116580292156095
0.005,0.01,22200,2.242152466367713e-05,0.21795799960555032
0.005,0.01,22300,2.232142857142857e-05,0.21098652915047458
0.005,0.01,22400,2.2222222222222223e-05,0.21148306957204338
0.005,0.01,22500,2.2123893805309735e-05,0.2117176829508335
0.005,0.01,22600,2.2026431718061676e-05,0.21406225351530672
0.005,0.01,22700,2.192982456140351e-05,0.21101633281951424
0.005,0.01,22800,2.183406113537118e-05,0.21839699073365795
0.005,0.01,22900,2.173913043478261e-05,0.2114718881485689
0.005,0.01,23000,2.1645021645021645e-05,0.21277477448132537
0.005,0.01,23100,2.1551724137931036e-05,0.21119339946124335
0.005,0.01,23200,2.145922746781116e-05,0.21095549859753118
0.005,0.01,23300,2.1367521367521368e-05,0.21154608555194795
0.005,0.01,23400,2.1276595744680852e-05,0.21130108990716445
0.005,0.01,23500,2.1186440677966103e-05,0.21090144701164032
0.005,0.01,23600,2.109704641350211e-05,0.2109507322919547
0.005,0.01,23700,2.100840336134454e-05,0.21094355757806635
0.005,0.01,23800,2.092050209205021e-05,0.21088173169750063
0.005,0.01,23900,2.0833333333333333e-05,0.21106408105616617
0.005,0.01,24000,2.074688796680498e-05,0.21084245841127622
0.005,0.01,24100,2.066115702479339e-05,0.21072600939070882
0.005,0.01,24200,2.05761316872428e-05,0.2109502800888667
0.005,0.01,24300,2.0491803278688525e-05,0.21944433935914445
0.005,0.01,24400,2.0408163265306123e-05,0.21089493981935364
0.005,0.01,24500,2.032520325203252e-05,0.21077975521907966
0.005,0.01,24600,2.0242914979757085e-05,0.21092921001675125
0.005,0.01,24700,2.0161290322580645e-05,0.21085070025122277
0.005,0.01,24800,2.0080321285140562e-05,0.2108308077502677
0.005,0.01,24900,2e-05,0.22504204943648987
0.005,0.01,25000,1.9920318725099602e-05,0.21095132677645134
0.005,0.01,25100,1.984126984126984e-05,0.21088630806857228
0.005,0.01,25200,1.9762845849802372e-05,0.21192683671137644
0.005,0.01,25300,1.968503937007874e-05,0.21075681372889363
0.005,0.01,25400,1.9607843137254903e-05,0.21076292932856733
0.005,0.01,25500,1.953125e-05,0.21087153525756747
0.005,0.01,25600,1.945525291828794e-05,0.21105310673104596
0.005,0.01,25700,1.937984496124031e-05,0.21098317374435857
0.005,0.01,25800,1.9305019305019306e-05,0.2109776582403339
0.005,0.01,25900,1.923076923076923e-05,0.21082338793475405
0.005,0.01,26000,1.9157088122605363e-05,0.2150692580124586
0.005,0.01,26100,1.9083969465648855e-05,0.21075694562487762
0.005,0.01,26200,1.9011406844106464e-05,0.21101676587456353
0.005,0.01,26300,1.893939393939394e-05,0.21073083342817372
0.005,0.01,26400,1.8867924528301888e-05,0.21277882191679828
0.005,0.01,26500,1.8796992481203007e-05,0.21062741185621398
0.005,0.01,26600,1.8726591760299626e-05,0.2108262605928341
0.005,0.01,26700,1.8656716417910448e-05,0.21097623471737864
0.005,0.01,26800,1.858736059479554e-05,0.21064455493973655
0.005,0.01,26900,1.8518518518518518e-05,0.21075660128534388
0.005,0.01,27000,1.845018450184502e-05,0.21294864032438715
0.005,0.01,27100,1.8382352941176472e-05,0.21094958140652956
0.005,0.01,27200,1.8315018315018315e-05,0.21075461051018804
0.005,0.01,27300,1.8248175182481753e-05,0.2107351305306992
0.005,0.01,27400,1.8181818181818182e-05,0.2105886944897534
0.005,0.01,27500,1.8115942028985507e-05,0.2106956318923866
0.005,0.01,27600,1.805054151624549e-05,0.21067934789250115
0.005,0.01,27700,1.7985611510791367e-05,0.22367370461664332
0.005,0.01,27800,1.7921146953405018e-05,0.21078876674344496
0.005,0.01,27900,1.785714285714286e-05,0.21062755651159792
0.005,0.01,28000,1.779359430604982e-05,0.21068920357383666
0.005,0.01,28100,1.773049645390071e-05,0.21064143103233848
0.005,0.01,28200,1.76678445229682e-05,0.21066439204756904
0.005,0.01,28300,1.7605633802816902e-05,0.21072849432725405
0.005,0.01,28400,1.7543859649122806e-05,0.21215790770611967
0.005,0.01,28500,1.7482517482517483e-05,0.2106291886275335
0.005,0.01,28600,1.7421602787456446e-05,0.21092445148492453
0.005,0.01,28700,1.736111111111111e-05,0.21079667602805702
0.005,0.01,28800,1.730103806228374e-05,0.21079597017497198
0.005,0.01,28900,1.7241379310344828e-05,0.21133292760014108
0.005,0.01,29000,1.7182130584192442e-05,0.21134620081813937
0.005,0.01,29100,1.7123287671232875e-05,0.21068013866913055
0.005,0.01,29200,1.7064846416382253e-05,0.21053438573868294
0.005,0.01,29300,1.7006802721088435e-05,0.21072322162423623
0.005,0.01,29400,1.694915254237288e-05,0.2108436172170579
0.005,0.01,29500,1.6891891891891892e-05,0.2105628850339241
0.005,0.01,29600,1.6835016835016834e-05,0.21070526193043768
0.005,0.01,29700,1.6778523489932888e-05,0.21095199790436828
0.005,0.01,29800,1.6722408026755853e-05,0.21049240859011734
0.005,0.01,29900,1.6666666666666667e-05,0.210582837631989
0.005,0.01,30000,1.6611295681063124e-05,0.21062532945026352
0.005,0.01,30100,1.6556291390728477e-05,0.2119954473170972
0.005,0.01,30200,1.65016501650165e-05,0.21081292565948476
0.005,0.01,30300,1.644736842105263e-05,0.21070306433472127
0.005,0.01,30400,1.639344262295082e-05,0.21158695117656376
0.005,0.01,30500,1.6339869281045753e-05,0.21090434925795132
0.005,0.01,30600,1.6286644951140064e-05,0.22812637385195622
0.005,0.01,30700,1.6233766233766234e-05,0.21050509416641963
0.005,0.01,30800,1.6181229773462782e-05,0.21149391232173215
0.005,0.01,30900,1.6129032258064517e-05,0.21093365033831996
0.005,0.01,31000,1.607717041800643e-05,0.2104535937603544
0.005,0.01,31100,1.6025641025641026e-05,0.2106388331264364
0.005,0.01,31200,1.597444089456869e-05,0.2108165128980299
0.005,0.01,31300,1.5923566878980894e-05,0.21084454084855447
0.005,0.01,31400,1.5873015873015872e-05,0.21057845990256252
0.005,0.01,31500,1.5822784810126583e-05,0.21057998960220198
0.005,0.01,31600,1.577287066246057e-05,0.21060897065079176
0.005,0.01,31700,1.572327044025157e-05,0.21056382483306202
0.005,0.01,31800,1.567398119122257e-05,0.21100391771757832
0.005,0.01,31900,1.5625e-05,0.21196181045554477
0.005,0.01,32000,1.557632398753894e-05,0.21068548747391427
0.005,0.01,32100,1.5527950310559007e-05,0.210515700504281
0.005,0.01,32200,1.5479876160990712e-05,0.21064446838246964
0.005,0.01,32300,1.54320987654321e-05,0.21049774059949555
0.005,0.01,32400,1.5384615384615384e-05,0.21056370289446344
0.005,0.01,32500,1.5337423312883436e-05,0.21050347790721347
0.005,0.01,32600,1.5290519877675842e-05,0.21053114868284323
0.005,0.01,32700,1.524390243902439e-05,0.21114283670397052
0.005,0.01,32800,1.5197568389057751e-05,0.21055395957154324
0.005,0.01,32900,1.5151515151515151e-05,0.21265280955884955
0.005,0.01,33000,1.5105740181268882e-05,0.21040579517921174
0.005,0.01,33100,1.5060240963855423e-05,0.2104311186976588
0.005,0.01,33200,1.5015015015015015e-05,0.21053598925119776
0.005,0.01,33300,1.497005988023952e-05,0.21053914562700893
0.005,0.01,33400,1.4925373134328359e-05,0.2105185400226921
0.005,0.01,33500,1.4880952380952381e-05,0.21047937035018358
0.005,0.01,33600,1.483679525222552e-05,0.21051673539985435
0.005,0.01,33700,1.4792899408284024e-05,0.211482983297276
0.005,0.01,33800,1.4749262536873157e-05,0.21060705198985627
0.005,0.01,33900,1.4705882352941177e-05,0.21044468457461984
0.005,0.01,34000,1.466275659824047e-05,0.21033537078835376
0.005,0.01,34100,1.4619883040935673e-05,0.21037370253048493
0.005,0.01,34200,1.457725947521866e-05,0.2126656001274481
0.005,0.01,34300,1.4534883720930233e-05,0.2104135969226823
0.005,0.01,34400,1.4492753623188407e-05,0.2104212135453022
0.005,0.01,34500,1.4450867052023121e-05,0.21032580362143433
0.005,0.01,34600,1.4409221902017291e-05,0.21048605922808347
0.005,0.01,34700,1.4367816091954022e-05,0.21034840717829256
0.005,0.01,34800,1.4326647564469915e-05,0.2108407868782055
0.005,0.01,34900,1.4285714285714285e-05,0.21038821206447947
0.005,0.01,35000,1.4245014245014246e-05,0.21050010924848114
0.005,0.01,35100,1.4204545454545455e-05,0.21050877969158008
0.005,0.01,35200,1.4164305949008499e-05,0.2103994168470958
0.005,0.01,35300,1.4124293785310734e-05,0.2104651696475989
0.005,0.01,35400,1.4084507042253522e-05,0.21058497165007137
0.005,0.01,35500,1.404494382022472e-05,0.21039750531936635
0.005,0.01,35600,1.4005602240896359e-05,0.21044076637840442
0.005,0.01,35700,1.3966480446927374e-05,0.21233264542453387
0.005,0.01,35800,1.3927576601671309e-05,0.21209635629309917
0.005,0.01,35900,1.388888888888889e-05,0.21050177154991723
0.005,0.01,36000,1.3850415512465375e-05,0.21060434416524448
0.005,0.01,36100,1.3812154696132597e-05,0.21169345490200395
0.005,0.01,36200,1.3774104683195593e-05,0.21040740965719965
0.005,0.01,36300,1.3736263736263736e-05,0.21042127693090115
0.005,0.01,36400,1.3698630136986302e-05,0.21036694390772961
0.005,0.01,36500,1.366120218579235e-05,0.21040121805659912
0.005,0.01,36600,1.3623978201634877e-05,0.21043426168290444
0.005,0.01,36700,1.3586956521739131e-05,0.2103883018732508
0.005,0.01,36800,1.3550135501355014e-05,0.2103119327806601
0.005,0.01,36900,1.3513513513513513e-05,0.21062802425688193
0.005,0.01,37000,1.3477088948787062e-05,0.2102733408504785
0.005,0.01,37100,1.3440860215053763e-05,0.2107041891839877
0.005,0.01,37200,1.3404825737265417e-05,0.21039414060824058
0.005,0.01,37300,1.3368983957219252e-05,0.21035470298480208
0.005,0.01,37400,1.3333333333333333e-05,0.21029704728194565
0.005,0.01,37500,1.3297872340425532e-05,0.210471672837521
0.005,0.01,37600,1.3262599469496022e-05,0.21277435500467595
0.005,0.01,37700,1.3227513227513228e-05,0.21424782522740798
0.005,0.01,37800,1.3192612137203167e-05,0.21056945104284772
0.005,0.01,37900,1.3157894736842106e-05,0.21034602068225894
0.005,0.01,38000,1.3123359580052494e-05,0.21027806035424604
0.005,0.01,38100,1.3089005235602094e-05,0.2109203079713046
0.005,0.01,38200,1.3054830287206266e-05,0.21040808844823028
0.005,0.01,38300,1.3020833333333334e-05,0.21028239016460004
0.005,0.01,38400,1.2987012987012988e-05,0.2104956541326399
0.005,0.01,38500,1.2953367875647668e-05,0.2103476367770793
0.005,0.01,38600,1.2919896640826873e-05,0.21027667285804988
0.005,0.01,38700,1.288659793814433e-05,0.2109049800858662
0.005,0.01,38800,1.2853470437017995e-05,0.2112852498168401
0.005,0.01,38900,1.2820512820512822e-05,0.21046475806141632
0.005,0.01,39000,1.2787723785166241e-05,0.21031559968861124
0.005,0.01,39100,1.2755102040816327e-05,0.21033876084494676
0.005,0.01,39200,1.2722646310432571e-05,0.21026997950437737
0.005,0.01,39300,1.2690355329949238e-05,0.2103153508506202
0.005,0.01,39400,1.2658227848101267e-05,0.2102792855938151
0.005,0.01,39500,1.2626262626262626e-05,0.21030213474811657
0.005,0.01,39600,1.2594458438287154e-05,0.21031886344814799
0.005,0.01,39700,1.2562814070351759e-05,0.21037644737328764
0.005,0.01,39800,1.2531328320802006e-05,0.21148695649402194
0.005,0.01,39900,1.25e-05,0.21051165356924356
0.005,0.01,40000,1.2468827930174564e-05,0.21035404257150161
0.005,0.01,40100,1.2437810945273631e-05,0.21146058942556015
0.005,0.01,40200,1.2406947890818859e-05,0.21035686689938676
0.005,0.01,40300,1.2376237623762377e-05,0.21026339714652686
0.005,0.01,40400,1.234567901234568e-05,0.21031010819265897
0.005,0.01,40500,1.2315270935960592e-05,0.2102891375693857
0.005,0.01,40600,1.2285012285012285e-05,0.21063995885852108
0.005,0.01,40700,1.2254901960784313e-05,0.2103642144347753
0.005,0.01,40800,1.2224938875305624e-05,0.21075494136874257
0.005,0.01,40900,1.2195121951219513e-05,0.21020544990333279
0.005,0.01,41000,1.2165450121654501e-05,0.21035909824492727
0.005,0.01,41100,1.2135922330097088e-05,0.21022954116118708
0.005,0.01,41200,1.2106537530266345e-05,0.2103111929176661
0.005,0.01,41300,1.2077294685990338e-05,0.21053954243378548
0.005,0.01,41400,1.2048192771084337e-05,0.21026198277656352
0.005,0.01,41500,1.201923076923077e-05,0.2102649579308612
0.005,0.01,41600,1.1990407673860912e-05,0.21027819754709795
0.005,0.01,41700,1.1961722488038278e-05,0.21024036786851044
0.005,0.01,41800,1.1933174224343676e-05,0.21028263776269218
0.005,0.01,41900,1.1904761904761905e-05,0.21070645859889037
0.005,0.01,42000,1.1876484560570072e-05,0.2102680384501489
0.005,0.01,42100,1.1848341232227488e-05,0.21027562675172642
0.005,0.01,42200,1.182033096926714e-05,0.21615957574194514
0.005,0.01,42300,1.1792452830188679e-05,0.21064946231818904
0.005,0.01,42400,1.1764705882352942e-05,0.21488382770136968
0.005,0.01,42500,1.1737089201877934e-05,0.21025532748445083
0.005,0.01,42600,1.17096018735363e-05,0.2104038484988581
0.005,0.01,42700,1.1682242990654205e-05,0.21020483364789322
0.005,0.01,42800,1.1655011655011655e-05,0.2191304964017167
0.005,0.01,42900,1.1627906976744187e-05,0.21021973943718286
0.005,0.01,43000,1.160092807424594e-05,0.21064120040635456
0.005,0.01,43100,1.1574074074074073e-05,0.21020903353364856
0.005,0.01,43200,1.1547344110854504e-05,0.21028489180216398
0.005,0.01,43300,1.152073732718894e-05,0.2102451945562786
0.005,0.01,43400,1.1494252873563218e-05,0.2102916655934035
0.005,0.01,43500,1.146788990825688e-05,0.21104805053669307
0.005,0.01,43600,1.1441647597254004e-05,0.21132145284034556
0.005,0.01,43700,1.1415525114155251e-05,0.21037484313991497
0.005,0.01,43800,1.1389521640091117e-05,0.21018638170661358
0.005,0.01,43900,1.1363636363636365e-05,0.21029771502648678
0.005,0.01,44000,1.1337868480725624e-05,0.21110261615592654
0.005,0.01,44100,1.1312217194570136e-05,0.21014316514569042
0.005,0.01,44200,1.128668171557562e-05,0.210205267046002
0.005,0.01,44300,1.1261261261261261e-05,0.21014093745893664
0.005,0.01,44400,1.1235955056179776e-05,0.21028475358536847
0.005,0.01,44500,1.1210762331838564e-05,0.21010173334357218
0.005,0.01,44600,1.1185682326621925e-05,0.21017749036393474
0.005,0.01,44700,1.1160714285714286e-05,0.22296148947067487
0.005,0.01,44800,1.1135857461024499e-05,0.21017558656350788
0.005,0.01,44900,1.1111111111111112e-05,0.21017204784364335
0.005,0.01,45000,1.1086474501108647e-05,0.21025738331966032
0.005,0.01,45100,1.1061946902654867e-05,0.21107039322021584
0.005,0.01,45200,1.1037527593818985e-05,0.21016362999707522
0.005,0.01,45300,1.1013215859030838e-05,0.2102051429251331
0.005,0.01,45400,1.0989010989010989e-05,0.21017721676047718
0.005,0.01,45500,1.0964912280701755e-05,0.2102092548804423
0.005,0.01,45600,1.0940919037199125e-05,0.2102273184521887
0.005,0.01,45700,1.091703056768559e-05,0.21017365076153866
0.005,0.01,45800,1.0893246187363835e-05,0.21016396404214976
0.005,0.01,45900,1.0869565217391305e-05,0.21017653187944774
0.005,0.01,46000,1.0845986984815618e-05,0.21022394046669018
0.005,0.01,46100,1.0822510822510823e-05,0.21151078836200143
0.005,0.01,46200,1.0799136069114471e-05,0.21979979269886796
0.005,0.01,46300,1.0775862068965518e-05,0.21044235228800348
0.005,0.01,46400,1.0752688172043012e-05,0.21027391518744798
0.005,0.01,46500,1.072961373390558e-05,0.21016801595836718
0.005,0.01,46600,1.0706638115631692e-05,0.21020505342653945
0.005,0.01,46700,1.0683760683760684e-05,0.21025008209295362
0.005,0.01,46800,1.0660980810234541e-05,0.2101640875217437
0.005,0.01,46900,1.0638297872340426e-05,0.21016243459766606
0.005,0.01,47000,1.0615711252653929e-05,0.21014311438149816
0.005,0.01,47100,1.0593220338983052e-05,0.21020247464630815
0.005,0.01,47200,1.0570824524312897e-05,0.21017726305983633
0.005,0.01,47300,1.0548523206751054e-05,0.21111915147967858
0.005,0.01,47400,1.0526315789473684e-05,0.21015868507504426
0.005,0.01,47500,1.050420168067227e-05,0.2101190990703456
0.005,0.01,47600,1.0482180293501048e-05,0.21015772439306646
0.005,0.01,47700,1.0460251046025105e-05,0.21019239391223982
0.005,0.01,47800,1.0438413361169103e-05,0.21007938562820397
0.005,0.01,47900,1.0416666666666666e-05,0.2102407833024761
0.005,0.01,48000,1.0395010395010395e-05,0.21868320279868586
0.005,0.01,48100,1.037344398340249e-05,0.21012762904997026
0.005,0.01,48200,1.0351966873706005e-05,0.21019806617008596
0.005,0.01,48300,1.0330578512396695e-05,0.21016018979509032
0.005,0.01,48400,1.0309278350515464e-05,0.21021604763628152
0.005,0.01,48500,1.02880658436214e-05,0.21017187983234814
0.005,0.01,48600,1.026694045174538e-05,0.211022350993937
0.005,0.01,48700,1.0245901639344262e-05,0.21067147627514124
0.005,0.01,48800,1.0224948875255623e-05,0.21009661934614082
0.005,0.01,48900,1.0204081632653061e-05,0.21008979882937906
0.005,0.01,49000,1.0183299389002036e-05,0.21013549124366607
0.005,0.01,49100,1.016260162601626e-05,0.21034811468446202
0.005,0.01,49200,1.0141987829614604e-05,0.2101610547240576
0.005,0.01,49300,1.0121457489878542e-05,0.21016258339802232
0.005,0.01,49400,1.0101010101010101e-05,0.210252613171399
0.005,0.01,49500,1.0080645161290323e-05,0.21019451935189853
0.005,0.01,49600,1.006036217303823e-05,0.210064325297382
0.005,0.01,49700,1.0040160642570281e-05,0.2100994195085567
0.005,0.01,49800,1.0020040080160322e-05,0.21005876373570417
0.005,0.01,49813,1.0017430328772065e-05,0.21000570050340653
0.005,0.01,49900,1e-05,0.21013266405400643
0.005,0.01,49999,9.980239126529471e-06,0.21016127291712378
